:0200000460009A
:100000004643464200000156000000000103030081
:1000100000000000000000000000000000000000E0
:1000200000000000000000000000000000000000D0
:1000300000000000000000000000000000000000C0
:1000400000000000010408000000000000000000A3
:100050000000800000000000000000000000000020
:100060000000000000000000000000000000000090
:100070000000000000000000000000000000000080
:10008000EB04180A063204260000000000000000FD
:10009000050404240000000000000000000000002F
:1000A0000000000000000000000000000000000050
:1000B0000604000000000000000000000000000036
:1000C0000000000000000000000000000000000030
:1000D00020041808000000000000000000000000DC
:1000E0000000000000000000000000000000000010
:1000F0000000000000000000000000000000000000
:10010000D8041808000000000000000000000000F3
:100110000204180804200000000000000000000095
:1001200000000000000000000000000000000000CF
:10013000600400000000000000000000000000005B
:1001400000000000000000000000000000000000AF
:10015000000000000000000000000000000000009F
:10016000000000000000000000000000000000008F
:10017000000000000000000000000000000000007F
:10018000000000000000000000000000000000006F
:10019000000000000000000000000000000000005F
:1001A000000000000000000000000000000000004F
:1001B000000000000000000000000000000000003F
:1001C000000100000010000001000000000000001D
:1001D000000001000000000000000000000000001E
:1001E000000000000000000000000000000000000F
:1001F00000000000000000000000000000000000FF
:10020000FFFFFFFFFFFFFFFFFFFFFFFFFFFFFFFFFE
:10021000FFFFFFFFFFFFFFFFFFFFFFFFFFFFFFFFEE
:10022000FFFFFFFFFFFFFFFFFFFFFFFFFFFFFFFFDE
:10023000FFFFFFFFFFFFFFFFFFFFFFFFFFFFFFFFCE
:10024000FFFFFFFFFFFFFFFFFFFFFFFFFFFFFFFFBE
:10025000FFFFFFFFFFFFFFFFFFFFFFFFFFFFFFFFAE
:10026000FFFFFFFFFFFFFFFFFFFFFFFFFFFFFFFF9E
:10027000FFFFFFFFFFFFFFFFFFFFFFFFFFFFFFFF8E
:10028000FFFFFFFFFFFFFFFFFFFFFFFFFFFFFFFF7E
:10029000FFFFFFFFFFFFFFFFFFFFFFFFFFFFFFFF6E
:1002A000FFFFFFFFFFFFFFFFFFFFFFFFFFFFFFFF5E
:1002B000FFFFFFFFFFFFFFFFFFFFFFFFFFFFFFFF4E
:1002C000FFFFFFFFFFFFFFFFFFFFFFFFFFFFFFFF3E
:1002D000FFFFFFFFFFFFFFFFFFFFFFFFFFFFFFFF2E
:1002E000FFFFFFFFFFFFFFFFFFFFFFFFFFFFFFFF1E
:1002F000FFFFFFFFFFFFFFFFFFFFFFFFFFFFFFFF0E
:10030000FFFFFFFFFFFFFFFFFFFFFFFFFFFFFFFFFD
:10031000FFFFFFFFFFFFFFFFFFFFFFFFFFFFFFFFED
:10032000FFFFFFFFFFFFFFFFFFFFFFFFFFFFFFFFDD
:10033000FFFFFFFFFFFFFFFFFFFFFFFFFFFFFFFFCD
:10034000FFFFFFFFFFFFFFFFFFFFFFFFFFFFFFFFBD
:10035000FFFFFFFFFFFFFFFFFFFFFFFFFFFFFFFFAD
:10036000FFFFFFFFFFFFFFFFFFFFFFFFFFFFFFFF9D
:10037000FFFFFFFFFFFFFFFFFFFFFFFFFFFFFFFF8D
:10038000FFFFFFFFFFFFFFFFFFFFFFFFFFFFFFFF7D
:10039000FFFFFFFFFFFFFFFFFFFFFFFFFFFFFFFF6D
:1003A000FFFFFFFFFFFFFFFFFFFFFFFFFFFFFFFF5D
:1003B000FFFFFFFFFFFFFFFFFFFFFFFFFFFFFFFF4D
:1003C000FFFFFFFFFFFFFFFFFFFFFFFFFFFFFFFF3D
:1003D000FFFFFFFFFFFFFFFFFFFFFFFFFFFFFFFF2D
:1003E000FFFFFFFFFFFFFFFFFFFFFFFFFFFFFFFF1D
:1003F000FFFFFFFFFFFFFFFFFFFFFFFFFFFFFFFF0D
:10040000FFFFFFFFFFFFFFFFFFFFFFFFFFFFFFFFFC
:10041000FFFFFFFFFFFFFFFFFFFFFFFFFFFFFFFFEC
:10042000FFFFFFFFFFFFFFFFFFFFFFFFFFFFFFFFDC
:10043000FFFFFFFFFFFFFFFFFFFFFFFFFFFFFFFFCC
:10044000FFFFFFFFFFFFFFFFFFFFFFFFFFFFFFFFBC
:10045000FFFFFFFFFFFFFFFFFFFFFFFFFFFFFFFFAC
:10046000FFFFFFFFFFFFFFFFFFFFFFFFFFFFFFFF9C
:10047000FFFFFFFFFFFFFFFFFFFFFFFFFFFFFFFF8C
:10048000FFFFFFFFFFFFFFFFFFFFFFFFFFFFFFFF7C
:10049000FFFFFFFFFFFFFFFFFFFFFFFFFFFFFFFF6C
:1004A000FFFFFFFFFFFFFFFFFFFFFFFFFFFFFFFF5C
:1004B000FFFFFFFFFFFFFFFFFFFFFFFFFFFFFFFF4C
:1004C000FFFFFFFFFFFFFFFFFFFFFFFFFFFFFFFF3C
:1004D000FFFFFFFFFFFFFFFFFFFFFFFFFFFFFFFF2C
:1004E000FFFFFFFFFFFFFFFFFFFFFFFFFFFFFFFF1C
:1004F000FFFFFFFFFFFFFFFFFFFFFFFFFFFFFFFF0C
:10050000FFFFFFFFFFFFFFFFFFFFFFFFFFFFFFFFFB
:10051000FFFFFFFFFFFFFFFFFFFFFFFFFFFFFFFFEB
:10052000FFFFFFFFFFFFFFFFFFFFFFFFFFFFFFFFDB
:10053000FFFFFFFFFFFFFFFFFFFFFFFFFFFFFFFFCB
:10054000FFFFFFFFFFFFFFFFFFFFFFFFFFFFFFFFBB
:10055000FFFFFFFFFFFFFFFFFFFFFFFFFFFFFFFFAB
:10056000FFFFFFFFFFFFFFFFFFFFFFFFFFFFFFFF9B
:10057000FFFFFFFFFFFFFFFFFFFFFFFFFFFFFFFF8B
:10058000FFFFFFFFFFFFFFFFFFFFFFFFFFFFFFFF7B
:10059000FFFFFFFFFFFFFFFFFFFFFFFFFFFFFFFF6B
:1005A000FFFFFFFFFFFFFFFFFFFFFFFFFFFFFFFF5B
:1005B000FFFFFFFFFFFFFFFFFFFFFFFFFFFFFFFF4B
:1005C000FFFFFFFFFFFFFFFFFFFFFFFFFFFFFFFF3B
:1005D000FFFFFFFFFFFFFFFFFFFFFFFFFFFFFFFF2B
:1005E000FFFFFFFFFFFFFFFFFFFFFFFFFFFFFFFF1B
:1005F000FFFFFFFFFFFFFFFFFFFFFFFFFFFFFFFF0B
:10060000FFFFFFFFFFFFFFFFFFFFFFFFFFFFFFFFFA
:10061000FFFFFFFFFFFFFFFFFFFFFFFFFFFFFFFFEA
:10062000FFFFFFFFFFFFFFFFFFFFFFFFFFFFFFFFDA
:10063000FFFFFFFFFFFFFFFFFFFFFFFFFFFFFFFFCA
:10064000FFFFFFFFFFFFFFFFFFFFFFFFFFFFFFFFBA
:10065000FFFFFFFFFFFFFFFFFFFFFFFFFFFFFFFFAA
:10066000FFFFFFFFFFFFFFFFFFFFFFFFFFFFFFFF9A
:10067000FFFFFFFFFFFFFFFFFFFFFFFFFFFFFFFF8A
:10068000FFFFFFFFFFFFFFFFFFFFFFFFFFFFFFFF7A
:10069000FFFFFFFFFFFFFFFFFFFFFFFFFFFFFFFF6A
:1006A000FFFFFFFFFFFFFFFFFFFFFFFFFFFFFFFF5A
:1006B000FFFFFFFFFFFFFFFFFFFFFFFFFFFFFFFF4A
:1006C000FFFFFFFFFFFFFFFFFFFFFFFFFFFFFFFF3A
:1006D000FFFFFFFFFFFFFFFFFFFFFFFFFFFFFFFF2A
:1006E000FFFFFFFFFFFFFFFFFFFFFFFFFFFFFFFF1A
:1006F000FFFFFFFFFFFFFFFFFFFFFFFFFFFFFFFF0A
:10070000FFFFFFFFFFFFFFFFFFFFFFFFFFFFFFFFF9
:10071000FFFFFFFFFFFFFFFFFFFFFFFFFFFFFFFFE9
:10072000FFFFFFFFFFFFFFFFFFFFFFFFFFFFFFFFD9
:10073000FFFFFFFFFFFFFFFFFFFFFFFFFFFFFFFFC9
:10074000FFFFFFFFFFFFFFFFFFFFFFFFFFFFFFFFB9
:10075000FFFFFFFFFFFFFFFFFFFFFFFFFFFFFFFFA9
:10076000FFFFFFFFFFFFFFFFFFFFFFFFFFFFFFFF99
:10077000FFFFFFFFFFFFFFFFFFFFFFFFFFFFFFFF89
:10078000FFFFFFFFFFFFFFFFFFFFFFFFFFFFFFFF79
:10079000FFFFFFFFFFFFFFFFFFFFFFFFFFFFFFFF69
:1007A000FFFFFFFFFFFFFFFFFFFFFFFFFFFFFFFF59
:1007B000FFFFFFFFFFFFFFFFFFFFFFFFFFFFFFFF49
:1007C000FFFFFFFFFFFFFFFFFFFFFFFFFFFFFFFF39
:1007D000FFFFFFFFFFFFFFFFFFFFFFFFFFFFFFFF29
:1007E000FFFFFFFFFFFFFFFFFFFFFFFFFFFFFFFF19
:1007F000FFFFFFFFFFFFFFFFFFFFFFFFFFFFFFFF09
:10080000FFFFFFFFFFFFFFFFFFFFFFFFFFFFFFFFF8
:10081000FFFFFFFFFFFFFFFFFFFFFFFFFFFFFFFFE8
:10082000FFFFFFFFFFFFFFFFFFFFFFFFFFFFFFFFD8
:10083000FFFFFFFFFFFFFFFFFFFFFFFFFFFFFFFFC8
:10084000FFFFFFFFFFFFFFFFFFFFFFFFFFFFFFFFB8
:10085000FFFFFFFFFFFFFFFFFFFFFFFFFFFFFFFFA8
:10086000FFFFFFFFFFFFFFFFFFFFFFFFFFFFFFFF98
:10087000FFFFFFFFFFFFFFFFFFFFFFFFFFFFFFFF88
:10088000FFFFFFFFFFFFFFFFFFFFFFFFFFFFFFFF78
:10089000FFFFFFFFFFFFFFFFFFFFFFFFFFFFFFFF68
:1008A000FFFFFFFFFFFFFFFFFFFFFFFFFFFFFFFF58
:1008B000FFFFFFFFFFFFFFFFFFFFFFFFFFFFFFFF48
:1008C000FFFFFFFFFFFFFFFFFFFFFFFFFFFFFFFF38
:1008D000FFFFFFFFFFFFFFFFFFFFFFFFFFFFFFFF28
:1008E000FFFFFFFFFFFFFFFFFFFFFFFFFFFFFFFF18
:1008F000FFFFFFFFFFFFFFFFFFFFFFFFFFFFFFFF08
:10090000FFFFFFFFFFFFFFFFFFFFFFFFFFFFFFFFF7
:10091000FFFFFFFFFFFFFFFFFFFFFFFFFFFFFFFFE7
:10092000FFFFFFFFFFFFFFFFFFFFFFFFFFFFFFFFD7
:10093000FFFFFFFFFFFFFFFFFFFFFFFFFFFFFFFFC7
:10094000FFFFFFFFFFFFFFFFFFFFFFFFFFFFFFFFB7
:10095000FFFFFFFFFFFFFFFFFFFFFFFFFFFFFFFFA7
:10096000FFFFFFFFFFFFFFFFFFFFFFFFFFFFFFFF97
:10097000FFFFFFFFFFFFFFFFFFFFFFFFFFFFFFFF87
:10098000FFFFFFFFFFFFFFFFFFFFFFFFFFFFFFFF77
:10099000FFFFFFFFFFFFFFFFFFFFFFFFFFFFFFFF67
:1009A000FFFFFFFFFFFFFFFFFFFFFFFFFFFFFFFF57
:1009B000FFFFFFFFFFFFFFFFFFFFFFFFFFFFFFFF47
:1009C000FFFFFFFFFFFFFFFFFFFFFFFFFFFFFFFF37
:1009D000FFFFFFFFFFFFFFFFFFFFFFFFFFFFFFFF27
:1009E000FFFFFFFFFFFFFFFFFFFFFFFFFFFFFFFF17
:1009F000FFFFFFFFFFFFFFFFFFFFFFFFFFFFFFFF07
:100A0000FFFFFFFFFFFFFFFFFFFFFFFFFFFFFFFFF6
:100A1000FFFFFFFFFFFFFFFFFFFFFFFFFFFFFFFFE6
:100A2000FFFFFFFFFFFFFFFFFFFFFFFFFFFFFFFFD6
:100A3000FFFFFFFFFFFFFFFFFFFFFFFFFFFFFFFFC6
:100A4000FFFFFFFFFFFFFFFFFFFFFFFFFFFFFFFFB6
:100A5000FFFFFFFFFFFFFFFFFFFFFFFFFFFFFFFFA6
:100A6000FFFFFFFFFFFFFFFFFFFFFFFFFFFFFFFF96
:100A7000FFFFFFFFFFFFFFFFFFFFFFFFFFFFFFFF86
:100A8000FFFFFFFFFFFFFFFFFFFFFFFFFFFFFFFF76
:100A9000FFFFFFFFFFFFFFFFFFFFFFFFFFFFFFFF66
:100AA000FFFFFFFFFFFFFFFFFFFFFFFFFFFFFFFF56
:100AB000FFFFFFFFFFFFFFFFFFFFFFFFFFFFFFFF46
:100AC000FFFFFFFFFFFFFFFFFFFFFFFFFFFFFFFF36
:100AD000FFFFFFFFFFFFFFFFFFFFFFFFFFFFFFFF26
:100AE000FFFFFFFFFFFFFFFFFFFFFFFFFFFFFFFF16
:100AF000FFFFFFFFFFFFFFFFFFFFFFFFFFFFFFFF06
:100B0000FFFFFFFFFFFFFFFFFFFFFFFFFFFFFFFFF5
:100B1000FFFFFFFFFFFFFFFFFFFFFFFFFFFFFFFFE5
:100B2000FFFFFFFFFFFFFFFFFFFFFFFFFFFFFFFFD5
:100B3000FFFFFFFFFFFFFFFFFFFFFFFFFFFFFFFFC5
:100B4000FFFFFFFFFFFFFFFFFFFFFFFFFFFFFFFFB5
:100B5000FFFFFFFFFFFFFFFFFFFFFFFFFFFFFFFFA5
:100B6000FFFFFFFFFFFFFFFFFFFFFFFFFFFFFFFF95
:100B7000FFFFFFFFFFFFFFFFFFFFFFFFFFFFFFFF85
:100B8000FFFFFFFFFFFFFFFFFFFFFFFFFFFFFFFF75
:100B9000FFFFFFFFFFFFFFFFFFFFFFFFFFFFFFFF65
:100BA000FFFFFFFFFFFFFFFFFFFFFFFFFFFFFFFF55
:100BB000FFFFFFFFFFFFFFFFFFFFFFFFFFFFFFFF45
:100BC000FFFFFFFFFFFFFFFFFFFFFFFFFFFFFFFF35
:100BD000FFFFFFFFFFFFFFFFFFFFFFFFFFFFFFFF25
:100BE000FFFFFFFFFFFFFFFFFFFFFFFFFFFFFFFF15
:100BF000FFFFFFFFFFFFFFFFFFFFFFFFFFFFFFFF05
:100C0000FFFFFFFFFFFFFFFFFFFFFFFFFFFFFFFFF4
:100C1000FFFFFFFFFFFFFFFFFFFFFFFFFFFFFFFFE4
:100C2000FFFFFFFFFFFFFFFFFFFFFFFFFFFFFFFFD4
:100C3000FFFFFFFFFFFFFFFFFFFFFFFFFFFFFFFFC4
:100C4000FFFFFFFFFFFFFFFFFFFFFFFFFFFFFFFFB4
:100C5000FFFFFFFFFFFFFFFFFFFFFFFFFFFFFFFFA4
:100C6000FFFFFFFFFFFFFFFFFFFFFFFFFFFFFFFF94
:100C7000FFFFFFFFFFFFFFFFFFFFFFFFFFFFFFFF84
:100C8000FFFFFFFFFFFFFFFFFFFFFFFFFFFFFFFF74
:100C9000FFFFFFFFFFFFFFFFFFFFFFFFFFFFFFFF64
:100CA000FFFFFFFFFFFFFFFFFFFFFFFFFFFFFFFF54
:100CB000FFFFFFFFFFFFFFFFFFFFFFFFFFFFFFFF44
:100CC000FFFFFFFFFFFFFFFFFFFFFFFFFFFFFFFF34
:100CD000FFFFFFFFFFFFFFFFFFFFFFFFFFFFFFFF24
:100CE000FFFFFFFFFFFFFFFFFFFFFFFFFFFFFFFF14
:100CF000FFFFFFFFFFFFFFFFFFFFFFFFFFFFFFFF04
:100D0000FFFFFFFFFFFFFFFFFFFFFFFFFFFFFFFFF3
:100D1000FFFFFFFFFFFFFFFFFFFFFFFFFFFFFFFFE3
:100D2000FFFFFFFFFFFFFFFFFFFFFFFFFFFFFFFFD3
:100D3000FFFFFFFFFFFFFFFFFFFFFFFFFFFFFFFFC3
:100D4000FFFFFFFFFFFFFFFFFFFFFFFFFFFFFFFFB3
:100D5000FFFFFFFFFFFFFFFFFFFFFFFFFFFFFFFFA3
:100D6000FFFFFFFFFFFFFFFFFFFFFFFFFFFFFFFF93
:100D7000FFFFFFFFFFFFFFFFFFFFFFFFFFFFFFFF83
:100D8000FFFFFFFFFFFFFFFFFFFFFFFFFFFFFFFF73
:100D9000FFFFFFFFFFFFFFFFFFFFFFFFFFFFFFFF63
:100DA000FFFFFFFFFFFFFFFFFFFFFFFFFFFFFFFF53
:100DB000FFFFFFFFFFFFFFFFFFFFFFFFFFFFFFFF43
:100DC000FFFFFFFFFFFFFFFFFFFFFFFFFFFFFFFF33
:100DD000FFFFFFFFFFFFFFFFFFFFFFFFFFFFFFFF23
:100DE000FFFFFFFFFFFFFFFFFFFFFFFFFFFFFFFF13
:100DF000FFFFFFFFFFFFFFFFFFFFFFFFFFFFFFFF03
:100E0000FFFFFFFFFFFFFFFFFFFFFFFFFFFFFFFFF2
:100E1000FFFFFFFFFFFFFFFFFFFFFFFFFFFFFFFFE2
:100E2000FFFFFFFFFFFFFFFFFFFFFFFFFFFFFFFFD2
:100E3000FFFFFFFFFFFFFFFFFFFFFFFFFFFFFFFFC2
:100E4000FFFFFFFFFFFFFFFFFFFFFFFFFFFFFFFFB2
:100E5000FFFFFFFFFFFFFFFFFFFFFFFFFFFFFFFFA2
:100E6000FFFFFFFFFFFFFFFFFFFFFFFFFFFFFFFF92
:100E7000FFFFFFFFFFFFFFFFFFFFFFFFFFFFFFFF82
:100E8000FFFFFFFFFFFFFFFFFFFFFFFFFFFFFFFF72
:100E9000FFFFFFFFFFFFFFFFFFFFFFFFFFFFFFFF62
:100EA000FFFFFFFFFFFFFFFFFFFFFFFFFFFFFFFF52
:100EB000FFFFFFFFFFFFFFFFFFFFFFFFFFFFFFFF42
:100EC000FFFFFFFFFFFFFFFFFFFFFFFFFFFFFFFF32
:100ED000FFFFFFFFFFFFFFFFFFFFFFFFFFFFFFFF22
:100EE000FFFFFFFFFFFFFFFFFFFFFFFFFFFFFFFF12
:100EF000FFFFFFFFFFFFFFFFFFFFFFFFFFFFFFFF02
:100F0000FFFFFFFFFFFFFFFFFFFFFFFFFFFFFFFFF1
:100F1000FFFFFFFFFFFFFFFFFFFFFFFFFFFFFFFFE1
:100F2000FFFFFFFFFFFFFFFFFFFFFFFFFFFFFFFFD1
:100F3000FFFFFFFFFFFFFFFFFFFFFFFFFFFFFFFFC1
:100F4000FFFFFFFFFFFFFFFFFFFFFFFFFFFFFFFFB1
:100F5000FFFFFFFFFFFFFFFFFFFFFFFFFFFFFFFFA1
:100F6000FFFFFFFFFFFFFFFFFFFFFFFFFFFFFFFF91
:100F7000FFFFFFFFFFFFFFFFFFFFFFFFFFFFFFFF81
:100F8000FFFFFFFFFFFFFFFFFFFFFFFFFFFFFFFF71
:100F9000FFFFFFFFFFFFFFFFFFFFFFFFFFFFFFFF61
:100FA000FFFFFFFFFFFFFFFFFFFFFFFFFFFFFFFF51
:100FB000FFFFFFFFFFFFFFFFFFFFFFFFFFFFFFFF41
:100FC000FFFFFFFFFFFFFFFFFFFFFFFFFFFFFFFF31
:100FD000FFFFFFFFFFFFFFFFFFFFFFFFFFFFFFFF21
:100FE000FFFFFFFFFFFFFFFFFFFFFFFFFFFFFFFF11
:100FF000FFFFFFFFFFFFFFFFFFFFFFFFFFFFFFFF01
:10100000D10020434D1600600000000000000000E9
:10101000201000600010006000240160000000004B
:10102000000000600030010000000000FFFFFFFF33
:10103000FFFFFFFFFFFFFFFFFFFFFFFFFFFFFFFFC0
:10104000FFFFFFFFFFFFFFFFFFFFFFFFFFFFFFFFB0
:10105000FFFFFFFFFFFFFFFFFFFFFFFFFFFFFFFFA0
:10106000FFFFFFFFFFFFFFFFFFFFFFFFFFFFFFFF90
:10107000FFFFFFFFFFFFFFFFFFFFFFFFFFFFFFFF80
:10108000FFFFFFFFFFFFFFFFFFFFFFFFFFFFFFFF70
:10109000FFFFFFFFFFFFFFFFFFFFFFFFFFFFFFFF60
:1010A000FFFFFFFFFFFFFFFFFFFFFFFFFFFFFFFF50
:1010B000FFFFFFFFFFFFFFFFFFFFFFFFFFFFFFFF40
:1010C000FFFFFFFFFFFFFFFFFFFFFFFFFFFFFFFF30
:1010D000FFFFFFFFFFFFFFFFFFFFFFFFFFFFFFFF20
:1010E000FFFFFFFFFFFFFFFFFFFFFFFFFFFFFFFF10
:1010F000FFFFFFFFFFFFFFFFFFFFFFFFFFFFFFFF00
:10110000FFFFFFFFFFFFFFFFFFFFFFFFFFFFFFFFEF
:10111000FFFFFFFFFFFFFFFFFFFFFFFFFFFFFFFFDF
:10112000FFFFFFFFFFFFFFFFFFFFFFFFFFFFFFFFCF
:10113000FFFFFFFFFFFFFFFFFFFFFFFFFFFFFFFFBF
:10114000FFFFFFFFFFFFFFFFFFFFFFFFFFFFFFFFAF
:10115000FFFFFFFFFFFFFFFFFFFFFFFFFFFFFFFF9F
:10116000FFFFFFFFFFFFFFFFFFFFFFFFFFFFFFFF8F
:10117000FFFFFFFFFFFFFFFFFFFFFFFFFFFFFFFF7F
:10118000FFFFFFFFFFFFFFFFFFFFFFFFFFFFFFFF6F
:10119000FFFFFFFFFFFFFFFFFFFFFFFFFFFFFFFF5F
:1011A000FFFFFFFFFFFFFFFFFFFFFFFFFFFFFFFF4F
:1011B000FFFFFFFFFFFFFFFFFFFFFFFFFFFFFFFF3F
:1011C000FFFFFFFFFFFFFFFFFFFFFFFFFFFFFFFF2F
:1011D000FFFFFFFFFFFFFFFFFFFFFFFFFFFFFFFF1F
:1011E000FFFFFFFFFFFFFFFFFFFFFFFFFFFFFFFF0F
:1011F000FFFFFFFFFFFFFFFFFFFFFFFFFFFFFFFFFF
:10120000FFFFFFFFFFFFFFFFFFFFFFFFFFFFFFFFEE
:10121000FFFFFFFFFFFFFFFFFFFFFFFFFFFFFFFFDE
:10122000FFFFFFFFFFFFFFFFFFFFFFFFFFFFFFFFCE
:10123000FFFFFFFFFFFFFFFFFFFFFFFFFFFFFFFFBE
:10124000FFFFFFFFFFFFFFFFFFFFFFFFFFFFFFFFAE
:10125000FFFFFFFFFFFFFFFFFFFFFFFFFFFFFFFF9E
:10126000FFFFFFFFFFFFFFFFFFFFFFFFFFFFFFFF8E
:10127000FFFFFFFFFFFFFFFFFFFFFFFFFFFFFFFF7E
:10128000FFFFFFFFFFFFFFFFFFFFFFFFFFFFFFFF6E
:10129000FFFFFFFFFFFFFFFFFFFFFFFFFFFFFFFF5E
:1012A000FFFFFFFFFFFFFFFFFFFFFFFFFFFFFFFF4E
:1012B000FFFFFFFFFFFFFFFFFFFFFFFFFFFFFFFF3E
:1012C000FFFFFFFFFFFFFFFFFFFFFFFFFFFFFFFF2E
:1012D000FFFFFFFFFFFFFFFFFFFFFFFFFFFFFFFF1E
:1012E000FFFFFFFFFFFFFFFFFFFFFFFFFFFFFFFF0E
:1012F000FFFFFFFFFFFFFFFFFFFFFFFFFFFFFFFFFE
:10130000FFFFFFFFFFFFFFFFFFFFFFFFFFFFFFFFED
:10131000FFFFFFFFFFFFFFFFFFFFFFFFFFFFFFFFDD
:10132000FFFFFFFFFFFFFFFFFFFFFFFFFFFFFFFFCD
:10133000FFFFFFFFFFFFFFFFFFFFFFFFFFFFFFFFBD
:10134000FFFFFFFFFFFFFFFFFFFFFFFFFFFFFFFFAD
:10135000FFFFFFFFFFFFFFFFFFFFFFFFFFFFFFFF9D
:10136000FFFFFFFFFFFFFFFFFFFFFFFFFFFFFFFF8D
:10137000FFFFFFFFFFFFFFFFFFFFFFFFFFFFFFFF7D
:10138000FFFFFFFFFFFFFFFFFFFFFFFFFFFFFFFF6D
:10139000FFFFFFFFFFFFFFFFFFFFFFFFFFFFFFFF5D
:1013A000FFFFFFFFFFFFFFFFFFFFFFFFFFFFFFFF4D
:1013B000FFFFFFFFFFFFFFFFFFFFFFFFFFFFFFFF3D
:1013C000FFFFFFFFFFFFFFFFFFFFFFFFFFFFFFFF2D
:1013D000FFFFFFFFFFFFFFFFFFFFFFFFFFFFFFFF1D
:1013E000FFFFFFFFFFFFFFFFFFFFFFFFFFFFFFFF0D
:1013F000FFFFFFFFFFFFFFFFFFFFFFFFFFFFFFFFFD
:10140000814205D051F8043B40F8043B8242F9D8B0
:10141000704700BF044A05494FF0000342F8043BFF
:101420009142FBD8704700BFC0320020A07200205C
:101430002DE98848BFF34F8F00BF00BF00BF00BF3A
:1014400001F022FB684B0822C3F8542100BF00BF03
:1014500000BF00BF00BF00BF00BF00BF00BF00BF94
:1014600000BF00BF00BF00BF00BF00BF5F4A6049B0
:101470006048FFF7C5FF604A60496148FFF7C0FF59
:10148000604CFFF7C7FF4FF470004FF0E0210023DE
:101490005D4AC1F8880D44F823200133B02BFAD1FE
:1014A0005A4B80215A4A03F8011B9342FBD14FF05B
:1014B000E0254D4E4FF08039DFF884B1DFF884A18C
:1014C0004FF0FF31C5F8084D0027C6F80491C6F863
:1014D00000B1C6F8F490C6F8F0A0D5F8243DDFF8C6
:1014E000688143F4E0234B4AC5F8243DD8F81C300A
:1014F00023F07F0343F04003C8F81C30D8F82430B1
:1015000023F07F0343F04003C8F824309166D1668E
:101510001167516701F0C0FA3F4B4049A363404B4C
:10152000E36363236B610323AF612B613D4BC5F81C
:10153000203DD5F8FC3D43F08073C5F8FC3D3A4BA7
:101540001A6842F001021A605B680B6001F0EEFC61
:10155000C6F804913548C6F800B1C6F8F490C6F84C
:10156000F0A001F079FED8F86C10314B314A41F40B
:101570004051C8F86C101F60C3F80871C3F81871A7
:10158000C3F82871C3F83871936BDB0708D442F6AF
:101590001563294951651365936B43F00103936308
:1015A000244A264C936843F00113936001F0FCFA3F
:1015B00001F020FE01F094FE01F0E6FC01F066FA75
:1015C0002368132BFCD901F077FD2368B3F5967FD0
:1015D000FBD301F05FFA00F0F1FB01F04DFE01F0EA
:1015E0008FFE30BFFDE700BF00800D403C8A000049
:1015F000A465006000000000C0320020E4EF00603D
:1016000000000020003000205D58000000E400E0F1
:10161000A0E400E000C00A40554F00000070002028
:101620005D50000000002020001000E00046C323B1
:101630000040084000400D400000C05604700020EB
:101640001B1018200C0D111300C00F40054B4FF458
:101650002A01054A05485A641864054A9963954663
:10166000FFF7E6FE00C00A40AFAAAAAA07002000C2
:101670000000072043690A4A03EB011010B4037A03
:10168000084C02EB0313D3E901321460C2681A60FC
:1016900003690BB142691A605DF8044B704700BFE3
:1016A000F407002061F801004369027E03EB021297
:1016B00092F808C08C451CD01A7AFF2A19D09142A2
:1016C00010B5044616D01A7EFF2A06D00121D3E9B0
:1016D000002312681A4201D1217610BD064B052263
:1016E000204603EB0C135B681A60FFF7C3FF2176FB
:1016F000F3E770470021EAE7F407002043690A4A4C
:1017000003EB011010B490F82830084C02EB0313DF
:10171000D3E901321460C26A1A60036B0BB1426BE9
:101720001A605DF8044B7047F407002061F801006F
:101730004369427E03EB021292F828C08C451ED00A
:1017400093F82820FF2A1AD0914210B5044617D0EA
:1017500093F83820FF2A06D00121D3E9002312682C
:101760001A4201D1617610BD064B0522204603EBDB
:101770000C135B681A60FFF7C1FF6176F3E77047EF
:101780000021EAE7F4070020164942698B6B23F435
:101790007C0343F4802370B58B630446124DD2E979
:1017A00000130A681A4303690A60022200211A61C1
:1017B0000E4A19619A6401225A629D624FF43035D3
:1017C000DD624FF001159E6C1E6519629D651A6100
:1017D000017EFFF74FFF617E2046BDE87040FFF7B6
:1017E0008DBF00BF00C00F40B80B05053B3728195F
:1017F00001F072BD0D2070470EB42DE9F04384B0A6
:101800000BA951F8043B1A780091002A6CD00546C8
:1018100000277E4E06E018781C46A8476278631CB5
:10182000002A61D0252AF6D158785C1C2528F4D0EE
:101830002D2807D198789C1CA0F13003092B05D8DE
:1018400014F8010FA0F13003092BF9D96C2808BF57
:1018500001342378002B47D0583B202BDED801A23F
:1018600052F823F0F31800601D1800601D18006086
:101870001D1800601D1800601D1800601D18006014
:101880001D1800601D1800601D1800601D18006004
:10189000F31900608D1900601D1800601D180060AC
:1018A0001D1800601D1800601D1800601D180060E4
:1018B0001D1800601D1800601D1800601D180060D4
:1018C0001D1800601D1800601D1800601D180060C4
:1018D0007D1900601D180060211900601D1800604E
:1018E0001D180060F318006004B0BDE8F04303B0B9
:1018F0007047009B4FF008091A1DD3F80080009232
:101900004FEA1873B8F1204F4FEA081803F1370077
:1019100038BF03F13000A847B9F10109F0D17DE7E4
:10192000009B8DF80F701A6804330093092AA6FBF8
:1019300002304FEAD00000EB8003A2EB430303F137
:1019400030038DF80E305FD90DF10E0C0A21A6FB85
:10195000003286460139D208BEF1090F02EB82033C
:10196000A0EB4303104603F130030CF8013DEED821
:1019700001AB28461944FFF73FFF4FE7009B28467D
:101980001A1D19680092FFF737FF47E7009BD3F84D
:1019900000801A1DB8F1000F009230DBA6FB083062
:1019A000B8F1090F8DF80F704FEAD00000EB8003FB
:1019B000A8EB430303F130038DF80E3024DD0DF165
:1019C0000E0C0A21A6FB003286460139D208BEF170
:1019D000090F02EB8203A0EB4303104603F130032F
:1019E0000CF8013DEED801AB28461944FFF704FF7F
:1019F00014E7009B1A1D18780092A8470EE72D20C7
:101A0000C8F10008A847C9E70A21B1E7CDCCCCCC82
:101A1000F0B585B0002306460D4603AA194600928C
:101A20000F2201F0A9FC3046039C01F081FC2A68DA
:101A300007461C4924F001041B48FFF7DDFE1B4B41
:101A400023F00103A34225D024B32B6803B1023C49
:101A5000224617491448174CFFF7CEFE3A4616495E
:101A60001148FFF7C9FE226842B92B680133202BC9
:101A70002B6014BF0020052005B0F0BD03AB03921E
:101A800030460E2200930023194601F01DFC00236E
:101A90002360EAE709490448FFF7AEFE052005B0D8
:101AA000F0BD00BFC0340060F1170060C11D0060D0
:101AB000E0340060446E0020EC340060C834006004
:101AC00010B530B1044601F01FFC0146204601F07C
:101AD00063FC034801F038FCBDE8104001F00CBC89
:101AE000B823002008B501F007FC6420BDE80840D9
:101AF00000F00CBC4FF0E0214FF6FF0C0002064B4B
:101B0000D1F80C2D00F4E06002EA0C02104303430C
:101B1000C1F80C3D704700BF0000FA0508B5064645
:101B2000144D01F0B1FBFFF765FE0446012105EB02
:101B3000041501F01DFC104801F08EFBA6B1002435
:101B40002B684FF49670EA680134C3F88420E4B23D
:101B500000F0DCFB2B68EA684FF49670C3F888202D
:101B600000F0D4FBA642EBD14FF4FA6000F0CEFBBC
:101B7000E4E700BFF40700200024F400022008B5C9
:101B8000FFF7CCFF80B51E4682B017464FF020030A
:101B900083F31188BFF36F8FBFF34F8FDFF868C0F7
:101BA0000B46164C1021164D02468CF8711004F1AC
:101BB00038012846FFF720FE3A4604F15001284636
:101BC000FFF71AFE324604F158012846FFF714FECB
:101BD00004F160012846FFF70FFEFFF783FF0023A3
:101BE00001A90848019301F067FB284604F174013C
:101BF000FFF702FE0120FFF791FF00BFC034006035
:101C0000F1170060111A006000E400E0002008B540
:101C1000FFF784FF70B58EB0194C07A800F0A8FB41
:101C200005A800F0D9FB079A089E0D9B921B15484A
:101C30009B0A920ADDE90951890AAD0A02910B99C2
:101C40000395890A01910C99890A009104F17801A0
:101C5000FFF7D2FD0B48DDE90523D11A9B0A920A52
:101C6000890A009104F1E801FFF7C6FD04F59071BF
:101C70000448FFF7C1FDFFF735FF0EB070BD00BF90
:101C8000C0340060F117006000B585B001F010FBB2
:101C900001282CD0184803684BB3EFF305835BB9D8
:101CA0001A4619460068009301F032FB012005B086
:101CB0005DF804EB01F080BB002303A900681A461D
:101CC0000393CDE90031194601F06AFB039B4BB148
:101CD0004FF0E0234FF08052C3F8042DBFF34F8F35
:101CE000BFF36F8FBFF34F8F05B05DF804FB05B0F6
:101CF0005DF804EB00F09EBAC869002008B58C4678
:101D00000868084B49681A4603C3BCF808C006486F
:101D10000649A3F800C0FFF76FFDFFF7E3FE0320BD
:101D2000FFF7FCFED0690020F1170060E435006089
:101D3000044B10B403608023034C0C605DF8044B2B
:101D4000136070479034002040360020054B10B4DB
:101D500003604FF4C073044C0C605DF8044B1360D7
:101D6000704700BF40380020F039002070B50F4D9B
:101D7000044601F0EDFA0E4A00230E4E01F0DCFAA3
:101D80002B68C318686840EB0101A8680244B2429E
:101D9000A260C4E9003107DD0133074841F10001C9
:101DA0001044C4E90031A060002070BD80340020E0
:101DB00040420F003F420F00C0BDF0FF00F058B995
:101DC0000D4B00221B6800B5013383B001920DD189
:101DD0004FF0200383F31188BFF36F8FBFF34F8F52
:101DE000019B002BFCD003B05DF804FB034BF621F4
:101DF000034A0448FFF7C6FE0C2C00208010002088
:101E000064060020645B0060034621F0010109487C
:101E100010B44FF0807443F80C0C43F8202CA3F15D
:101E2000440043E902146FF002015DF8044B43F8EB
:101E3000241C7047C11D006008B501F059FA01F07B
:101E400093FA01F0B1FA01F08FFA4FF0E02200238B
:101E50001361936183F31188064B1B68B3F57A7F96
:101E600000D108BD044B40F2E711044A0448FFF7D3
:101E700089FE00BF0C2C00209C100020AC06002026
:101E8000A05B00604FF0E0230022632003211A6171
:101E90009A6158611961704709480068006880F3C9
:101EA0000888BFF36F8F4FF0000080F3148862B68C
:101EB00061B6BFF34F8FBFF36F8F00DF00BF00002D
:101EC00008ED00E0DFF80C00016841F470010160EA
:101ED0007047000088ED00E04FF0E0234F4AD3F850
:101EE000001D914230B583B06DD0D3F8002D4C4B1E
:101EF0009A426FD04B4B0022FF204B4901921A7837
:101F0000D2B28DF8022018701B78DBB28DF8033046
:101F10009DF8033003F020030B70002B61D09DF877
:101F20000330DB4313F0200209D061E0019B013351
:101F300001939DF803305B00DBB28DF803309DF810
:101F400003301B06F2D4019B082B05D0019BC3F183
:101F500007031B0203F4E0629DF802304FF0E02417
:101F6000304900253148DBB202600B70D4F8203DC7
:101F700043F47F03C4F8203DD4F8203D43F07F4371
:101F8000C4F8203DC4F81C5D00F046FAD4F8083DC2
:101F9000274AD96A914232D1264A9B6B934235D166
:101FA000254B1D60FFF78EFFD4F8343F43F04043CC
:101FB000C4F8343FFFF770FF01F0CEF9FFF700FFE0
:101FC000284603B030BD1D4B40F239111C4A1D4854
:101FD000FFF7D8FD1C4B4FF49D71194A1B48FFF7C2
:101FE000D1FD1B4B40F25B11154A1A48FFF7CAFDA1
:101FF000194B40F25F11124A1848FFF7C3FD184B06
:1020000040F2B7110E4A1748FFF7BCFD164B4FF4CC
:10201000DC710B4A1548FFF7B5FD00BF71C20F41D7
:1020200070C20F4100E400E061720020AC7000203B
:102030007D4C00009D4C00000C2C0020B8100020AE
:1020400050070020DC5B0060F8100020185C006086
:1020500038110020545C006050110020905C00603A
:1020600088110020CC5C0060B4110020085D006085
:1020700008B54FF0E0214FF47F00174B0022C1F864
:10208000200D83F87120BFF34F8FBFF36F8F13497B
:10209000042001F005F9124B0246124904201A608F
:1020A00001F0FEF81049042001F0FAF80F49012070
:1020B00001F0F6F80E49042001F0F2F80D49012074
:1020C00001F0EEF80C49012001F0EAF80B4901207B
:1020D000BDE8084001F0E4B800E400E00040002062
:1020E00068400020E86B0020B06A0020486A0020A9
:1020F000806B0020506C0020186B0020E0690020ED
:1021000038B50546682001F00FF904460120214644
:1021100001F0C6F82C6038BD10B5044601F0C8F8CF
:10212000012800D110BD20464FF0FF31BDE810401E
:1021300001F03EB910B5044601F0BAF8012801D10A
:10214000002010BD20460021BDE8104001F030B94C
:1021500010B5044601F0ACF8012800D110BD0023F1
:1021600020461A461946BDE8104001F0D5B800BF18
:1021700010B5044601F0D4F82046BDE8104001F047
:10218000A7B800BF38B50546682001F0CDF8044671
:102190000420214601F084F82C6038BD10B50446B7
:1021A00001F086F8012800D110BD20464FF0FF3124
:1021B000BDE8104001F084B810B5044601F078F88D
:1021C000012801D1002010BD20460021BDE81040AB
:1021D00001F076B810B5044601F06AF8012800D184
:1021E00010BD2046BDE8104001F0EAB810B5044625
:1021F00001F096F82046BDE8104001F069B800BF34
:1022000000B58BB0684601F0BFF808980BB05DF8D8
:1022100004FB00BF714611F0040F03D0EFF30980F7
:1022200000F046B9EFF3088000F042B9042008B589
:10223000FFF774FC2DE9F8432D4B1E7866B12D4F46
:102240003B784BB90123F1073B7043D4B20726D446
:1022500000233B70730701D4BDE8F883264B1A684E
:10226000002AF9D0EFF30582002AF5D1EFF31085AB
:1022700072B61868002834D0204C2178002930D15B
:102280000122227042691A60002A2ED0916105B99C
:1022900062B600258368457798472570DCE7DFF84C
:1022A000648098F80030002BD2D00025DFF85890D9
:1022B0002B4659F823400135236820461B6998476F
:1022C00010B163699B68984798F80020EBB29A4276
:1022D000EFD8BDE701F054F80028B7D0AFF3008085
:1022E000B4E7002DB8D162B6B6E7054B1A60CEE769
:1022F00066720020587200209869002056720020F3
:10230000A469002057720020A8690020164A4FF4E3
:10231000FA7138B5126805460023002001F00CF868
:10232000124B092DA3FB05234FEAD30C0CEB8C04B5
:10233000A5EB440400FB04F40CD900EB8000002161
:10234000400020B1002300BF01338342FBD10131A3
:102350008C45F6D824B1002300BF01339C42FBD149
:10236000BFF36F8F38BD00BFFC6F0020CDCCCCCC4D
:102370001249134BF0B50D688BB0124E04465D1B2D
:1023800003F160436846F703A5F5005503EBC63635
:1023900000F0FAFF089B0C492B440C4A0798521A8C
:1023A000A3610B490B4BE06020465B1A2660C4E931
:1023B0000175C4E904230BB0F0BD00BF9C2B0020C5
:1023C0000000072002000000C0320020A0720020A0
:1023D00000000020C032002010B4054C4FF4002152
:1023E000044A121B5DF8044BC0E90012704700BF9D
:1023F00080302020000028200449054A0978054B38
:1024000009059B1ACB1AC0E9001370475A720020C5
:10241000000000700000007010B572B600244FF08C
:10242000E02201231949146119489461194C02E012
:102430000133B02B08D051F823208242F8D141F863
:1024400023400133B02BF6D1134A144B1448154CDA
:102450000C60C86200208A63CB63FFF74BFB124B12
:102460008021124A03F8011B9342FBD1BFF34F8F27
:10247000BFF36F8F4FF0E0236321032259611A618C
:1024800000F05EFFBDE8104000F0EEBE003000201E
:102490005D580000152200609D4C00007D4D00003D
:1024A0007D4C00000000072000E400E0A0E400E014
:1024B0002DE9F041044692B005460E46EFF305873C
:1024C000DFF808834FF0E0238269C8F8847008F1D0
:1024D000A80848F8102CD3F8282D48F8202CD3F859
:1024E0002C2D48F81C2CD3F8342D48F8182CD3F890
:1024F000383D48F8143CC36948F80C3C00F0B0FE85
:1025000008ED020A00F0D0FE0B2348F8040C4FF04F
:10251000FF31AC48AC4A48F8283C00F1040E594061
:102520004FF0200C01F00103BCF1010C02FB03F39E
:1025300083EA5101F6D1C64502D043687046ECE704
:10254000A24BC3F8A810BFF34F8F4FF0E0288033A1
:10255000C8F8703F2033C8F8703FBFF34F8FBFF308
:102560006F8F9B49C7F308029A48FFF745F92A463F
:1025700099499848FFF740F9324698499548FFF73E
:102580003BF9226896499348FFF736F96268954906
:102590009048FFF731F9A26893498E48FFF72CF96C
:1025A000E26892498B48FFF727F9226990498948E8
:1025B000FFF722F962698F498648FFF71DF9A26982
:1025C0008D498448FFF718F9E2698C498148FFF783
:1025D00013F9D8F8286D8A497E483246FFF70CF97E
:1025E000002E38D0F30700F1B880B70700F1E5807E
:1025F000300700F1DD80F10600F15A81B20600F1EA
:102600005C81330600F1B080F70500F1B480B005BD
:1026100000F12681710500F12D81320500F1438121
:10262000F30400F15481B70400F13381300400F168
:10263000A980F10300F1AD80B20300F116817303AC
:1026400000F11D81370300F12981F00100F13A8189
:10265000B10100F119814FF0E0236A495D48D3F8D8
:102660002C6D3246FFF7C8F82EB1B20700F1968004
:10267000730000F198804FF0E02663495548D6F882
:10268000302DFFF7B9F8D6F83C2D60495148FFF7D7
:10269000B3F8D6F8382D5E494E48FFF7ADF8D6F8B6
:1026A000342D5C494B48FFF7A7F800F001FE0128E4
:1026B0003BD1594920354748FFF79EF84422002175
:1026C00001A800F04DFE01AA0F95D4E90013CDE951
:1026D0000213D4E902035149CDE904032069A36937
:1026E0000E90606910930023086069464C4800937F
:1026F00000F0BEFD4B493748FFF77EF8FFF7F2F9CF
:10270000494BA361BFF34F8FBFF36F8F4FF020038F
:1027100083F31188BFF36F8FBFF34F8F434B1022AA
:1027200083F8712012B0BDE8F081284600F0DCFD8E
:102730000646002000F0A4FD3D4902462548FFF76B
:102740005BF846B1304600F09BFD0246394921480E
:10275000FFF752F8ADE7384AF8E738491D48FFF768
:102760004BF833067FF550AF35491A48FFF744F868
:10277000F7057FF54CAF17483249FFF73DF83004B5
:102780007FF557AF30491348FFF736F8F1037FF56F
:1027900053AF2E490F48FFF72FF85CE72C490D483F
:1027A000FFF72AF867E72B490A48FFF725F862E7A1
:1027B00029490848FFF720F823E728490548FFF78B
:1027C0001BF81EE780FF27202083B8ED00FF27209D
:1027D0003C5E0060F1170060545E00606C5E00605B
:1027E000845E00609C5E0060B45E0060CC5E006051
:1027F000E45E0060FC5E0060145F00602C5F0060BF
:10280000445F006014630060806300609863006050
:10281000B0630060C863006018640060446E00200C
:10282000111A00602C6400602D22006000E400E0BA
:10283000E0630060FC630060345E00605C5F006029
:102840004860006078600060DC61006008620060E1
:102850002C6300605C630060B45F00608C5F0060AC
:102860001D491E48FEF7C8FFE0E61D491B48FEF75C
:10287000C3FFF0E61B491948FEF7BEFFD6E61A492A
:102880001648FEF7B9FFE6E618491448FEF7B4FF0C
:10289000E1E617491148FEF7AFFFC7E615490F48B3
:1028A000FEF7AAFFD7E614490C48FEF7A5FFBDE6E0
:1028B00012490A48FEF7A0FFA3E611490748FEF7B0
:1028C0009BFF9EE60F490548FEF796FFC3E60E49BB
:1028D0000248FEF791FFA9E6A0600060F1170060D2
:1028E00030620060D460006068620060F062006086
:1028F000A06100609C6200601C610060E45F006099
:1029000014600060C0620060646100602DE9F04FF7
:1029100095B0002800F0908004680546002C00F077
:10292000928022464B494C48FEF766FF2A684B4985
:102930004948FEF761FF2A6C49494748FEF75CFFAA
:102940002A6D48494448FEF757FF236A464903F079
:1029500010034148002B15BF302370232C226C221A
:1029600015BF402680264FF0440A4FF0840A15BF59
:102970004FF03C0B4FF07C0B3427742715BF4FF002
:1029800028084FF068084FF024094FF0640914BF7D
:102990003825782501930092FEF72EFF2168009AD2
:1029A000019B54F802E054F803C004EB0A0354F806
:1029B000088054F80990E75954F80B0008916168B1
:1029C000226A0991A168CDF810900A91E168CDF8CA
:1029D00014800B912169CDF818E00C916169CDF854
:1029E0001CC00D91A1690E91E16910970F91002112
:1029F00012901193139142F3001102F0100203910F
:102A0000A159890501D50433119312B9119B48339B
:102A1000119364590023154803AA02A90293046084
:102A2000134800F025FC13490B48FEF7E5FEFFF7BD
:102A300059F815B0BDE8F08F0F4B40F23D210F4A19
:102A40000F48FFF79FF80F4B4FF410710B4A0C48DB
:102A5000FFF798F830640060F1170060446400608C
:102A60005C6400606C64006084640060446E0020FC
:102A7000111A006098640060E4110020F411002035
:102A8000C418002024120020704700BF704700BF08
:102A9000704700BF00BF704710B44FF0E023002123
:102AA00010243148C3F8941DC3F89C4D1124C3F879
:102AB000A00D2E48C3F89C4D1224C3F8A00D2C483D
:102AC000C3F89C4D2B4AC3F8A00D2B4C42F01502C5
:102AD0002A48C3F89C4DC3F8A00D294C2948C3F8D7
:102AE0009C4DC3F8A00D284CC3F89C2D2748284ABC
:102AF000C3F8A04DC3F89C0DC3F8A02D02F5A02289
:102B0000244C0C322448C3F89C4DC3F8A02D234A12
:102B1000C3F89C0D224CC3F8A02D02F14062C3F80B
:102B20009C4D2048C3F8A02D0C32C3F89C0DC3F86F
:102B3000A02D00BF00BF00BF00BF00BF0122C3F82F
:102B4000942DBFF34F8FBFF36F8FC3F8501FBFF3A8
:102B50004F8FBFF36F8FD3F8142D5DF8044B42F401
:102B60004032C3F8142D70473F00001025000807BD
:102B700009001000A07200201300200021000207AD
:102B80001400002025000813090000101600202062
:102B900027000B1317000040180000602F000B07E0
:102BA000190000701A000080F0B5B84B1822B84E1A
:102BB0000120B84F83B0C3F85C62B749C3F86072B4
:102BC000B64DC3F86462A6F53046B54CC3F86862EA
:102BD000C3F86C52C3F87052C3F87452C3F87852F9
:102BE00048F20C75DA661A675A679A67DA67C3F8AB
:102BF0008020C3F88420C3F88820C1F82C03A94A98
:102C0000C1F83003C1F83403C1F83803C1F83C03FC
:102C1000C1F85003A169A44B0A40A448A449134336
:102C2000A44AA361D4F8843043F00C03C4F8843080
:102C30004FF0FF34036843F00203036003682B4046
:102C40004FF400551A439C4B026044608A689B4CC9
:102C500013409B4A43F000538360C36823F078031A
:102C6000C360036A134023430362036A1340954A17
:102C70002343954C43628262C2620022D1F8B8308D
:102C800023F03F0343F00103C0F8B830D1F8BC3063
:102C90008E4923F03F0343F00103C0F8BC3040F2FB
:102CA0000563026105660467C0F8803045664467C5
:102CB0000224C0F88430036823F0020303608161BA
:102CC000834B8449C46143F8042B8B42FBD1774A80
:102CD000136843F001031360136813F00103FBD181
:102CE0007A48022140F2F564906140F29940D16146
:102CF00040F26641C2F8004242F20144C2F81012AA
:102D00007549C2F82002C2F8301240F235417348CA
:102D1000C2F83442C2F84012714CC2F8500242F27A
:102D200001207049C2F854120121C2F86042C2F871
:102D300064025E48C2F8A030C2F8A430C2F8B010F5
:102D40004369DA07FCD5012300244FF48032574948
:102D50004361C0F8A040C0F8A420C0F8B0304B696F
:102D6000DB07FCD5012300244FF400304F4A4B61B0
:102D7000C1F8A040C1F8A400C1F8B0305369DF0722
:102D8000FCD501230024584848495361C2F8A040AB
:102D9000C2F8A400C2F8B0304B69DE07FCD5D1F808
:102DA000003145F60D5221209BB24861934265D116
:102DB00000244FF4802201233C48C1F8A040C1F810
:102DC000A420C1F8B0304369DD07FCD501234FF4DE
:102DD00000040021354A4361C0F8A040C0F8A410A7
:102DE000C0F8B0305369DC07FCD501234FF4000470
:102DF0004FF480302D495361C2F8A040C2F8A400BE
:102E0000C2F8B0304B69D807FCD501234FF4000459
:102E10004FF40030254A4B61C1F8A040C1F8A4002E
:102E2000C1F8B0305369D907FCD501234FF4000431
:102E30002D481E495361C2F8A040C2F8A400C2F850
:102E4000B0304B69DA07FCD5D1F8003145F60D52A8
:102E500021209BB24861934250D008254FF40004D2
:102E600022490020224B234A009015705A1A012350
:102E70002148224400F010FA03B0F0BD1E4B00229E
:102E8000C3E90022C3E9022203B0F0BD00801F4065
:102E9000F9B00100F910010000841F40F970010031
:102EA00000C00F40FFFCFF1F000300A000402A40AD
:102EB00000802A401200FFFFFF37F700400000802B
:102EC00000FFF07CFF000F8363000200F05AF05A0D
:102ED00000422A4000432A409F041830EB06180A9B
:102EE0003806180A063201260400030000000070AC
:102EF000000000705A720020346E00204FF400046D
:102F00004FF4802201230848C1F8A040C1F8A42052
:102F1000C1F8B0304369DB07FCD5012310254FF021
:102F2000807443619CE700BF00402A40F0B4154A1A
:102F300040274FF480314FF480564FF400554FF442
:102F4000404443F24200136913F0020F0ED113F410
:102F5000005F0FD013F4805F0ED0002BF3DA13F470
:102F6000803F0BD15B060BD5F0BC7047946151617B
:102F70009061E8E75561E6E75661E4E79161E2E7D1
:102F80005761E0E700800D403F4A03203F49F3EEE0
:102F9000095AD2F880304FF0000C9FED3D6A23F0C3
:102FA00001039FED3C5A30B4C2F88030C2F8900063
:102FB000D1F8E010384DCBB2384C39482B6007EED1
:102FC000903A0B0DC1F30B21F8EEE77A06EE903A3A
:102FD00007EE101A334BB8EEC77A2160F8EEE66AB6
:102FE000314937EEC66A37EEC55A76EEC76A77EED4
:102FF000E57A26EE266AC3ED006A25EE265AD2F857
:10300000803067EEA64AC0ED007AC6EE275A274800
:1030100085EE276AC4EEA76A75EE875AFCEEE55A7C
:1030200036EE076A15EE904ABCEEC66A43EA0453D0
:1030300076EE877AC2F8803016EE103AD2F89041D8
:10304000FCEEE77A01EA0341214317EE903AC2F819
:103050009011C3F30B03D2F890110B431449C2F83B
:103060009031D2F8803043F00203C2F88030114B27
:1030700080F840C0C1F840314FF0E023012230BC5D
:10308000C3F80821704700BF00810D4000441F4075
:103090000000AA420000B442F06F0020EC6F002054
:1030A000F46F0020F86F00200000FF0F00E400E044
:1030B00000300020ED590000314B40F6617210B530
:1030C000C3F8202140F2044400F0E2F82D4A2E49D2
:1030D000D2F880302D4843F00303C2F880302C4BE7
:1030E000C1F8604102681A4203D1D1F8A8319A07A9
:1030F0001BD0254A4FF00041244B5963D2F8403190
:1031000043F00203C2F84031D2F840319B07FBD4B0
:103110004FF400304FF0E0211C4B4FF00042C1F85B
:103120008C0219209A6300F033F9184A4FF080405E
:10313000154C002190630A20164B11604FF4207249
:10314000C4F8A801184600F00BF94FF480020346BA
:103150004FF4810040F243111860C4F858311A64EA
:103160000D4B0E4AC4F84811C3F804224FF0E02278
:103170004FF400310123C2F80C11C4F8403110BDE6
:1031800000800D4000C00F4000002E4000900D4018
:10319000001C1E000000002000300020D55B000055
:1031A00008B50E4B1B6E9B0700D4FBBE72B60C4BD2
:1031B00000200C4AC3F8400103F160430A49A3F51B
:1031C0005F2311649D46BFF34F8F4FF400130748F0
:1031D000074ADB6902609B68984700BF00441F40B4
:1031E00000002E4000C00A40030020000080202084
:1031F000000012EB104BA020104AD96E41F4403170
:1032000010B4D96640F23764D96E41F44071D96682
:1032100054649064936C1B06FCD4094A40F23761F5
:10322000A02351649364936C13F08003FBD1054A8F
:1032300013705DF8044B704700C00F4000400C4015
:1032400000800C4059720020F8B500BFF8BC08BCE3
:103250009E467047000000005FF800F0A15000009B
:103260005FF800F0F15900005FF800F0094C000031
:103270005FF800F0DD7200005FF800F0A18400004C
:103280005FF800F0A13800005FF800F08935000019
:103290005FF800F0456300005FF800F05D6B000030
:1032A0005FF800F02D2500005FF800F039580000AD
:1032B0005FF800F0993C00005FF800F0597A0000D8
:1032C0005FF800F0852A00005FF800F095720000BA
:1032D0005FF800F0117E00005FF800F0E96900007F
:1032E0005FF800F0455700005FF800F01945000056
:1032F0005FF800F0D13800005FF800F07D6A000050
:103300005FF800F0215500005FF800F00185000033
:103310005FF800F0D14000005FF800F07D2300006E
:103320005FF800F0CD2A00005FF800F0017E000099
:103330005FF800F0617D00005FF800F0E16B0000D5
:103340005FF800F0112000005FF800F085500000E9
:103350005FF800F0210000005FF800F02139000064
:103360005FF800F0958300005FF800F08D330000F7
:103370005FF800F0B15400005FF800F049720000FF
:103380005FF800F0416900005FF800F08183000001
:103390005FF800F0915300005FF800F0156A00003C
:1033A0005FF800F0AD4200005FF800F0614A0000F5
:1033B0005FF800F0CD2800005FF800F0353800001D
:1033C0005FF800F0A5250000C90000007D1D000089
:1033D00080C00F4000000003190000001000000032
:1033E000E8841F4001000000FF000000FF00000013
:1033F00000000000000000001800000010000000A5
:10340000E4841F4001000000FF000000FF000000F6
:1034100000000000000000001F0000005D1F000011
:1034200070C00F40000C00001100000011000000EF
:10343000E0841F40020000002C0000001200000089
:10344000E0841F4001000000100000001100000097
:10345000DC841F40020000002D000000120000006C
:10346000DC841F40010000001E000000511F00000E
:1034700070C00F40C00000001200000013000000E8
:10348000D0841F4001000000FF000000FF0000008A
:103490000000000000000000130000001300000006
:1034A000CC841F4001000000FF000000FF0000006E
:1034B00000000000000000001C000000451F00008C
:1034C00009232564000000003A095B5461736B20F6
:1034D000656E74727920706F696E745D0D0A0000FC
:1034E0003A0930782530347800000000205B3078CD
:1034F000253034785D0D0A000D0A4153534552546E
:1035000020696E205B25733A25755D090000000077
:10351000257328293A20000025730D0A00000000B9
:103520000D0A537461636B2074726163653A0D0A0E
:10353000000000000D0A000052414D312073697AED
:10354000653A202575204B422C2066726565205215
:10355000414D313A202575204B422C206461746125
:1035600020757365643A202575204B422C206273C8
:103570007320757365643A202575204B422C2075A5
:1035800073656420686561703A202575204B422C74
:103590002073797374656D20667265653A202575B0
:1035A000204B420D0A00000052414D322073697ACF
:1035B000653A202575204B422C20667265652052A5
:1035C000414D323A202575204B422C20757365649D
:1035D0002052414D323A202575204B420D0A000001
:1035E0000D0A0000535441434B204F564552464C60
:1035F0004F573A2025730D0A000000005F73627276
:103600006B5F72282564293A206E6F206D656D20EE
:10361000617661696C61626C652E0D0A00000000C4
:103620002E70696F5C6C6962646570735C7465654B
:103630006E737934315C6672656572746F732D7464
:1036400065656E73795C7372635C71756575652E03
:10365000630000002E70696F5C6C69626465707352
:103660005C7465656E737934315C6672656572741D
:103670006F732D7465656E73795C7372635C7175BD
:103680006575652E630000002E70696F5C6C696261
:10369000646570735C7465656E737934315C6672F1
:1036A000656572746F732D7465656E73795C737282
:1036B000635C71756575652E630000002E70696F1F
:1036C0005C6C6962646570735C7465656E73793493
:1036D000315C6672656572746F732D7465656E73A7
:1036E000795C7372635C71756575652E63000000AB
:1036F0002E70696F5C6C6962646570735C7465657B
:103700006E737934315C6672656572746F732D7493
:1037100065656E73795C7372635C71756575652E32
:10372000630000002E70696F5C6C69626465707381
:103730005C7465656E737934315C6672656572744C
:103740006F732D7465656E73795C7372635C7175EC
:103750006575652E630000002E70696F5C6C696290
:10376000646570735C7465656E737934315C667220
:10377000656572746F732D7465656E73795C7372B1
:10378000635C71756575652E630000002E70696F4E
:103790005C6C6962646570735C7465656E737934C2
:1037A000315C6672656572746F732D7465656E73D6
:1037B000795C7372635C71756575652E63000000DA
:1037C0002E70696F5C6C6962646570735C746565AA
:1037D0006E737934315C6672656572746F732D74C3
:1037E00065656E73795C7372635C71756575652E62
:1037F000630000002E70696F5C6C696264657073B1
:103800005C7465656E737934315C6672656572747B
:103810006F732D7465656E73795C7372635C71751B
:103820006575652E630000002E70696F5C6C6962BF
:10383000646570735C7465656E737934315C66724F
:10384000656572746F732D7465656E73795C7372E0
:10385000635C71756575652E630000002E70696F7D
:103860005C6C6962646570735C7465656E737934F1
:10387000315C6672656572746F732D7465656E7305
:10388000795C7372635C71756575652E6300000009
:103890002E70696F5C6C6962646570735C746565D9
:1038A0006E737934315C6672656572746F732D74F2
:1038B00065656E73795C7372635C71756575652E91
:1038C000630000002E70696F5C6C696264657073E0
:1038D0005C7465656E737934315C667265657274AB
:1038E0006F732D7465656E73795C7372635C71754B
:1038F0006575652E630000002E70696F5C6C6962EF
:10390000646570735C7465656E737934315C66727E
:10391000656572746F732D7465656E73795C73720F
:10392000635C71756575652E630000002E70696FAC
:103930005C6C6962646570735C7465656E73793420
:10394000315C6672656572746F732D7465656E7334
:10395000795C7372635C71756575652E6300000038
:103960002E70696F5C6C6962646570735C74656508
:103970006E737934315C6672656572746F732D7421
:1039800065656E73795C7372635C71756575652EC0
:10399000630000002E70696F5C6C6962646570730F
:1039A0005C7465656E737934315C667265657274DA
:1039B0006F732D7465656E73795C7372635C71757A
:1039C0006575652E630000002E70696F5C6C69621E
:1039D000646570735C7465656E737934315C6672AE
:1039E000656572746F732D7465656E73795C73723F
:1039F000635C71756575652E630000002E70696FDC
:103A00005C6C6962646570735C7465656E7379344F
:103A1000315C6672656572746F732D7465656E7363
:103A2000795C7372635C71756575652E6300000067
:103A30002E70696F5C6C6962646570735C74656537
:103A40006E737934315C6672656572746F732D7450
:103A500065656E73795C7372635C71756575652EEF
:103A6000630000002E70696F5C6C6962646570733E
:103A70005C7465656E737934315C66726565727409
:103A80006F732D7465656E73795C7372635C7175A9
:103A90006575652E630000002E70696F5C6C69624D
:103AA000646570735C7465656E737934315C6672DD
:103AB000656572746F732D7465656E73795C73726E
:103AC000635C71756575652E630000002E70696F0B
:103AD0005C6C6962646570735C7465656E7379347F
:103AE000315C6672656572746F732D7465656E7393
:103AF000795C7372635C71756575652E6300000097
:103B00002E70696F5C6C6962646570735C74656566
:103B10006E737934315C6672656572746F732D747F
:103B200065656E73795C7372635C71756575652E1E
:103B3000630000002E70696F5C6C6962646570736D
:103B40005C7465656E737934315C66726565727438
:103B50006F732D7465656E73795C7372635C7175D8
:103B60006575652E630000002E70696F5C6C69627C
:103B7000646570735C7465656E737934315C66720C
:103B8000656572746F732D7465656E73795C73729D
:103B9000635C71756575652E630000002E70696F3A
:103BA0005C6C6962646570735C7465656E737934AE
:103BB000315C6672656572746F732D7465656E73C2
:103BC000795C7372635C71756575652E63000000C6
:103BD0002E70696F5C6C6962646570735C74656596
:103BE0006E737934315C6672656572746F732D74AF
:103BF00065656E73795C7372635C71756575652E4E
:103C0000630000002E70696F5C6C6962646570739C
:103C10005C7465656E737934315C66726565727467
:103C20006F732D7465656E73795C7372635C717507
:103C30006575652E630000002E70696F5C6C6962AB
:103C4000646570735C7465656E737934315C66723B
:103C5000656572746F732D7465656E73795C7372CC
:103C6000635C71756575652E630000002E70696F69
:103C70005C6C6962646570735C7465656E737934DD
:103C8000315C6672656572746F732D7465656E73F1
:103C9000795C7372635C71756575652E63000000F5
:103CA0002E70696F5C6C6962646570735C746565C5
:103CB0006E737934315C6672656572746F732D74DE
:103CC00065656E73795C7372635C71756575652E7D
:103CD000630000002E70696F5C6C696264657073CC
:103CE0005C7465656E737934315C66726565727497
:103CF0006F732D7465656E73795C7372635C717537
:103D00006575652E630000002E70696F5C6C6962DA
:103D1000646570735C7465656E737934315C66726A
:103D2000656572746F732D7465656E73795C7372FB
:103D3000635C71756575652E630000002E70696F98
:103D40005C6C6962646570735C7465656E7379340C
:103D5000315C6672656572746F732D7465656E7320
:103D6000795C7372635C71756575652E6300000024
:103D70002E70696F5C6C6962646570735C746565F4
:103D80006E737934315C6672656572746F732D740D
:103D900065656E73795C7372635C71756575652EAC
:103DA000630000002E70696F5C6C696264657073FB
:103DB0005C7465656E737934315C667265657274C6
:103DC0006F732D7465656E73795C7372635C717566
:103DD0006575652E630000002E70696F5C6C69620A
:103DE000646570735C7465656E737934315C66729A
:103DF000656572746F732D7465656E73795C73722B
:103E0000635C71756575652E630000002E70696FC7
:103E10005C6C6962646570735C7465656E7379343B
:103E2000315C6672656572746F732D7465656E734F
:103E3000795C7372635C71756575652E6300000053
:103E40002E70696F5C6C6962646570735C74656523
:103E50006E737934315C6672656572746F732D743C
:103E600065656E73795C7372635C71756575652EDB
:103E7000630000002E70696F5C6C6962646570732A
:103E80005C7465656E737934315C667265657274F5
:103E90006F732D7465656E73795C7372635C717595
:103EA0006575652E630000002E70696F5C6C696239
:103EB000646570735C7465656E737934315C6672C9
:103EC000656572746F732D7465656E73795C73725A
:103ED000635C71756575652E630000002E70696FF7
:103EE0005C6C6962646570735C7465656E7379346B
:103EF000315C6672656572746F732D7465656E737F
:103F0000795C7372635C71756575652E6300000082
:103F10002E70696F5C6C6962646570735C74656552
:103F20006E737934315C6672656572746F732D746B
:103F300065656E73795C7372635C71756575652E0A
:103F4000630000002E70696F5C6C69626465707359
:103F50005C7465656E737934315C66726565727424
:103F60006F732D7465656E73795C7372635C7461D5
:103F7000736B732E630000002E70696F5C6C696256
:103F8000646570735C7465656E737934315C6672F8
:103F9000656572746F732D7465656E73795C737289
:103FA000635C7461736B732E630000002E70696F25
:103FB0005C6C6962646570735C7465656E7379349A
:103FC000315C6672656572746F732D7465656E73AE
:103FD000795C7372635C7461736B732E63000000B1
:103FE0002E70696F5C6C6962646570735C74656582
:103FF0006E737934315C6672656572746F732D749B
:1040000065656E73795C7372635C7461736B732E38
:10401000630000002E70696F5C6C69626465707388
:104020005C7465656E737934315C66726565727453
:104030006F732D7465656E73795C7372635C746104
:10404000736B732E630000002E70696F5C6C696285
:10405000646570735C7465656E737934315C667227
:10406000656572746F732D7465656E73795C7372B8
:10407000635C7461736B732E630000002E70696F54
:104080005C6C6962646570735C7465656E737934C9
:10409000315C6672656572746F732D7465656E73DD
:1040A000795C7372635C7461736B732E63000000E0
:1040B0002E70696F5C6C6962646570735C746565B1
:1040C0006E737934315C6672656572746F732D74CA
:1040D00065656E73795C7372635C7461736B732E68
:1040E000630000002E70696F5C6C696264657073B8
:1040F0005C7465656E737934315C66726565727483
:104100006F732D7465656E73795C7372635C746133
:10411000736B732E630000002E70696F5C6C6962B4
:10412000646570735C7465656E737934315C667256
:10413000656572746F732D7465656E73795C7372E7
:10414000635C7461736B732E630000002E70696F83
:104150005C6C6962646570735C7465656E737934F8
:10416000315C6672656572746F732D7465656E730C
:10417000795C7372635C7461736B732E630000000F
:104180002E70696F5C6C6962646570735C746565E0
:104190006E737934315C6672656572746F732D74F9
:1041A00065656E73795C7372635C7461736B732E97
:1041B000630000002E70696F5C6C696264657073E7
:1041C0005C7465656E737934315C667265657274B2
:1041D0006F732D7465656E73795C7372635C746163
:1041E000736B732E630000002E70696F5C6C6962E4
:1041F000646570735C7465656E737934315C667286
:10420000656572746F732D7465656E73795C737216
:10421000635C7461736B732E630000002E70696FB2
:104220005C6C6962646570735C7465656E73793427
:10423000315C6672656572746F732D7465656E733B
:10424000795C7372635C7461736B732E630000003E
:104250002E70696F5C6C6962646570735C7465650F
:104260006E737934315C6672656572746F732D7428
:1042700065656E73795C7372635C7461736B732EC6
:10428000630000002E70696F5C6C69626465707316
:104290005C7465656E737934315C667265657274E1
:1042A0006F732D7465656E73795C7372635C746192
:1042B000736B732E630000002E70696F5C6C696213
:1042C000646570735C7465656E737934315C6672B5
:1042D000656572746F732D7465656E73795C737246
:1042E000635C7461736B732E630000002E70696FE2
:1042F0005C6C6962646570735C7465656E73793457
:10430000315C6672656572746F732D7465656E736A
:10431000795C7372635C7461736B732E630000006D
:104320002E70696F5C6C6962646570735C7465653E
:104330006E737934315C6672656572746F732D7457
:1043400065656E73795C7372635C7461736B732EF5
:10435000630000002E70696F5C6C69626465707345
:104360005C7465656E737934315C66726565727410
:104370006F732D7465656E73795C7372635C7461C1
:10438000736B732E630000002E70696F5C6C696242
:10439000646570735C7465656E737934315C6672E4
:1043A000656572746F732D7465656E73795C737275
:1043B000635C7461736B732E630000002E70696F11
:1043C0005C6C6962646570735C7465656E73793486
:1043D000315C6672656572746F732D7465656E739A
:1043E000795C7372635C7461736B732E630000009D
:1043F0002E70696F5C6C6962646570735C7465656E
:104400006E737934315C6672656572746F732D7486
:1044100065656E73795C7372635C7461736B732E24
:10442000630000002E70696F5C6C69626465707374
:104430005C7465656E737934315C6672656572743F
:104440006F732D7465656E73795C7372635C7461F0
:10445000736B732E630000002E70696F5C6C696271
:10446000646570735C7465656E737934315C667213
:10447000656572746F732D7465656E73795C7372A4
:10448000635C7461736B732E630000002E70696F40
:104490005C6C6962646570735C7465656E737934B5
:1044A000315C6672656572746F732D7465656E73C9
:1044B000795C7372635C7461736B732E63000000CC
:1044C0002E70696F5C6C6962646570735C7465659D
:1044D0006E737934315C6672656572746F732D74B6
:1044E00065656E73795C7372635C7461736B732E54
:1044F000630000002E70696F5C6C696264657073A4
:104500005C7465656E737934315C6672656572746E
:104510006F732D7465656E73795C7372635C74611F
:10452000736B732E630000002E70696F5C6C6962A0
:10453000646570735C7465656E737934315C667242
:10454000656572746F732D7465656E73795C7372D3
:10455000635C7461736B732E630000002E70696F6F
:104560005C6C6962646570735C7465656E737934E4
:10457000315C6672656572746F732D7465656E73F8
:10458000795C7372635C7461736B732E63000000FB
:104590002E70696F5C6C6962646570735C746565CC
:1045A0006E737934315C6672656572746F732D74E5
:1045B00065656E73795C7372635C7461736B732E83
:1045C000630000002E70696F5C6C696264657073D3
:1045D0005C7465656E737934315C6672656572749E
:1045E0006F732D7465656E73795C7372635C74614F
:1045F000736B732E630000002E70696F5C6C6962D0
:10460000646570735C7465656E737934315C667271
:10461000656572746F732D7465656E73795C737202
:10462000635C7461736B732E630000002E70696F9E
:104630005C6C6962646570735C7465656E73793413
:10464000315C6672656572746F732D7465656E7327
:10465000795C7372635C7461736B732E630000002A
:104660002E70696F5C6C6962646570735C746565FB
:104670006E737934315C6672656572746F732D7414
:1046800065656E73795C7372635C7461736B732EB2
:10469000630000002E70696F5C6C69626465707302
:1046A0005C7465656E737934315C667265657274CD
:1046B0006F732D7465656E73795C7372635C74617E
:1046C000736B732E630000002E70696F5C6C6962FF
:1046D000646570735C7465656E737934315C6672A1
:1046E000656572746F732D7465656E73795C737232
:1046F000635C7461736B732E630000002E70696FCE
:104700005C6C6962646570735C7465656E73793442
:10471000315C6672656572746F732D7465656E7356
:10472000795C7372635C7461736B732E6300000059
:104730002E70696F5C6C6962646570735C7465652A
:104740006E737934315C6672656572746F732D7443
:1047500065656E73795C7372635C7461736B732EE1
:10476000630000002E70696F5C6C69626465707331
:104770005C7465656E737934315C667265657274FC
:104780006F732D7465656E73795C7372635C7461AD
:10479000736B732E630000002E70696F5C6C69622E
:1047A000646570735C7465656E737934315C6672D0
:1047B000656572746F732D7465656E73795C737261
:1047C000635C7461736B732E630000002E70696FFD
:1047D0005C6C6962646570735C7465656E73793472
:1047E000315C6672656572746F732D7465656E7386
:1047F000795C7372635C7461736B732E6300000089
:104800002E70696F5C6C6962646570735C74656559
:104810006E737934315C6672656572746F732D7472
:1048200065656E73795C7372635C7461736B732E10
:10483000630000002E70696F5C6C69626465707360
:104840005C7465656E737934315C6672656572742B
:104850006F732D7465656E73795C7372635C7461DC
:10486000736B732E630000002E70696F5C6C69625D
:10487000646570735C7465656E737934315C6672FF
:10488000656572746F732D7465656E73795C737290
:10489000635C7461736B732E630000002E70696F2C
:1048A0005C6C6962646570735C7465656E737934A1
:1048B000315C6672656572746F732D7465656E73B5
:1048C000795C7372635C7461736B732E63000000B8
:1048D0002E70696F5C6C6962646570735C74656589
:1048E0006E737934315C6672656572746F732D74A2
:1048F00065656E73795C7372635C7461736B732E40
:10490000630000002E70696F5C6C6962646570738F
:104910005C7465656E737934315C6672656572745A
:104920006F732D7465656E73795C7372635C74610B
:10493000736B732E630000002E70696F5C6C69628C
:10494000646570735C7465656E737934315C66722E
:10495000656572746F732D7465656E73795C7372BF
:10496000635C7461736B732E630000002E70696F5B
:104970005C6C6962646570735C7465656E737934D0
:10498000315C6672656572746F732D7465656E73E4
:10499000795C7372635C7461736B732E63000000E7
:1049A0002E70696F5C6C6962646570735C746565B8
:1049B0006E737934315C6672656572746F732D74D1
:1049C00065656E73795C7372635C7461736B732E6F
:1049D000630000002E70696F5C6C696264657073BF
:1049E0005C7465656E737934315C6672656572748A
:1049F0006F732D7465656E73795C7372635C74613B
:104A0000736B732E630000002E70696F5C6C6962BB
:104A1000646570735C7465656E737934315C66725D
:104A2000656572746F732D7465656E73795C7372EE
:104A3000635C7461736B732E630000002E70696F8A
:104A40005C6C6962646570735C7465656E737934FF
:104A5000315C6672656572746F732D7465656E7313
:104A6000795C7372635C7461736B732E6300000016
:104A70002E70696F5C6C6962646570735C746565E7
:104A80006E737934315C6672656572746F732D7400
:104A900065656E73795C7372635C7461736B732E9E
:104AA000630000002E70696F5C6C696264657073EE
:104AB0005C7465656E737934315C667265657274B9
:104AC0006F732D7465656E73795C7372635C74616A
:104AD000736B732E630000002E70696F5C6C6962EB
:104AE000646570735C7465656E737934315C66728D
:104AF000656572746F732D7465656E73795C73721E
:104B0000635C7461736B732E630000002E70696FB9
:104B10005C6C6962646570735C7465656E7379342E
:104B2000315C6672656572746F732D7465656E7342
:104B3000795C7372635C7461736B732E6300000045
:104B40002E70696F5C6C6962646570735C74656516
:104B50006E737934315C6672656572746F732D742F
:104B600065656E73795C7372635C7461736B732ECD
:104B7000630000002E70696F5C6C6962646570731D
:104B80005C7465656E737934315C667265657274E8
:104B90006F732D7465656E73795C7372635C746199
:104BA000736B732E630000002E70696F5C6C69621A
:104BB000646570735C7465656E737934315C6672BC
:104BC000656572746F732D7465656E73795C73724D
:104BD000635C7461736B732E630000002E70696FE9
:104BE0005C6C6962646570735C7465656E7379345E
:104BF000315C6672656572746F732D7465656E7372
:104C0000795C7372635C7461736B732E6300000074
:104C10002E70696F5C6C6962646570735C74656545
:104C20006E737934315C6672656572746F732D745E
:104C300065656E73795C7372635C7461736B732EFC
:104C4000630000002E70696F5C6C6962646570734C
:104C50005C7465656E737934315C66726565727417
:104C60006F732D7465656E73795C7372635C7461C8
:104C7000736B732E630000002E70696F5C6C696249
:104C8000646570735C7465656E737934315C6672EB
:104C9000656572746F732D7465656E73795C73727C
:104CA000635C7461736B732E630000002E70696F18
:104CB0005C6C6962646570735C7465656E7379348D
:104CC000315C6672656572746F732D7465656E73A1
:104CD000795C7372635C7461736B732E63000000A4
:104CE0002E70696F5C6C6962646570735C74656575
:104CF0006E737934315C6672656572746F732D748E
:104D000065656E73795C7372635C7461736B732E2B
:104D1000630000002E70696F5C6C6962646570737B
:104D20005C7465656E737934315C66726565727446
:104D30006F732D7465656E73795C7372635C7461F7
:104D4000736B732E630000002E70696F5C6C696278
:104D5000646570735C7465656E737934315C66721A
:104D6000656572746F732D7465656E73795C7372AB
:104D7000635C7461736B732E630000002E70696F47
:104D80005C6C6962646570735C7465656E737934BC
:104D9000315C6672656572746F732D7465656E73D0
:104DA000795C7372635C7461736B732E63000000D3
:104DB0002E70696F5C6C6962646570735C746565A4
:104DC0006E737934315C6672656572746F732D74BD
:104DD00065656E73795C7372635C7461736B732E5B
:104DE000630000002E70696F5C6C696264657073AB
:104DF0005C7465656E737934315C66726565727476
:104E00006F732D7465656E73795C7372635C746126
:104E1000736B732E630000002E70696F5C6C6962A7
:104E2000646570735C7465656E737934315C667249
:104E3000656572746F732D7465656E73795C7372DA
:104E4000635C7461736B732E630000002E70696F76
:104E50005C6C6962646570735C7465656E737934EB
:104E6000315C6672656572746F732D7465656E73FF
:104E7000795C7372635C7461736B732E6300000002
:104E80002E70696F5C6C6962646570735C746565D3
:104E90006E737934315C6672656572746F732D74EC
:104EA00065656E73795C7372635C7461736B732E8A
:104EB000630000002E70696F5C6C696264657073DA
:104EC0005C7465656E737934315C667265657274A5
:104ED0006F732D7465656E73795C7372635C746156
:104EE000736B732E630000002E70696F5C6C6962D7
:104EF000646570735C7465656E737934315C667279
:104F0000656572746F732D7465656E73795C737209
:104F1000635C7461736B732E630000002E70696FA5
:104F20005C6C6962646570735C7465656E7379341A
:104F3000315C6672656572746F732D7465656E732E
:104F4000795C7372635C7461736B732E6300000031
:104F50002E70696F5C6C6962646570735C74656502
:104F60006E737934315C6672656572746F732D741B
:104F700065656E73795C7372635C7461736B732EB9
:104F8000630000002E70696F5C6C69626465707309
:104F90005C7465656E737934315C667265657274D4
:104FA0006F732D7465656E73795C7372635C746185
:104FB000736B732E630000002E70696F5C6C696206
:104FC000646570735C7465656E737934315C6672A8
:104FD000656572746F732D7465656E73795C737239
:104FE000635C7461736B732E630000002E70696FD5
:104FF0005C6C6962646570735C7465656E7379344A
:10500000315C6672656572746F732D7465656E735D
:10501000795C7372635C7461736B732E6300000060
:105020002E70696F5C6C6962646570735C74656531
:105030006E737934315C6672656572746F732D744A
:1050400065656E73795C7372635C7461736B732EE8
:10505000630000002E70696F5C6C69626465707338
:105060005C7465656E737934315C66726565727403
:105070006F732D7465656E73795C7372635C7461B4
:10508000736B732E630000002E70696F5C6C696235
:10509000646570735C7465656E737934315C6672D7
:1050A000656572746F732D7465656E73795C737268
:1050B000635C7461736B732E630000002E70696F04
:1050C0005C6C6962646570735C7465656E73793479
:1050D000315C6672656572746F732D7465656E738D
:1050E000795C7372635C7461736B732E6300000090
:1050F0002E70696F5C6C6962646570735C74656561
:105100006E737934315C6672656572746F732D7479
:1051100065656E73795C7372635C7461736B732E17
:10512000630000002E70696F5C6C69626465707367
:105130005C7465656E737934315C66726565727432
:105140006F732D7465656E73795C7372635C7461E3
:10515000736B732E630000002E70696F5C6C696264
:10516000646570735C7465656E737934315C667206
:10517000656572746F732D7465656E73795C737297
:10518000635C7461736B732E630000002E70696F33
:105190005C6C6962646570735C7465656E737934A8
:1051A000315C6672656572746F732D7465656E73BC
:1051B000795C7372635C7461736B732E63000000BF
:1051C0002E70696F5C6C6962646570735C74656590
:1051D0006E737934315C6672656572746F732D74A9
:1051E00065656E73795C7372635C7461736B732E47
:1051F000630000002E70696F5C6C69626465707397
:105200005C7465656E737934315C66726565727461
:105210006F732D7465656E73795C7372635C746112
:10522000736B732E630000002E70696F5C6C696293
:10523000646570735C7465656E737934315C667235
:10524000656572746F732D7465656E73795C7372C6
:10525000635C7461736B732E630000002E70696F62
:105260005C6C6962646570735C7465656E737934D7
:10527000315C6672656572746F732D7465656E73EB
:10528000795C7372635C7461736B732E63000000EE
:105290002E70696F5C6C6962646570735C746565BF
:1052A0006E737934315C6672656572746F732D74D8
:1052B00065656E73795C7372635C7461736B732E76
:1052C000630000002E70696F5C6C696264657073C6
:1052D0005C7465656E737934315C66726565727491
:1052E0006F732D7465656E73795C7372635C746142
:1052F000736B732E630000002E70696F5C6C6962C3
:10530000646570735C7465656E737934315C667264
:10531000656572746F732D7465656E73795C7372F5
:10532000635C7461736B732E630000002E70696F91
:105330005C6C6962646570735C7465656E73793406
:10534000315C6672656572746F732D7465656E731A
:10535000795C7372635C7461736B732E630000001D
:105360002E70696F5C6C6962646570735C746565EE
:105370006E737934315C6672656572746F732D7407
:1053800065656E73795C7372635C7461736B732EA5
:10539000630000002E70696F5C6C696264657073F5
:1053A0005C7465656E737934315C667265657274C0
:1053B0006F732D7465656E73795C7372635C746171
:1053C000736B732E630000002E70696F5C6C6962F2
:1053D000646570735C7465656E737934315C667294
:1053E000656572746F732D7465656E73795C737225
:1053F000635C7461736B732E630000002E70696FC1
:105400005C6C6962646570735C7465656E73793435
:10541000315C6672656572746F732D7465656E7349
:10542000795C7372635C7461736B732E630000004C
:105430002E70696F5C6C6962646570735C7465651D
:105440006E737934315C6672656572746F732D7436
:1054500065656E73795C7372635C7461736B732ED4
:10546000630000002E70696F5C6C69626465707324
:105470005C7465656E737934315C667265657274EF
:105480006F732D7465656E73795C7372635C7461A0
:10549000736B732E630000002E70696F5C6C696221
:1054A000646570735C7465656E737934315C6672C3
:1054B000656572746F732D7465656E73795C737254
:1054C000635C7461736B732E630000002E70696FF0
:1054D0005C6C6962646570735C7465656E73793465
:1054E000315C6672656572746F732D7465656E7379
:1054F000795C7372635C7461736B732E630000007C
:105500002E70696F5C6C6962646570735C7465654C
:105510006E737934315C6672656572746F732D7465
:1055200065656E73795C7372635C7461736B732E03
:10553000630000002E70696F5C6C69626465707353
:105540005C7465656E737934315C6672656572741E
:105550006F732D7465656E73795C7372635C7461CF
:10556000736B732E630000002E70696F5C6C696250
:10557000646570735C7465656E737934315C6672F2
:10558000656572746F732D7465656E73795C737283
:10559000635C7461736B732E630000002E70696F1F
:1055A0005C6C6962646570735C7465656E73793494
:1055B000315C6672656572746F732D7465656E73A8
:1055C000795C7372635C7461736B732E63000000AB
:1055D0002E70696F5C6C6962646570735C7465657C
:1055E0006E737934315C6672656572746F732D7495
:1055F00065656E73795C7372635C7461736B732E33
:10560000630000002E70696F5C6C69626465707382
:105610005C7465656E737934315C6672656572744D
:105620006F732D7465656E73795C7372635C7461FE
:10563000736B732E630000002E70696F5C6C69627F
:10564000646570735C7465656E737934315C667221
:10565000656572746F732D7465656E73795C7372B2
:10566000635C7461736B732E630000002E70696F4E
:105670005C6C6962646570735C7465656E737934C3
:10568000315C6672656572746F732D7465656E73D7
:10569000795C7372635C7461736B732E63000000DA
:1056A0002E70696F5C6C6962646570735C746565AB
:1056B0006E737934315C6672656572746F732D74C4
:1056C00065656E73795C7372635C7461736B732E62
:1056D000630000002E70696F5C6C696264657073B2
:1056E0005C7465656E737934315C6672656572747D
:1056F0006F732D7465656E73795C7372635C746926
:105700006D6572732E6300002E70696F5C6C696248
:10571000646570735C7465656E737934315C667250
:10572000656572746F732D7465656E73795C7372E1
:10573000635C74696D6572732E6300002E70696F0F
:105740005C6C6962646570735C7465656E737934F2
:10575000315C6672656572746F732D7465656E7306
:10576000795C7372635C74696D6572732E6300009B
:105770002E70696F5C6C6962646570735C746565DA
:105780006E737934315C6672656572746F732D74F3
:1057900065656E73795C7372635C74696D65727351
:1057A0002E6300002E70696F5C6C696264657073B3
:1057B0005C7465656E737934315C667265657274AC
:1057C0006F732D7465656E73795C7372635C746955
:1057D0006D6572732E6300002E70696F5C6C696278
:1057E000646570735C7465656E737934315C667280
:1057F000656572746F732D7465656E73795C737211
:10580000635C74696D6572732E6300002E70696F3E
:105810005C6C6962646570735C7465656E73793421
:10582000315C6672656572746F732D7465656E7335
:10583000795C7372635C74696D6572732E630000CA
:105840002E70696F5C6C6962646570735C74656509
:105850006E737934315C6672656572746F732D7422
:1058600065656E73795C7372635C74696D65727380
:105870002E6300002E70696F5C6C696264657073E2
:105880005C7465656E737934315C667265657274DB
:105890006F732D7465656E73795C7372635C746984
:1058A0006D6572732E6300002E70696F5C6C6962A7
:1058B000646570735C7465656E737934315C6672AF
:1058C000656572746F732D7465656E73795C737240
:1058D000635C74696D6572732E6300002E70696F6E
:1058E0005C6C6962646570735C7465656E73793451
:1058F000315C6672656572746F732D7465656E7365
:10590000795C7372635C74696D6572732E630000F9
:105910002E70696F5C6C6962646570735C74656538
:105920006E737934315C6672656572746F732D7451
:1059300065656E73795C7372635C74696D657273AF
:105940002E6300002E70696F5C6C69626465707311
:105950005C7465656E737934315C6672656572740A
:105960006F732D7465656E73795C7372635C7469B3
:105970006D6572732E6300002E70696F5C6C6962D6
:10598000646570735C7465656E737934315C6672DE
:10599000656572746F732D7465656E73795C73726F
:1059A000635C74696D6572732E6300002E70696F9D
:1059B0005C6C6962646570735C7465656E73793480
:1059C000315C6672656572746F732D7465656E7394
:1059D000795C7372635C74696D6572732E63000029
:1059E0002E70696F5C6C6962646570735C74656568
:1059F0006E737934315C6672656572746F732D7481
:105A000065656E73795C7372635C74696D657273DE
:105A10002E6300002E70696F5C6C69626465707340
:105A20005C7465656E737934315C66726565727439
:105A30006F732D7465656E73795C7372635C7469E2
:105A40006D6572732E6300002E70696F5C6C696205
:105A5000646570735C7465656E737934315C66720D
:105A6000656572746F732D7465656E73795C73729E
:105A7000635C74696D6572732E6300002E70696FCC
:105A80005C6C6962646570735C7465656E737934AF
:105A9000315C6672656572746F732D7465656E73C3
:105AA000795C7372635C6C6973742E630000000030
:105AB0002E70696F5C6C6962646570735C74656597
:105AC0006E737934315C6672656572746F732D74B0
:105AD00065656E73795C7372635C6C6973742E6355
:105AE000000000002E70696F5C6C69626465707301
:105AF0005C7465656E737934315C66726565727469
:105B00006F732D7465656E73795C7372635C6C6919
:105B100073742E63000000002E70696F5C6C696204
:105B2000646570735C7465656E737934315C66723C
:105B3000656572746F732D7465656E73795C7372CD
:105B4000635C6C6973742E63000000005949454C16
:105B5000440000006576656E745F74004556454EDE
:105B6000540000002E70696F5C6C6962646570732C
:105B70005C7465656E737934315C667265657274E8
:105B80006F732D7465656E73795C7372635C706F8F
:105B9000727461626C655C706F72742E63000000D9
:105BA0002E70696F5C6C6962646570735C746565A6
:105BB0006E737934315C6672656572746F732D74BF
:105BC00065656E73795C7372635C706F7274616229
:105BD0006C655C706F72742E630000002E70696FCC
:105BE0005C6C6962646570735C7465656E7379344E
:105BF000315C6672656572746F732D7465656E7362
:105C0000795C7372635C706F727461626C655C70F6
:105C10006F72742E630000002E70696F5C6C696295
:105C2000646570735C7465656E737934315C66723B
:105C3000656572746F732D7465656E73795C7372CC
:105C4000635C706F727461626C655C706F72742EED
:105C5000630000002E70696F5C6C6962646570732C
:105C60005C7465656E737934315C667265657274F7
:105C70006F732D7465656E73795C7372635C706F9E
:105C8000727461626C655C706F72742E63000000E8
:105C90002E70696F5C6C6962646570735C746565B5
:105CA0006E737934315C6672656572746F732D74CE
:105CB00065656E73795C7372635C706F7274616238
:105CC0006C655C706F72742E630000002E70696FDB
:105CD0005C6C6962646570735C7465656E7379345D
:105CE000315C6672656572746F732D7465656E7371
:105CF000795C7372635C706F727461626C655C7006
:105D00006F72742E630000002E70696F5C6C6962A4
:105D1000646570735C7465656E737934315C66724A
:105D2000656572746F732D7465656E73795C7372DB
:105D3000635C706F727461626C655C706F72742EFC
:105D4000630000002E70696F5C6C6962646570733B
:105D50005C7465656E737934315C66726565727406
:105D60006F732D7465656E73795C7372635C706FAD
:105D7000727461626C655C706F72742E63000000F7
:105D80002E70696F5C6C6962646570735C746565C4
:105D90006E737934315C6672656572746F732D74DD
:105DA00065656E73795C7372635C706F7274616247
:105DB0006C655C706F72742E630000002E70696FEA
:105DC0005C6C6962646570735C7465656E7379346C
:105DD000315C6672656572746F732D7465656E7380
:105DE000795C7372635C706F727461626C655C7015
:105DF0006F72742E630000002E70696F5C6C6962B4
:105E0000646570735C7465656E737934315C667259
:105E1000656572746F732D7465656E73795C7372EA
:105E2000635C706F727461626C655C706F72742E0B
:105E300063000000756E6B6E6F776E004661756C67
:105E400074204952513A20202020307825780D0ABC
:105E5000000000002073703A202020202020202005
:105E60002020307825780D0A00000000206C723A5E
:105E700020202020202020202020307825780D0A86
:105E80000000000020737461636B65645F72303AD8
:105E90002020307825780D0A0000000020737461FE
:105EA000636B65645F72313A2020307825780D0A83
:105EB0000000000020737461636B65645F72323AA6
:105EC0002020307825780D0A0000000020737461CE
:105ED000636B65645F72333A2020307825780D0A51
:105EE0000000000020737461636B65645F7231327F
:105EF0003A20307825780D0A000000002073746184
:105F0000636B65645F6C723A2020307825780D0AE7
:105F10000000000020737461636B65645F70633A16
:105F20002020307825780D0A00000000207374616D
:105F3000636B65645F7073723A20307825780D0A60
:105F400000000000205F434653523A2020202020CA
:105F50002020307825780D0A0000000020202849F4
:105F600041434356494F4C2920202020496E7374E9
:105F700072756374696F6E20416363657373205635
:105F8000696F6C6174696F6E0D0A000020202844EF
:105F900041434356494F4C292020202044617461DD
:105FA000204163636573732056696F6C6174696F18
:105FB0006E0D0A002020284D554E53544B45525229
:105FC000292020204D656D4D616E67652046617505
:105FD0006C74206F6E20556E737461636B696E67AD
:105FE0000D0A00002020284D53544B4552522920C1
:105FF000202020204D656D4D616E676520466175DE
:106000006C74206F6E20737461636B696E670D0A28
:10601000000000002020284D4C53504552522920AA
:10602000202020204D656D4D616E676520466175AD
:106030006C74206F6E204650204C617A7920537426
:106040006174650D0A0000002020284D4D41525614
:10605000414C4944292020204D656D4D616E676596
:10606000204661756C7420416464726573732056B8
:10607000616C69640D0A000020202849425553458F
:106080005252292020202020496E73747275637447
:10609000696F6E20427573204572726F720D0A002F
:1060A0002020285052454349534552522920202050
:1060B0004461746120627573206572726F7220286A
:1060C0006164647265737320696E2042464152298F
:1060D0000D0A0000202028494D50524543495345A0
:1060E0005252292044617461206275732065727276
:1060F0006F72206275742061646472657373206EC0
:106100006F742072656C6174656420746F20696EB1
:10611000737472756374696F6E0D0A0020202855C0
:106120004E53544B45525229202020204275732053
:106130004661756C74206F6E20756E737461636B4D
:10614000696E6720666F7220612072657475726E69
:106150002066726F6D20657863657074696F6E0D6F
:106160000A00000020202853544B45525229202079
:1061700020202020427573204661756C74206F6E5C
:1061800020737461636B696E6720666F7220657837
:1061900063657074696F6E20656E7472790D0A00A4
:1061A0002020284C535045525229202020202020C6
:1061B000427573204661756C74206F6E20465020C6
:1061C0006C617A792073746174652070726573658F
:1061D00072766174696F6E0D0A00000020202842FB
:1061E00046415256414C4944292020204275732093
:1061F0004661756C742041646472657373205661E6
:106200006C69640D0A000000202028554E44454664
:10621000494E535452292020556E646566696E6557
:106220006420696E737472756374696F6E0D0A0011
:10623000202028494E5653544154452920202020DF
:10624000496E737472756374696F6E206D616B65EE
:106250007320696C6C6567616C20757365206F666F
:1062600020455053520D0A00202028494E565043D5
:106270002920202020202020557361676520666139
:10628000756C743A20696E76616C69642045584378
:106290005F52455455524E0D0A0000002020284EF2
:1062A0004F43502920202020202020204E6F2043C3
:1062B0006F70726F636573736F720D0A0000000078
:1062C000202028554E414C49474E45442920202046
:1062D000556E616C69676E65642061636365737395
:1062E0002055736167654661756C740D0A00000086
:1062F00020202844495642595A45524F29202020EF
:10630000446976696465206279207A65726F0D0A46
:1063100000000000205F484653523A2020202020F1
:106320002020307825780D0A000000002020285613
:1063300045435454424C292020202020427573208C
:106340004661756C74206F6E2056656320546162DF
:106350006C6520526561640D0A000000202028460B
:106360004F5243454429202020202020466F72634D
:1063700065642048617264204661756C740D0A0082
:10638000205F444653523A2020202020202030789D
:1063900025780D0A00000000205F414653523A2044
:1063A000202020202020307825780D0A00000000D1
:1063B000205F424641523A20202020202020307881
:1063C00025780D0A00000000205F4D4D41523A2013
:1063D000202020202020307825780D0A00000000A1
:1063E0000A416374697665207461736B2028544395
:1063F00042293A2025730D0A0000000041637469A8
:106400007665207461736B2028737461636B293A1D
:106410002025730D0A0000000D0A537461636B2080
:1064200074726163653A0D0A000000000A00000002
:1064300009737461636B5F617267733D30782578AF
:106440000D0A0000097078546F704F6653746163D1
:106450006B3D307825780D0A0000000009707853F4
:106460007461636B3D307825780D0A0009707845BA
:106470006E644F66537461636B3D307825780D0A06
:10648000000000000D0A537461636B207472616335
:10649000653A0D0A000000000A00000016035500CE
:1064A0005300420020005300650072006900610043
:1064B0006C00000018035400650065006E00730056
:1064C00079006400750069006E006F000403090420
:1064D00009026200030100C032080B00020202013F
:1064E000000904000001020201000524001001055A
:1064F0002401010104240206052406000107058287
:106500000310001009040100020A0000000705033F
:106510000240000007058402400000090402000256
:10652000FF6AFF00070581024000010705010240E4
:106530000001000009026200030100C032080B00E4
:106540000202020100090400000102020100052408
:10655000001001052401010104240206052406009F
:10656000010705820310000509040100020A00006A
:10657000000705030200020007058402000200096B
:1065800004020002FF6AC70007058102000201073A
:1065900005010200020100000A060002EF020140AC
:0465A00001000000F6
:1065A40000000000000000000000000000000000E7
:1065B40000000000000000000000000000000000D7
:1065C400F0B40D4B4FF0010C0C4F0D4E0D4D53E834
:1065D400002F3C6830686A6843E800C10029F6D19E
:1065E400094D121A4FF47A732868A2FB0020E4FBC9
:1065F4000301F0BC704700BF087000200470002045
:1066040000700020001000E0FC6F002009480A4AD6
:106614000A4B12680A4910B404685B6808680021D0
:106624001B1B5DF8044BA3FB00304FF47A73E2FBB1
:10663400030170470070002004700020001000E087
:10664400FC6F00200548064B1B1AD90F01EBA30170
:10665400491002D0034B03B118477047C0320020E1
:10666400C03200200000000008B5054B1BB10549ED
:106674000548AFF30080BDE80840FFF7E3BF00BF63
:1066840000000000486E00200030016000207047C8
:10669400034B186810B103681B681847704700BFA4
:1066A400846900202DE9F04100F5005090B0574C6A
:1066B4009646574B0094C0F810191B6A5548C3F30B
:1066C40001230468403304F080746B4413F8406C75
:1066D400514B03FB06F60368B6FBF1F2B6FBF2F589
:1066E40043F0A0434D1B03600368DF01FCD5052A7A
:1066F4004FF0000C2AD96046831C0130B2FBF3F73B
:10670400192F07FB03F3F7D84FF00108B6FBF3F397
:10671400CB1A002BB8BF5B42AB420BDBA7F10C03D7
:1067240018BF4FF00008062B0AD8B8F1000F07D0A5
:106734008446E1E71D46A7F10C038446062BF4D9F1
:10674400052FD9D80CF10103B2FBF3F2B5F5967F0E
:10675400A2F105024CDC142A4AD802EB42022F4F64
:106764006E46DFF8B08002F14003BEF1020F0DEB7C
:1067740003050FCF0FC60FCF0FC60FCF0FC697E875
:106784000F0007C626F8023B4FEA1343337015F88F
:106794003F3C15F83E2C4FEAC34315F8401C4FEA22
:1067A400024203F4601301F0070102F4E02243EA19
:1067B400020343EA010343F4800343EA0C6343F412
:1067C4008043C8F80430D8F8043014BF23F0080319
:1067D40043F00803C8F804303CB90E4A136823F0A8
:1067E400805313601368DB01FCD410B0BDE8F08162
:1067F400002CFAD1074A136823F0805313601368FE
:10680400D901FCD410B0BDE8F08100BF3C185000A1
:1068140000C00F4000001D4040420F0080020020D5
:1068240000207047002070470820704730B51A4C8C
:1068340083B0002194F8A32094F8A23001919A42E5
:1068440024D0164D9A4203F10102234420D993F82F
:106854001AC084F8A220002301AA0DF103012868BC
:106864008DF803C002F0B0F994F8A32094F8A23094
:106874009A42E7D1019B4BB14FF0E0234FF0805295
:10688400C3F8042DBFF34F8FBFF36F8F03B030BD38
:106894004FF0FF0CDFE700BF482600208C69002082
:1068A40010490B68486B0A68496B02F07F02C1F318
:1068B400036101320431B2EB410F10D303F07F03C3
:1068C400C0F30360053B0130A3EB4003DBB2054A90
:1068D400106800F07F000130C01AC0B27047002376
:1068E400F5E700BF00001D4038B5044649B108462D
:1068F4000D4608F0D5F82368024629465B68204611
:1069040098472046BDE8384004F08CBE2DE9F04F8E
:10691400002683B00124294FDFF8A8903546DFF81C
:10692400A880DFF8A8A009E03E683B689B1B132BF6
:106934002AD8002501240A2003F04CFA0121022060
:1069440005F04AF8032005F071F8002814BF4FF051
:10695400000B04F0010BBBF1000FE5D138B3002D9F
:10696400E9D01021164806F025FB404604F05AFEF3
:1069740003235A465946D9F800005D46CDF800B0C5
:10698400012403F075FED6E71021504606F012FBF1
:10699400404604F047FE002101220323D9F80000F9
:1069A4005D4600918BEA020403F062FEC3E73B6894
:1069B4009B1B132BBFD904460125BCE704700020A0
:1069C40038030020F83F0020B823002024030020CF
:1069D400F0B5414C414E424D2DED048B9FED419A53
:1069E40087B0DFED418A9FED418ADFED419A0027B0
:1069F4004FF0FF320DF10701206802F06DF9012814
:106A0400F6D19DF8073004971A09059703F00F0390
:106A1400CDE90277062AEBD8DFE802F004043D2D25
:106A24004D1F170001238DF814300023052202A9FD
:106A3400286801F073FF0128D9D025212D4806F0DC
:106A4400B9FA2D4804F0EEFDD1E7012B41D0022B19
:106A540048FE897ACDED047AE7E7032B28BF0323A8
:106A640006EB8303D3ED007A68EE677ACDED027A04
:106A7400CDED037AD9E7032B28BF032306EB830369
:106A8400D3ED007A67EE887AB1EE677ACDED027ABB
:106A94008DED037AC9E7032B28BF032306EB830399
:106AA400D3ED007A67EE887AB1EE677ACDED037A9A
:106AB4008DED027AB9E7032B28BF032306EB83038A
:106AC400D3ED007A67EE887ACDED027ACDED037AC4
:106AD400ABE7F0EE697ABDE78C690020BC030020C7
:106AE400FC3F002000000000CDCCCCBEC3F5A83E86
:106AF400CDCCCC3ED8020020B8230020704700BF84
:106B04002DE9F0439A4B83B09A49002201930B6A12
:106B1400C3F3012308336B4413F8043CC0E9012296
:106B2400C0E90322002B00F0098100F500569149C9
:106B34002420914B0124914A0225C6F80C09122005
:106B4400C3F8D0208A6E8E4B42F470328A6641F2CA
:106B5400B00186F815498B4A8B4CC3F81C01C3F865
:106B64000C13E564C3F82001C3F81013136823F071
:106B740000431360136843F0A04313601368DB0100
:106B8400FCD553687F4943F008035360136843F00E
:106B9400804313600B68DF02FCD40A68794B42F02F
:106BA40000720A601A6812F00072FBD1754B196802
:106BB400CD01FCD5196841F400311960196841F41C
:106BC40080311960196841F480511960196841F4E1
:106BD40000511960196841F480011960196841F481
:106BE40000211960196821F408411960596B41F4B6
:106BF400E0215963196841F400111960196841F0E2
:106C0400806119601D68196805F0807541F0A04124
:106C140019605C490B68DC01FCD50B68DFF874E192
:106C240023F00053DFF870C1564F0B6000234B6212
:106C340018468B62096803EB0E0103EB0C04013365
:106C44000901A400C860DBB2886048600860206065
:106C5400396801F07F0101318B42ECD3B864002420
:106C64003861F96A3B6BF9623B633B68DFF8249156
:106C7400444FDFF8248119E03B6803F07F030133BC
:106C8400B2EB930F34BF4FF080634FF08C630B6013
:106C94007B6BC3F300439B0703603B68013403F041
:106CA4007F03E4B2013322469C421FD23B6804EBCB
:106CB400090104EB080003F07F030901800001339C
:106CC400B2EB530FD8D34FF000630B603B689800CE
:106CD40003D5FFF7E5FDA042DFD801231F2C03FAFB
:106CE40004F323D8BA6A1343BB62D6E73DB93B68C1
:106CF400244A23F080533B601368D901FCD4214A11
:106D0400136823F0805313601368DB01FCD4D6F8B6
:106D14000C2901211D4B03EB521302F01F029B00AF
:106D240001FA02F21A6003B0BDE8F083A4F1200175
:106D340001237A6A8B4013437B62AEE70B6A144AE1
:106D440023F47F7343F480730B621368002B3FF4C6
:106D5400ECAE0C4A00F500561C6818465268D6F88A
:106D64001019C2F3C002636852009847DFE600BFFF
:106D74003C18500000C00F4000300020F10000001B
:106D840000801F4000001D4000841F404038003830
:106D94008469002008D00104204207106C4D40F2A1
:106DA400EE286C4CDFF81C922E6880B56A4F82B0D6
:106DB40008F0B2F82378002B00F08C803B78DA07D7
:106DC40040F188802B68D9F800209B1A0E2B40F2E2
:106DD4008180614F40F6B736DFF8E88108F09CF80F
:106DE4002378002B00F081803B78DB077DD52B686E
:106DF400D8F800209B1A0E2B77D90121022004F029
:106E040027FE01210220554C04F0E6FD0221032057
:106E1400534D04F01DFE53495348FFF765FD534895
:106E2400FFF76EFE002252495048FFF73BFC002258
:106E34000121102001F03EFD0022102120600420D9
:106E440001F038FD034601202B6001F09FFE494A02
:106E540023681060002B50D02B68002B54D00028DE
:106E640059D0454C0821204601F04EFB43490222EB
:106E740043480023CDE90021C4F83C014FF40072DB
:106E84004049414802F022FD01284BD1002403204F
:106E94004FF400723D492346CDE900043C4802F01A
:106EA40015FD012845D1052023464FF4C072394908
:106EB400CDE90004384802F009FD012840D13749E2
:106EC4002948FFF711FD02F0C3FD35492648FFF7B5
:106ED4000BFDFEE72B6822789B1B5AB1B3F5FA6FC2
:106EE4003FF677AF08F018F862E72B68B3427FF6F5
:106EF40075AF82E74345F5D96BE72A4B4FF4A1718F
:106F0400294A2A4807F0E8FF294B40F24311264A50
:106F1400264807F0E1FF274B4FF4A271224A234889
:106F240007F0DAFF244B4FF4A6711F4A1F4807F0FD
:106F3400D3FF224B40F24D111B4A1C4807F0CCFFF3
:106F44001F4B4FF4A771184A184807F0C5FF00BF3C
:106F54000470002063720020627200208C6900209B
:106F6400FC3F0020980E0020B82300206C40002035
:106F740020A107008869002048260020F83F00204F
:106F84008D020000040F0020FD0C0000740F00208F
:106F940031040000DC0F00206D03000038100020D5
:106FA4005C100020B40E0020C80E0020C41800207D
:106FB400D80E0020F00E0020100F0020800F0020BB
:106FC400E40F0020C07000201F2910B422D8012330
:106FD40018488B400363184B4FF00064D0790B447E
:106FE4001B011C60E8B1117A1068090520F06040AB
:106FF40041F4C0015860D0685DF8044B00BA986051
:10700400106900BAD860D27A41EA024242F0406282
:107014001A607047A1F1200401230648A340C3620B
:10702400D9E714680548117A00EA844009055860D4
:10703400E1E700BF00001D4008D001040000FC1F70
:107044003B4B1B6A2DE9F04113F0200E86B066D14C
:1070540000F580540646B4F81E3B9BB2102B62D058
:10706400B4F81C8B0D461A27086808F00F08496805
:10707400AA68EC46EB6807FB0848ACE80F002869EF
:107084001822696988F830EB41F6303EB4F81C3BAD
:1070940003F00F0307FB034383F8312BB4F81C3BC5
:1070A40003F00F03ACE8030007FB0366EC46B644A9
:1070B400BCE80F00CEF80200CEF80610CEF80A2085
:1070C400CEF80E30BCE80300CEF81200CEF816104D
:1070D400B4F81C2BB4F81A3B92B29BB283F01003A1
:1070E4009A4206D1B4F81A3B013303F01F03A4F803
:1070F4001A3BB4F81C3B013303F01F03A4F81C3BF8
:10710400B4F81E3B9BB20F2B09D8B4F81E3B0120E8
:1071140003449BB2A4F81E3B06B0BDE8F0810120F5
:1071240006B0BDE8F081704606B0BDE8F08100BF4E
:1071340000001D408B7D70B50D4686B004463F4E61
:10714400002B3CD1336813F0005C25D0FFF7A8FB7B
:107154003368844603F07F03013398421ED23849D2
:10716400364807E003685FFA82FC03F07F030133CB
:107174009C4513D20CEB01030CF101021B011B68AB
:10718400C3F30363082BEDD120462A466146FFF77B
:107194001BFF012006B070BD3368E0E70FCDEC465D
:1071A400FF26ACE80F0095E803008CE8030069466D
:1071B40020468DF81460FFF743FF06B070BD3068B9
:1071C40010F0005030D0FFF76BFB336803F07F03FF
:1071D4000133834224D91A49184E05E0336803F079
:1071E4007F03013398421BD24318421C84461B017F
:1071F400D0B21A681201F1D51B68C3F30363082BDC
:1072040014D06E460FCD0FC695E8030086E8030040
:10721400694620468DF814C0FFF712FF06B070BD12
:10722400084B4FF0FF3CE7E73368D4E720462A4693
:107234005FFA8CF1FFF7C8FE0120ABE700001D40A8
:1072440008D0010470001D40DFED117A20EE270AFA
:10725400F0B5BDEEC00A87B00E4C0646EC464FF0C2
:10726400040E10EE103A01271DBA0FCCACE80F0043
:1072740094E803008DF8077000968DF80BE00395F1
:107284008CE8030069460448FFF754FF07B0F0BDDB
:107294000050C347C00200206C4000202DE9F04F8D
:1072A4002DED088B9FED708A89B0DFF8D081002620
:1072B400F0EE48BADFED6DAAB0EE48BA9FED6CAAC5
:1072C400F0EE489A6B4DB0EE489A6B4FF0EE488A58
:1072D400DFF8ACB1DFF8ACA1D8F8009002F0A4FD5F
:1072E4000290002103AB4FF0FF320096084603964C
:1072F40003F03EF9012800F08C80002400E00446ED
:10730400002204A9286801F0E7FC0128F7D0D4B1D1
:107314009DF81C30D8F80090002B40F09380DDEDF0
:10732400047AF5EE407AF1EE10FA00F09280DDED89
:1073340005BAB0EE67BADDED067AF5EE407AF1EE05
:1073440010FA08FE278AD8F80030A3EB0903B3F536
:10735400FA7F05D99FED448AF0EE48BAB0EE48BAF8
:107364007BEE687AF4EEEA7AF1EE10FA4EDCF4EE93
:107374004A7AF1EE10FA48BFF0EE4A7A3BEEC97A47
:1073840078EEA78AB4EEEA7AF1EE10FA3BDCB4EEBA
:107394004A7AF1EE10FA48BFB0EE4A7A78EE697A8A
:1073A40039EE079AF4EEEA7AF1EE10FA28DCF4EEFC
:1073B4004A7AF1EE10FA48BFF0EE4A7A05213868AD
:1073C40079EEA79A01F052FD012814D1B0EE680AB3
:1073D4004C20FFF739FFB0EE490A7820FFF734FF5D
:1073E4004820B0EE690AFFF72FFF002338681A46D9
:1073F400194601F093FA142102A802F08FFC70E7F9
:10740400DFED1A7ADAE79FED197AC7E7DFED177A2D
:10741400B4E7039B012B7FF470AF002204A9286812
:1074240001F05AFC0128F8D09FED0F8A212158461B
:1074340005F0C0FD5046F0EE48BAB0EE48BA04F08C
:10744400F1F85AE79FED088AF0EE48BAB0EE48BA70
:1074540079E79DED057AB5EE407AF1EE10FA3FF446
:107464006AAFF0EE47BA64E7000000000AD7233C95
:107474000AD723BCFC3F0020886900200470002048
:1074840000030020B823002000F58053D3F8003E09
:10749400DB0069D5374B2DE9F04F5E6B4FF0000EE2
:1074A40041F6146941F60467C6F3036641F60868B9
:1074B400F600083609E013685B0F052B34D00EF193
:1074C400010E5FFA8EF39E4250D90EEB4E0500EB8F
:1074D400C50C0CF5F05213685B0F012B13680DD02B
:1074E4005B0F022BE7D15CF807308B42E7D85CF8DE
:1074F40008308B42E3D30120BDE8F08F13F4607FA2
:10750400DDD06D00002304E01468C4F3C21C63459D
:10751400D5D2013305EB030CDBB20CF5F06C50F85B
:107524002C408C42F0D1E6E7136813F4607FC6D098
:10753400CC446D00012405E01368C3F3C213013386
:107544009C42BCD22B19DCF800A0013403F5F06393
:107554000AEA010AE4B250F82330DCF800B003EA86
:107564000B039A45E8D1C6E7012070470020BDE827
:10757400F08F00BF00001D4001EB410170B500EB2E
:10758400C10404F5045EDEF80030DB0028D5DEF823
:1075940000305B0F012B0BD0DEF800305B0F022BA9
:1075A40042D0DEF800305B0F052B1BD0002070BDED
:1075B400DEF8004014F4607FF8D000234D0005E0AD
:1075C400DEF80010C1F3C21C6345EFD2013305EBB2
:1075D400030CDBB20CF5046C50F82C409442EFD150
:1075E400012070BDDEF8005015F4607FDED042F259
:1075F400141549000123254407E0DEF80040C4F3D4
:10760400C21C0CF1010C6345D0D22C6804EA020CB4
:10761400CC18013304F50464DBB250F824402E681E
:107624003440A445E9D1DBE742F20413E358934222
:10763400BCD842F20813E058904234BF0020012025
:1076440070BD00BF0B78632B10B5044682B01046A2
:1076540013D003F51C6304EB83035B6813B101923D
:107664009847019804F50054D4F804381BB102B0CB
:10767400BDE81040184702B010BD04F50054D4F81A
:107684000437002BF0D0019298470198ECE700BF33
:107694002DE9F04F8C468DB00F4605466C460646E4
:1076A40000F110084FF00109DFF814A1BCE80F0045
:1076B4000FC49CE8030084E8030056F8044F5CB14F
:1076C4009DF91420A36809FA02F1194256D02368DF
:1076D400D3F800B0D3454CD14645EED105F500535F
:1076E40093F80037002B5FD0EE8A4FF01A0C3868FD
:1076F40006AC7968F6B2BA68FB680CFB06560FC490
:10770400002338697969182286F81A31EB8A0DEB5F
:107714000206DBB20CFB035303C483F81B21EC8A7F
:10772400E4B20FCE0CFB0454C4F81C01C4F82011BD
:10773400C4F82421C4F8283103CEC4F82C01C4F8B9
:107744003011EA8AAB8A92B29BB283F480739A4274
:1077540024D0EB8A0133C3F30803EB822B8B9BB257
:10776400FF2B03D82B8B01339BB22B830DB0BDE8C9
:10777400F08F9DF8153069462046D847237C002BAE
:10778400AAD02368D3F800B09DF81530D345A3D010
:1077940020464FF0FF326946D8479DE7AB8A013354
:1077A400C3F30803AB82D4E73B7D3A4606A92846D7
:1077B4008DF81830FFF746FF0DB0BDE8F08F00BF1D
:1077C400ED00000000F5005393F80137002B00F0A2
:1077D400DB80DFF86CC22DE9F04F0F4689B0054617
:1077E4000E4602AC0FCF0FC497E8030084E80300F1
:1077F400DCF800309B0052D5DCF8343000244FF024
:107804006309C3F3036A22464FEACA0A0AF1080A63
:107814000CE05B0F022B3B6800F09A805B0F052B9A
:1078240000F0DD800134E2B2924538D996F9143083
:10783400632B34D004EB440805EBC80B0BF5F0576D
:107844003B6813F0604FEDD03B685B0F012B3B6846
:10785400DFD1C3F30043F2799A42E3D13B6813F4D6
:10786400607FDFD04FEA480B002306E03A685FFAF6
:1078740088F3C2F3C2129342D4D203F10108029AEC
:107884000BEB080303F5F06355F823309A42EDD16E
:1078940002A928468DF81C90FFF7FAFEE6E70023BC
:1078A400674F8DF80E303C6814F000543FD0FEF75B
:1078B400F7FF3B68044603F07F030133834233D967
:1078C40042F2041742F20818DFF8749196F9143062
:1078D400A34220D004EB440105EBC10202F5045A93
:1078E400DAF8003013F0604F15D0DAF80030F07990
:1078F400C3F3C06398420ED1DAF800305B0F012B5A
:10790400DAF8003041D05B0F022B12D0DAF80030E5
:107914005B0F052B5BD0D9F80030013403F07F03F3
:10792400E4B201339C42D1D309B0BDE8F08F3B6887
:10793400C6E7D159029B8B42EDD352F808209342FB
:10794400E9D802A928468DF81C40FFF7A1FEE2E71A
:10795400C3F30043F2799A427FF464AF41F60463BF
:107964005BF80320029B9342FFF45CAF41F608628C
:107974005BF8022093423FF655AF02A928468DF8E2
:107984001C90FFF785FE4DE7704713F4607FC2D06B
:107994004A00002307E0DAF800105FFA8BF3C1F322
:1079A400C2118B42B7D203F1010B029902EB0B0314
:1079B40003F5046355F823309942ECD102A9284613
:1079C40000928DF81C40FFF763FE009AE3E7029AE9
:1079D40021462846FFF7D0FD00289CD0B1E73B683C
:1079E40013F4607F3FF41EAF41F6146301275B4438
:1079F4000AE00BF5F05101370968FFB2C1F3C21177
:107A040001318F42BFF40EAF07EB4801186801F54E
:107A1400F06155F821E00299D3F800C008400EEA5D
:107A24000C018842E5D102A9284601938DF80E2065
:107A340000928DF81C90FFF72BFEDDE90023D8E7B8
:107A440000001D402DE9F04F934D9BB0934F08ACBF
:107A540005900FCD0FC495E8030084E803007E6A07
:107A6400B96AD7F82C90386B3B68039113F4004340
:107A7400049003D13A68950000F11881049B43F007
:107A84000103B9F1000F00F00281B9FA89F3834DC3
:107A9400C3F140032C68DFB214F00054029700F0E5
:107AA4009F82FEF7FDFE2B68044603F07F0301333B
:107AB400984280F0C280874240F2BF80059B671CD9
:107AC400DFF8D8B103F50053FDB2019706931AE02D
:107AD400042A00F05881082A00F0E281DBF8003023
:107AE4009DF8044003F07F03029A0133A24288BF49
:107AF400AB4205F1010594BF01230023002B40F0A4
:107B04009C80631C0193C4F12002039BA4F1200A0E
:107B140006FA02F1E3400B4326FA0AF10B43DF07AE
:107B2400DCD5049B09FA02F2E340134329FA0AF272
:107B34001343D807D2D5DFF87081A0444FEA081860
:107B4400D8F80030190EC3F3036201F00B010229C7
:107B5400BED1D8F8041003F4001021F060410028CD
:107B640012BF4FF0010C4FF0000C890C062A8DF85F
:107B740027C0089102D101228DF82920ADF82430C4
:107B8400C3F303438DF8344000288DF82B30069B53
:107B940093F815398DF83530D8F808308DF82F3032
:107BA400D8F808304FEA13238DF82E30D8F808306F
:107BB4004FEA13438DF82D30D8F808304FEA136399
:107BC4008DF82C30D8F80C308DF83330D8F80C30D0
:107BD4004FEA13238DF83230D8F80C304FEA1343B0
:107BE4008DF83130D8F80C304FEA13638DF830300B
:107BF40014BF4FF08C634FF080631F2CC8F8003023
:107C0400DBF808304FF0010331D8A3402146059832
:107C1400CBF83030089AFFF7AFFC002832D108A91E
:107C24000598FFF7CFFD08A8AFF3008008A8AFF3CD
:107C3400008008A8AFF3008050E7184A1848116A7A
:107C44000268184B4A40134043B1059B03F5805327
:107C5400B3F8D42C92B20F2A40F2DB810F4A136A94
:107C64000B431362BFF34F8F1BB0BDE8F08F03FAD1
:107C74000AF321460598CBF82C30089AFFF77CFCD0
:107C84000028CCD008A90598FFF702FDC7E7B3FA8E
:107C940083F32033FBE600BFC002002000001D4038
:107CA400DC690020BFFF070008D001048C067FF5C3
:107CB400E5AE81067FF5E2AED7F88020C94C02F428
:107CC4000011C2F30050ADF824200029C2F303418F
:107CD4004FEAD2528DF82B10D7F884108DF8280073
:107CE40018BF012021F0604108BF00208DF8262034
:107CF4004FF0000208BF890C8DF827000CA80891EA
:107D0400D4F88810D1400832202A00F8011DF7D198
:107D14000DA9B448D0F88C20DA400833202B01F8A0
:107D2400012DF7D1059A02F5005292F815298DF824
:107D3400352063228DF8342082680363049B5A063D
:107D440001D540230363049B1B0602D5A54B802267
:107D54001A63059C08A92046FFF734FD08A8AFF371
:107D6400008008A8AFF3008008A8AFF3008008994A
:107D74002046FFF789FB00283FF480AE08A9059848
:107D8400FFF786FC7AE603F40012002AD8F80420F0
:107D9400ADF82430C3F303438DF8344022F060423D
:107DA4008DF82B3018BF0121069B04BF920C0021D3
:107DB40093F8153908928DF83530D8F80830059ABB
:107DC4008DF82F30D8F808308DF827101B0A8DF85D
:107DD4002E30D8F808301B0C8DF82D30D8F8083028
:107DE4001B0E8DF82C30D8F80C308DF83330D8F8C1
:107DF4000C301B0A8DF83230D8F80C301B0C8DF87F
:107E0400313004F6022352F82330D8F80C20120E35
:107E14008DF830200BB108A89847069BD3F8083991
:107E24000BB108A89847059901F58052B2F81E3B9A
:107E340017469BB2002B00F0D780B2F81A3B1A22E7
:107E44000DF1500C03F00F03E04602FB031341F65F
:107E540032320EA903EB020A98588E460791DAF8DB
:107E64000820DAF80410DAF80C30ACE80F00DAF87D
:107E74001000DAF81410ACE80300B8E80F00AEE81C
:107E84000F0098E803008EE803009DF94C30591C5C
:107E940000F023819C427FF421AE079AE1B21EE1F7
:107EA40003F40012002AD8F80420ADF82430C3F3F8
:107EB40003438DF8344022F060428DF82B3018BF14
:107EC4000121069B04BF920C002193F815390892F6
:107ED4008DF83530D8F80830059A8DF82F30D8F859
:107EE40008308DF827101B0A8DF82E30D8F808308A
:107EF4001B0C8DF82D30D8F808301B0E8DF82C3063
:107F0400D8F80C308DF83330D8F80C301B0A8DF8C3
:107F14003230D8F80C301B0C8DF83130D8F80C30D6
:107F24001B0E8DF8303004F6022352F823300BB1C7
:107F340008A89847069BD3F808390BB108A89847B6
:107F4400059901F58058B8F81E3B9BB2002B58D018
:107F5400B8F81A3B1A220DF1500C03F00F036746D0
:107F640002FB031341F632320EA903EB020A9858BE
:107F74008E460791DAF80820DAF80410DAF80C30A3
:107F8400ACE80F00DAF81000DAF81410ACE80300DB
:107F94000FCFAEE80F0097E803008EE803009DF9C9
:107FA4004C305A1C00F0B2809C427FF497AD079A83
:107FB400E1B20598FFF708F8B8F81A3B013303F06B
:107FC4001F03A8F81A3BB8F81E3B9BB2002B3FF4E2
:107FD40085ADB8F81E3B013B9BB2A8F81E3B7DE57E
:107FE4002B686BE500001D401F2C4FF001036BD97B
:107FF40003FA0AF3CBF82C304FF00063C8F80030D2
:108004006CE51F2C4FF0010362D8A340CBF830304D
:1080140064E5B3F8D42C92B20F2A05D8B3F8D42C63
:10802400013292B2A3F8D42CB3F8D22CB3F8D24CC8
:1080340002F00F02A4B203EB8202C2F8D81CB3F818
:10804400D02C92B282F01002944206D1B3F8D02C14
:10805400013202F01F02A3F8D02CB3F8D22C2D4C1D
:10806400013202F01F02A3F8D22CE469B3F89C2D6C
:10807400A4B292B20F2A05D8B3F89C2D013292B261
:10808400A3F89C2DB3F89A2D02F00F0203EB4202E1
:10809400A2F89E4DB3F89A4DB3F8982DA4B292B2BB
:1080A40082F01002944206D1B3F8982D013202F006
:1080B4001F02A3F8982DB3F89A2D0160013202F043
:1080C4001F02A3F89A2DC9E5A340CBF8303093E7FB
:1080D40003FA0AF3CBF82C3000E5079A21460598F9
:1080E400FEF772FFB7F81A3B013303F01F03A7F83A
:1080F4001A3BB7F81E3B9BB2002B3FF4EFACB7F82A
:108104001E3B013B9BB2A7F81E3BE7E4079A2146BE
:108114004FE700BF00001D402DE9F04300F5005774
:108124008FB0044697F8003713B9012387F8003756
:10813400238B9BB2002B57D1D7F80C2904F580561A
:10814400724B02F01F0103EB521301229B008A4081
:108154001A60B6F81E3B9BB283B3B6F81A3B1A22D8
:1081640008AD0DF1080C03F00F03AE4602FB034308
:1081740041F6323203EB02089858D8F80410D8F8C4
:108184000820D8F80C300FC5D8F81000D8F814100F
:1081940003C5BEE80F00ACE80F009EE803008CE8BE
:1081A40003009DF91C104B1C54D0594B0B441B016C
:1081B4001B68C3F30363082B00F08B80D7F80C29EA
:1081C400544B02F01F0103EB521301229B008A401F
:1081D40000211A60238BB6F81E0B9BB280B240EAD2
:1081E40003300FB0BDE8F083A68A1A23B4F814C094
:1081F40008ADF6B20CF1010C03FB0646CCF3080CF7
:10820400D6F81C01D6F82011D6F82831D6F8242146
:108214000FC5D6F82C01D6F83011A4F814C0238B5E
:108224009BB203C51BB1238B013B9BB2238308ADD7
:1082340002AE0FCD0FC695E8030002AA86E803003C
:108244009DF81C300DF1070120468DF80730FFF72B
:10825400F9F971E7DFF8C080D8F8005015F000553F
:1082640050D0FEF71DFBD8F80030054603F07F031D
:1082740001338342A2D9DFF89890DFF89C8008E0AC
:10828400D8F80030013503F07F03EDB201339D428D
:1082940094D205EB09031B011B68C3F30363082B8A
:1082A400EED102AA29462046FEF78EFEB6F81A3B06
:1082B400013303F01F03A6F81A3BB6F81E3B9BB22A
:1082C400002BDDD0B6F81E3B013B9BB2A6F81E3B4B
:1082D400D6E702AAC9B22046FEF776FEB6F81A3BE4
:1082E400013303F01F03A6F81A3BB6F81E3B9BB2FA
:1082F400002B3FF463AFB6F81E3B013B9BB2A6F8DC
:108304001E3B5BE7D8F80030B5E700BF60380038A3
:1083140008D001044038003800001D4010B4002388
:10832400154A164C164802F5805193822260D38276
:108334001060138302F50052A1F81A3B82F8143935
:10834400A1F81C3B5DF8044BA1F81E3BC2F80C39A4
:10835400A1F8D03CC2F81039A1F8D23CA1F8D43C21
:10836400A1F8983DA1F89A3DA1F89C3D82F8003708
:1083740082F80137704700BF6C40002084690020F8
:10838400540300200020704790F8A32090F8A20026
:10839400101A704790F8A23090F8A3209A4205D999
:1083A4005A1C034480F8A220987E70474FF0FF3097
:1083B400704700BF90F8A23090F8A3209A4202D9E7
:1083C4001844807E70474FF0FF307047704700BFFD
:1083D4000346B0F8300178B193F82F21882A03D9E5
:1083E400012200205A60704702F1010C01201A4456
:1083F40083F82FC182F8A510704700BF38B5B0F8D4
:1084040030410CB9204638BD90F82F310546C3F1F0
:108414008904A2420DD8144605F1A5002246184449
:1084240003F056FB95F82F312046234485F82F316D
:1084340038BD01224260EFE7F8B506690446D6F874
:10844400145115F4706301D0C6F81431A8070BD584
:10845400D6F8702111043DD50023012184F8A230FF
:10846400234484F8A3109A76EA0710D594F830715F
:10847400F7B194F82E7194F82F31BB4226D97B1CA6
:10848400274484F82E3197F8A530C6F86031AB053F
:108494000DD594F8A30018B1D4F83C3103B1984732
:1084A4000023A4F8A230A4F82E3184F83031F8BDAA
:1084B400D4F8383103B19847002384F82E310123CE
:1084C40084F8303194F82F31BB42D8D80023C6F851
:1084D4006031DCE794F8A330872BC5D8591CC9B2A6
:1084E400BEE700BF0148FFF7A7BF00BFC8230020B5
:1084F4000148FFF7A1BF00BF082500200148FFF78E
:108504009BBF00BF48260020254AF8B5936B0E4652
:108514004769044623F47C030569760043F4802309
:10852400F6B29363D7E9002113680B431360017E0D
:1085340006F0C2FC617E204606F0F2FC0223002213
:108544000620C5F8103197F84830C5F81021F96CA9
:108554001033C5F82401C5F82821124AC5F8406132
:1085640042F82310626990210F4B92F84820D154AD
:10857400012163690D4A93F8483002EB531203F06A
:108584001F03920001FA03F3136040F203224FF435
:108594008073C5F81821A4F83031C5F81011F8BD5E
:1085A40000C00F400030002000E400E040380038F4
:1085B40070B502F073FEFEF703F8164A002304F0C8
:1085C400DFFD04460D46164603F006FC844275F1B1
:1085D400000315DA001B104BC6F1000265EB4505DC
:1085E4001860C3E901523EB101380A4A45F1FF352A
:1085F400921BC3E900059A60BDE8704002F074BEA6
:10860400201A054B65F1000583E86100BDE8704060
:1086140002F06ABE40420F0080340020704700BF61
:108624000A4610B5EFF3108C72B60A490A4C086872
:108634008318A34206D2094CA34203D30B608CF3E4
:10864400108810BD8CF310880549064806F04CFCD0
:1086540006F036FC9C2B002000E00620A0720020CF
:10866400FC350060F1170060FDF7AABF70B5154630
:10867400826D0446066D2AB9056865B30136104655
:10868400266570BD7DB9406803F022FA6368A26D67
:108694001344A2689342636019D3226801362846C2
:1086A4006260266570BDC06803F012FAA26DE368CB
:1086B40051429B1A22689342E36002D2A3680B449E
:1086C400E360022D0DD001360020266570BD013611
:1086D4002846266570BD8068013601F037FEA56026
:1086E400CEE7012E4FF0000038BF0126C8E700BFD7
:1086F40070B5054602F0D2FD95F85D305CB2002CF1
:1087040014DD05F1300603E0631EDAB25CB26AB12F
:108714006B6B304653B101F05DFC0028F4D001F0DE
:108724007FFD631EDAB25CB2002AF1D1FF2385F823
:108734005D3002F0D9FD02F0B1FD95F85C305CB219
:10874400002C14DD05F1100603E0631EDAB25CB2FE
:108754006AB16B69304653B101F03CFC0028F4D097
:1087640001F05EFD631EDAB25CB2002AF1D1FF2390
:1087740085F85C30BDE8704002F0B6BD70B540B31A
:10878400456D0446F5B1826DA2FB0525D5B90E46AB
:1087940002F084FD226825656260D4E9153101FB8D
:1087A40003F3591A13440A44A360FF23E26084F8D4
:1087B4005C3084F85D3026BB63698BB902F094FDAC
:1087C400012070BD134B4FF4B671134A134806F0E1
:1087D40083FB134B40F237110F4A124806F07CFB1F
:1087E40004F1100001F0F6FB0028E7D04FF0E0237D
:1087F4004FF08052C3F8042DBFF34F8FBFF36F8F38
:10880400DCE704F1100002F00FFC04F1300002F088
:108814000BFCD3E704170020F80500205436006051
:10882400FC1600202036006030B583B09DF8185047
:1088340023B3E0B11C46C2B1C9B1B2B168230193FC
:10884400019B682B21D1002908BF2246A165012183
:1088540060652260204684F85E10019BFFF78EFF5E
:10886400204684F8645003B030BD0029E6D00A4B9A
:108874004FF4D871094A0A4806F02EFB094B4FF40D
:10888400C271064A084806F027FB084B4FF4CB7127
:10889400024A074806F020FBF0160020BC05002021
:1088A400F0360060C416002088360060D41600201C
:1088B400BC3600602DE9F04110B3A0FB01370E4631
:1088C4000546EFB901FB00F010F1690F18D86830C4
:1088D400904605F065FD044668B180F85E706EB19F
:1088E40000F16803012120462360C4E91556FFF70F
:1088F40045FF84F864802046BDE8F0810346F1E733
:10890400034B40F22D21034A034806F0E5FA00BF69
:10891400F0160020500500208C3700602DE9F0434C
:1089240085B00192002800F0978089460446984655
:10893400002900F09880B8F1020F00F09F8001F048
:108944007BFC002800F0A580A8F102060025B6FAF9
:1089540086F62F46760907E002F0C6FC2046FFF7AC
:10896400C7FE01F0E9F8012502F098FC226D636D61
:108974009A4243D3002E41D1019B002B5DD0002DA0
:1089840038D002F0B1FC01F0CFF802F087FC94F883
:108994005C30FF2B01D184F85C7094F85D30FF2BC0
:1089A40001D184F85D7002F09FFC01A902A801F0D6
:1089B400DFFB002847D102F071FC226D636D9A42FF
:1089C400CAD102F091FC019904F1100001F086FA79
:1089D4002046FFF78DFE01F0AFF80028C3D14FF019
:1089E400E0234FF08052C3F8042DBFF34F8FBFF341
:1089F4006F8FB8E702A801F0AFFBC2E742464946D1
:108A04002046FFF733FE636B33B958B902F06CFCB0
:108A1400012005B0BDE8F08304F1300001F0DAFA7A
:108A24000028F3D04FF0E0234FF08052C3F8042D18
:108A3400BFF34F8FBFF36F8FE8E702F055FC30466A
:108A440005B0BDE8F0832046FFF752FE01F074F84C
:108A5400002005B0BDE8F083134B40F2B931134A4E
:108A6400134806F039FA836D002B3FF464AF114BC1
:108A740040F2BA310D4A104806F02EFA636D012B0C
:108A84003FF45DAF0D4B40F2BB31084A0C4806F091
:108A940023FA019B002B3FF457AF0A4B40F2BE313F
:108AA400024A094806F018FAFC160020B80400200F
:108AB40028380060281700205C38006080170020E8
:108AC40090380060D0170020C438006070B582B0C0
:108AD400F9B168230193019B682B21D10C46002630
:108AE400012105462460204684F85E10019BC4E9F8
:108AF4001516FFF743FE334632463146204684F8C6
:108B04006450A6602660E660FFF708FF204602B0C6
:108B140070BD074B4FF4C271064A074806F0DCF9F2
:108B2400064B4FF4CB71034A054806F0D5F900BF54
:108B3400C4160020BC05002088360060D41600202E
:108B4400BC36006038B5A0B18568044601F06EFB00
:108B5400854201D0002038BDE368013BE3600BB1DE
:108B6400012038BD1A4619462046FFF7D7FE0120DA
:108B740038BD034B40F2FE21024A034806F0ACF92B
:108B8400C818002018050020F838006070B50546A4
:108B9400682005F005FC044698B1002601212060F8
:108BA40080F85E60C0E91516FFF7E8FD33463246EB
:108BB4003146204684F86450A6602660E660FFF7DC
:108BC400ADFE204670BD00BF2DE9F04100284ED017
:108BD4000E46044617461D4600294FD0022D57D095
:108BE40002F0B2FBEFF311884FF0200383F31188F6
:108BF400BFF36F8FBFF34F8F226D636D9A4209D31A
:108C0400A5F10200B0FA80F0400918B988F3118880
:108C1400BDE8F0812A4694F85D50314620466DB295
:108C2400236DFFF723FD6B1C06D1636B9BB90120F9
:108C340088F31188BDE8F08101F0FCF88542F6D292
:108C44007F2D2FD0013501206DB284F85D5088F35B
:108C54001188BDE8F08104F1300001F0BBF9002F68
:108C6400E5D00028E3D0012318463B60CEE7114B42
:108C740040F29341104A114806F02EF9836D002BFF
:108C8400ACD00F4B40F294410B4A0E4806F024F945
:108C9400636D012BA4D00C4B40F29541064A0B485E
:108CA40006F01AF90A4B40F22151034A094806F02A
:108CB40013F900BFFC1600207C0400202C3900604E
:108CC4002817002060390060801700209439006064
:108CD40024180020C83900602DE9F04385B00192C2
:108CE400002800F083800E460446002900F08580A9
:108CF40001F0A2FA002800F08B8002F0CFFA256D73
:108D0400002D5ED1019B002B37D02F4604F1300893
:108D14004FF0E02902A801F01FFA02F0E5FA00F092
:108D240003FF02F0BBFA94F85C30FF2B01D184F806
:108D34005C7094F85D30FF2B01D184F85D7002F013
:108D4400D3FA01A902A801F013FAE0B902F0A6FAD5
:108D5400236D2BBB02F0C8FA0199404601F0BEF81E
:108D64002046FFF7C5FC00F0E7FE08B302F096FAD0
:108D7400256D35BB019B002BCFD102F0B5FA002045
:108D840005B0BDE8F0832046FFF7B2FC00F0D4FE46
:108D940002F084FA236D002BEFD002F0A5FAE5E788
:108DA40002F0A2FA2046FFF7A3FC00F0C5FEDDE7BF
:108DB4004FF08053C9F8043DBFF34F8FBFF36F8F5B
:108DC400D4E7A26D42B1E168A36811449942E1601D
:108DD40029D2304602F07CFE013D636925652BBB38
:108DE40002F082FA012005B0BDE8F083184B40F28E
:108DF400EC51184A184806F06FF8836D002B3FF4C5
:108E040077AF164B4FF4BE61124A154806F064F86A
:108E1400019B002B3FF471AF124B40F2F5510D4A08
:108E2400114806F059F82168E160D2E704F1100016
:108E340001F0D0F80028D3D04FF0E0234FF0805257
:108E4400C3F8042DBFF34F8FBFF36F8FC8E700BF84
:108E5400D01800201C040020CC3A0060DC1800204C
:108E6400003B0060D0170020343B0060F0B585B0B3
:108E74000191002800F08B80866D0446002E40F09E
:108E84009B8001F0D9F90546002800F09C80354606
:108E9400002702F003FA236D002B7FD1019B002BE6
:108EA40000F08680002D45D002F01EFA00F03CFE52
:108EB40002F0F4F994F85C30FF2B01D184F85C7073
:108EC40094F85D30FF2B01D184F85D7002F00CFA48
:108ED40001A902A801F04CF9F8B902F0DFF9236DF9
:108EE40063BB02F001FA2368002B47D0019904F117
:108EF400300000F0F3FF2046FFF7FAFB00F01CFE01
:108F040048B94FF0E0234FF08052C3F8042DBFF36B
:108F14004F8FBFF36F8F0125BBE72046FFF7E8FBB8
:108F240000F00AFE02F0BAF9236D83B1012502F0C4
:108F3400DBF9AEE702A801F00FF9B5E702F0D4F9C6
:108F44002046FFF7D5FB012500F0F6FDA1E702F06E
:108F5400CBF916B9304605B0F0BD02F09FF9616B4C
:108F640019B1636C5968C1F10A010026A06801F0C7
:108F74006FFA02F0B9F9304605B0F0BD02F08EF98F
:108F8400A06801F069F9064602F0AEF9AEE71E4B9F
:108F940040F285611D4A1E4805F09EFF013B226890
:108FA40023652AB3636993B9012602F09DF9D1E7D9
:108FB4001E4602F099F9CDE7164B40F28961134A37
:108FC400154805F089FF019BB3B9064660E704F133
:108FD400100000F0FFFF0028E6D04FF0E0234FF030
:108FE4008052C3F8042DBFF34F8FBFF36F8FDBE7BD
:108FF40001F0B4FAA060D5E7084B40F28E61034A51
:10900400074805F069FF00BFD0180020BC07002006
:10901400683B0060481800209C3B0060D01700208B
:10902400D03B006070B5A0B1866804460D4601F0DF
:10903400FDF8864208D029462046FFF717FF10B1F5
:10904400E3680133E36070BDE36801200344E36037
:1090540070BD034B40F23A31024A034805F03CFF2D
:10906400C8180020E4040020043C006008B538B1AE
:1090740090F85E3003B108BDBDE8084005F098B92A
:10908400034B40F6D701034A034805F025FF00BF10
:10909400FC16002098050020A83E006070B5044628
:1090A4000E46154602F0FAF894F85C30FF2B02D114
:1090B400002384F85C3094F85D30FF2B02D1002348
:1090C40084F85D3002F010F9236D23B12046BDE829
:1090D4007040FFF70DBB04F130002A46314600F022
:1090E4001BFF2046BDE87040FFF702BB70B500F1DE
:1090F4000C0C4FF00A0E45682DB9BEF1010EFBD1E0
:109104007246104670BD83689B68634508BF436917
:109114001C699B689C4508BF43691A692AB1166C8F
:109124008E4202D8166D8E4203D29442F1D18360EE
:10913400E3E78360104670BD2DE9F041044602F078
:10914400ADF8454A454D1368013313602B68002B75
:109154004DD0434B1B68002B41D0E36B414E42483A
:10916400012242499A4007683A4302600A68013280
:109174000A6062655A0106EB4313B1589A68B1F16B
:109184005A3F5BD1D969B1F15A3F57D16168B1F106
:109194005A3F5AD1E169B1F15A3F56D1D168586862
:1091A400C4E903210130D668211DB160D160A361F7
:1091B400586002F099F82A4B1B6873B12A68E36B74
:1091C400D26B9A4209D24FF0E0234FF08052C3F899
:1091D400042DBFF34F8FBFF36F8FBDE8F0812A6872
:1091E400E36BD26B1F4E9A42B9D82C60B7E72C6060
:1091F4001368012BB1D11B4E374606F5A0783846CB
:10920400203701F011FFB845F9D1DFF89080184FED
:10921400404601F009FF384601F006FF154801F009
:1092240003FF154801F000FF144801F0FDFE144B44
:10923400C3F80080134B1F60E36B90E7124B40F6BA
:109244003301124A124805F047FE124B40F633012F
:109254000E4A114805F040FECC700020606E0020DC
:1092640094710020746E0020DC700020D8700020FF
:1092740040710020747100202072002000720020D0
:10928400686E00206C6E0020A80C002018070020D7
:10929400443F0060780D0020783F0060207100207A
:1092A4002DE9F843354C0546354A0F462668354BBB
:1092B400354CD2F800800022D3F80090236820684F
:1092C40083F8AD21043001F03DFF40B92368012249
:1092D4002E49DB6B9A400B6823EA02030B606B1C7C
:1092E40027D137B32A4B19689A68B1F15A3F36D15E
:1092F400D969B1F15A3F32D121684968B1F15A3F75
:1093040034D12168C969B1F15A3F2FD1D068256899
:109314002168EA6008612168D068043181602068AE
:109324005968246804300131D0605960A361BDE8F4
:10933400F8832368761921689E6005D34846043172
:10934400BDE8F84301F0C0BE4046043101F0BCFE64
:10935400104B1A68B242EAD91E60BDE8F8830E4B7E
:1093640042F2A8110D4A0E4805F0B6FD0D4B42F22B
:10937400A8110A4A0C4805F0AFFD00BF4072002056
:10938400686E00206C6E0020606E0020DC7000208F
:109394000072002068710020640B0020CC060020BD
:1093A400AC3F0060F40B0020E03F006010B50446C1
:1093B400783005F011FB94F8AC3123B1012B11D0B6
:1093C400022B08D110BD206C04F0F2FF2046BDE84A
:1093D400104004F0EDBF064B41F66911054A0648FA
:1093E40005F07AFD2046BDE8104004F0E1BF00BF5F
:1093F4002C0E0020FC06002048400060F8B50D4CFF
:109404002368B3B10C4F0D4E01F048FF7B691D6911
:10941400281D01F097FE3368013B33602368013B4C
:10942400236001F061FF2846FFF7C0FF2368002B8B
:10943400EAD1F8BDD070002020720020CC7000204A
:10944400094C4FF0E0264FF0805508B5FFF7D6FFE2
:109454006368012B05D9C6F8045DBFF34F8FBFF3D2
:109464006F8FFFF7DBF8F1E7746E00202C4B0022BE
:1094740070B51A60FFF7F8F82A4B2B4A1860156884
:1094840019682A4CA94205D91E682068416F491BF6
:1094940031444167186823681060216822680968AC
:1094A400126C1B6C914203D91A68B2F1A53F20D00B
:1094B40021682068443105F01FFD1D4B1B68B3FA79
:1094C40083F3DBB21B4AC3F11F0302EB43115B01BD
:1094D4004868F0B188680C3380681A449042886008
:1094E40014D00369144A2360236823687833136013
:1094F40070BD5A68B2F1A53FDAD19A68B2F1A53FBE
:10950400D6D1DB68B3F1A53FD2D1D6E748698860EC
:10951400E7E70A4B41F22F41094A0A4805F0DCFC0F
:109524004C720020B4700020B0700020606E0020E7
:10953400DC700020746E0020A02B00207C1600201C
:10954400240600207C4000602DE9F0470A9C4FEA85
:10955400820A07460D465246A521206C9846AAF178
:10956400040A089EDDF8249005F0E4F9236C5344C2
:1095740023F0070AC4F850A07DB105F1FF3C05F1C2
:10958400090104F1430E1CF8015F0EF8015F0DB1EF
:109594008C45F8D1002384F84D30092E38D8201D8D
:1095A400E663E665C6F10A0601F052FD04F1200007
:1095B40001F04EFD4FF490720021666204F17800D0
:1095C40064612463012605F0B5F9154B394600277B
:1095D40003F16805E367D0334246C4F8805050462F
:1095E400C4F884300F4D104BC4E946530F4BC4F8F4
:1095F40020310B23C4E94467A4F8243105F078FC36
:109604002060B9F1000F01D0C9F80040BDE8F0872F
:10961400074B40F27A71074A074805F05DFC00BF2A
:10962400EC6C00200E33CDAB34126DE6ECDE05009D
:10963400600E002064070020B0400060684B1A6888
:1096440001322DE9F04F1A6083B0002A7AD0DFF896
:10965400C891D9F800309A42C0F09080614F3B68BD
:109664005D68002D69D00025CA46DFF8B0C14FF00F
:10967400010BA846DFF8A8E1914601953B685B69B8
:109684001B6999688945C0F0A6809A691C1DD3E9B5
:109694000310C86081609168A142516801F1FF31F3
:1096A40008BF9060C3F8188051605A6B82B1D3E947
:1096B4000A10C86003F12000DE6AB160916881423B
:1096C400516801F1FF3108BF9660C3F834805160DE
:1096D400D96BDCF800000BFA01F20243CCF800204D
:1096E4004A015EF802600EEB4112B6F15A3F9068EF
:1096F40051D1D669B6F15A3F4DD15E68B6F15A3FA1
:109704005FD1DE69B6F15A3F5BD1C668D8601E618D
:10971400C5685668AC60C46001369A61324B5660C5
:109724001B68019ADB6B994288BF01223B685B6826
:109734000192002BA2D11546D1464FF0FF33C9F850
:1097440000301CE0274B19684968002932D12749A9
:109754001C680868186026480C60016801310160C3
:1097640019684968F1B9DFF8B0904FF0FF33C9F8D0
:109774000030D9F800309A42BFF470AF00251D4B79
:109784001B682BB31C4B1B68002B0CBF2846012005
:1097940003B0BDE8F08F194B41F2D621184A19489D
:1097A40005F09AFB1B68DFF870905B695B68C9F889
:1097B40000304EE7144B41F29221114A134805F050
:1097C4008BFB134B41F2D6210D4A124805F084FB62
:1097D40001F010FED6E7019DCAF80010CFE700BFE4
:1097E40040720020686E0020606E00206C6E0020C5
:1097F4006C710020707100204C720020B81B002096
:109804003806002018410060401B0020E44000603E
:10981400801C00204C41006068710020DC70002036
:10982400746E00202DE9F04387B00E460021DDF868
:109834003C80109C0491B8F1000F24D054B3994695
:109844004FF4D87317460593059A9A4229D10546D1
:109854002046059B05F06EF828460E9DC4F840800E
:109864004B460095022502943A4684F8AC5104AD67
:1098740031460195FFF768FE2046FFF75DFC04982A
:1098840007B0BDE8F0830A4B40F20751094A0A4881
:1098940005F022FB094B4FF4A161064A084805F084
:1098A4001BFB084B4FF4A261024A074805F014FB66
:1098B400481900207C0700208041006068190020BE
:1098C400B441006084190020E84100602DE9F043B0
:1098D400074685B0900016468846994604F060FD18
:1098E400D0B1054601214FF4D87004F011FD0446AF
:1098F400A8B105644B460D9D324641463846019554
:109904000C9D02940095FFF71FFE2046FFF714FC00
:10991400012005B0BDE8F0834FF0FF30F9E7284699
:1099240004F046FD4FF0FF30F3E700BFF8B50446FE
:10993400374E01F0B3FC002C3ED0271D384601F011
:1099440001FC68B9E26B334B03EB42135B683BB930
:109954003149012303FA02F20B6823EA02030B6084
:10996400636B1BB104F1200001F0ECFB2B4A2C4D7E
:109974001368013313603368A3422B6826D0294A45
:109984001368013B1360284B1A6852687AB11A684D
:10999400264B526952681A6001F0A6FC2046FFF774
:1099A40005FD2B6813B13368A3421CD0F8BD1F4BCF
:1099B4004FF0FF321A60EFE73468002CBDD11C4B26
:1099C40040F6B2011B4A1C4805F086FA002BD6D09B
:1099D40039461A4801F044FB194A136801331360ED
:1099E40001F082FCDDE7174B1B6853B94FF0E0230D
:1099F4004FF08052C3F8042DBFF34F8FBFF36F8F26
:109A0400F8BD114B40F62B110A4A104805F064FAD0
:109A1400606E0020746E0020DC700020D87000207E
:109A240094710020CC700020686E002068710020C2
:109A34009C1400200C0700201C42006020720020AF
:109A4400D0700020D4700020B41400205042006074
:109A540010B500238AB04921274AADF82430CDE956
:109A6400073307AB8DF81C1012F8014F03F8014FB0
:109A7400002CF9D106AA05A904A8CDE9044405F0EF
:109A840043FA234607A90094DDE90402CDE9012045
:109A9400069A1A48FFF7C6FE194B186018B9194BF5
:109AA4001B680AB010BD01F013FA012808D0013078
:109AB400F5D1154B40F6C361144A154805F00CFA6C
:109AC4004FF0200383F31188BFF36F8FBFF34F8FE1
:109AD400104B114A1B681149783313604FF0FF3360
:109AE4000F4A0B600F4B10601C6005F009FA054B20
:109AF4001B680AB010BD00BF60160020A12E000034
:109B040060710020102C00206816002098060020A8
:109B1400F8450060606E0020A02B002068710020D2
:109B24009471002040720020024A136801331360CC
:109B3400704700BFD47000202DE9F04F664C83B00D
:109B440001F0ACFB2368002B00F0A7802368013BE5
:109B540023602068002840F08A80604B1B68002B3B
:109B640000F085805E4E7368002B68D05D4F4FF027
:109B74000108DFF8A4E18146DFF898B173691B6935
:109B84005A6B03F12005D3E90A01C160886090682B
:109B9400A84208BF91605168C3F8349001395160FC
:109BA400986903F1040C3D68D3E90321D1608A600C
:109BB40082686245426808BF8160013AD96BC3F884
:109BC4001890426008FA01F22A433A604A015EF8AA
:109BD40002500EEB4112B5F15A3F90684FD1D5694E
:109BE400B5F15A3F4BD15D68B5F15A3F4ED1DD69AD
:109BF400B5F15A3F4AD1C568D8601D61556805F171
:109C0400010ADBF80050ED6B0195C568C5F808C082
:109C1400C0F80CC09A61019BC2F804A0994202D911
:109C2400314BC3F800807368002BA7D12F4B1A68FF
:109C34005268002A4AD12E4B4FF0FF321A602D4E43
:109C4400294F3568002D30D04FF0010806E0FFF7AA
:109C5400F5FC08B1C7F80080013D25D02368002B2E
:109C6400F5D033680133336001F0C4FBF4E700201E
:109C7400019001F039FB019803B0BDE8F08F1E4B51
:109C840040F6D5711D4A1E4805F026F91D4B40F6D5
:109C9400D5711A4A1C4805F01FF91C4B40F6C171D6
:109CA400164A1B4805F018F935603B68002BDED0D6
:109CB4004FF0E0234FF0805216490968C3F8042D91
:109CC400BFF34F8FBFF36F8F0120D1E71A68084BA2
:109CD400526952681A60B2E7D4700020CC70002038
:109CE40074710020DC7000204C720020686E00202B
:109CF4006871002070710020B81B002088060020C5
:109D040060460060801C0020944600600022002011
:109D14002C460060606E0020746E002038B588B355
:109D2400002936D0224B02461868013018602148B9
:109D340005681B68012B33D1146863182CBF0120FC
:109D44000020AC4209D89D4200D338B10021581BF1
:109D540013600124FFF7A4FA02E080B90024136021
:109D6400FFF7EAFE48B94FF0E0234FF08052C3F802
:109D7400042DBFF34F8FBFF36F8F204638BD9D4234
:109D8400E4D3EBE70C4B40F646110C4A0C4805F0C3
:109D9400A3F80C4B40F64711084A0B4805F09CF811
:109DA4000A4B40F64F11054A094805F095F800BFE3
:109DB400D470002040720020A0190020EC0600207E
:109DC400C8460060B4190020FC460060CC1900208D
:109DD4003047006008B560B10F4B1A6801321A6051
:109DE4001B68012B10D10021FFF75AFAFFF7A4FEDC
:109DF40048B94FF0E0234FF08052C3F8042DBFF36D
:109E04004F8FBFF36F8F08BD044B40F6A511044A72
:109E1400044805F061F800BFD4700020CC1900207C
:109E2400C006002064470060014B1868704700BFFB
:109E340040720020014B1868704700BFCC700020AE
:109E440008B14430704708B5054B186808B1443070
:109E540008BD044B41F28B01034A044805F03CF869
:109E6400606E00209C140020780600209847006053
:109E740008B5054B186800B108BD044B41F2AE119A
:109E8400034A044805F028F860710020141B0020E0
:109E94004C0600209C48006008B5074B1B681BB9A2
:109EA400BDE80840FFF7CABB044A136801331360D6
:109EB40001F0A0FA002008BDD470002070710020C9
:109EC400044B1B681BB1044B01221A607047FFF757
:109ED400CDBA00BFD47000204C72002010B558B128
:109EE400094B0C461968203101F0EEF82046012197
:109EF400BDE81040FFF7D4B9044B41F2B541044A20
:109F0400044804F0E9FF00BF606E0020D014002074
:109F14000C060020084A0060F8B5002842D08C46A0
:109F2400016803468568B1F15A3F2DD1C169B1F189
:109F34005A3F29D11F4C2168096AB1F15A3F2AD1ED
:109F44002168896BB1F15A3F25D1002A1146226854
:109F5400EE6808BF6046956218BF4FF0FF30226874
:109F6400D662266822682768203602F120045A68DF
:109F740002F1010CEA689660EC607B63C3F804C0EC
:109F8400BDE8F840FFF78CB90B4B41F2FF410B4A97
:109F94000B4804F0A1FF0B4B41F2FF41074A0A486A
:109FA40004F09AFF094B41F2F341044A084804F0D3
:109FB40093FF00BF606E002008150020D805002024
:109FC400404B006088150020744B0060D0140020C2
:109FD4000C4B006043691B6970B5002B76D05A6B3B
:109FE40003F120040025D3E90A01C1608860906868
:109FF400A042484808BF91605168006801395D6318
:10A00400516030B3444A10689168B0F15A3F6BD143
:10A01400D069B0F15A3F67D1186AB0F15A3F71D193
:10A02400986BB0F15A3F6DD1C868C3E90A10C8688B
:10A034008460CC60D96B5A63384B50681B6801301C
:10A04400DB6B506099423FD90123354A18461360AF
:10A0540070BDD3E903109A691C1DC86000261869F5
:10A06400304D81609168A142D96B08BF90605068FF
:10A074009E6101385060012228688A4002434801E9
:10A084002A60294A155802EB4112B5F15A3F9068EB
:10A0940023D1D569B5F15A3F1FD15D68B5F15A3F57
:10A0A40029D1DD69B5F15A3F25D1C568D8601D6154
:10A0B400C6685568B460C46001359A61174B556031
:10A0C4001B68DB6B9942BFD8002070BD174B41F26F
:10A0D4002A51174A174804F0FFFE174B41F230513A
:10A0E400134A164804F0F8FE154B41F24451104A45
:10A0F400144804F0F1FE144B41F230510C4A134859
:10A1040004F0EAFE124B41F24451094A114804F0AA
:10A11400E3FE00BFD470002074710020606E002044
:10A124004C720020DC700020746E0020041F00209C
:10A1340064050020A84B0060141F0020DC4B006065
:10A14400B0200020444C0060F01F0020104C006040
:10A1540048210020784C0060034A044B12681B68B5
:10A16400C0E90023704700BF6C71002040720020DA
:10A17400F0B583B0002835D00D46002939D0044607
:10A1840001F08CF81E4A1F4B17681968666891F82D
:10A19400AD0150B11B680022012083F8AD2101906C
:10A1A40001F0A2F8019803B0F0BD2B68591CF6D059
:10A1B400DFF868C02168DCF80000814205D0BE42A7
:10A1C40003D8002301202B60E9E7B81B8342F8D9A8
:10A1D400DB1BDCF800101268002033442B60C4E958
:10A1E4000012DCE7084B41F2DA51084A084804F04F
:10A1F40073FE084B41F2DB51044A074804F06CFE3D
:10A2040040720020606E00205416002000050020DB
:10A21400B04D006038190020E44D00606C710020DE
:10A22400014B01221A6070474C720020014B1868E0
:10A23400704700BF606E0020054B1B6833B1054BAF
:10A244001868B0FA80F04009400070470120704758
:10A2540094710020D4700020F8B50446B8B1334D91
:10A26400C36B2A68D26B934212D2426A002A04DB7F
:10A274002A68D26BC2F10A0242622D4EA26906EB31
:10A2840043139A420CD02B680120DB6BE363F8BDC7
:10A294002B68C06DDB6B98422CBF00200120F8BDF9
:10A2A400271D384600F04EFF224A40B32B68012098
:10A2B4001568DB6B5901E363715806EB431600FA2A
:10A2C40003F3B1F15A3F43EA05031360B3681ED1A7
:10A2D400F269B2F15A3F1AD16268B2F15A3F1DD104
:10A2E400E269B2F15A3F19D1DA68E3602261726817
:10A2F400D96801328F60DF60A6617260F8BDE36BDC
:10A3040001219940136823EA01031360CEE70A4B45
:10A3140041F61D21094A0A4804F0DEFD094B41F6C5
:10A324001D21064A084804F0D7FD00BF606E0020D6
:10A33400746E0020DC700020601D00206404002086
:10A34400B44E0060401E0020E84E006088B1F8B5AD
:10A35400334B04461B68834246D11B6E002B4AD004
:10A36400C16B013BC26D0366914200D01BB100205A
:10A37400F8BD00207047051D284600F0E3FE29497A
:10A3840030B90122E06B0B68824023EA02030B60C0
:10A39400E36D01200F68C3F10A025E01E3636262A8
:10A3A400214A965902EB431200FA03F3B6F15A3FDD
:10A3B40043EA07030B60936824D1D169B1F15A3F92
:10A3C40020D16168B1F15A3F23D1E169B1F15A3F1B
:10A3D4001FD1D968E36021615168DE680131B5603D
:10A3E400DD60A2615160F8BD104B41F66321104A53
:10A3F400104804F071FD104B41F664210C4A0F48DB
:10A4040004F06AFD0E4B41F68521094A0D4804F01B
:10A4140063FD0D4B41F68521054A0C4804F05CFDB3
:10A42400606E0020DC700020746E0020301D00205F
:10A434002C0400201C4F0060481D0020504F006079
:10A44400B81B0020844F0060801C0020B84F0060BF
:10A4540070B1036E70B50446002B4AD0C06DE26B38
:10A46400814238BF0146012B01D18A4201D170BD1E
:10A4740070472E4B1B68A34242D0636AE163002BF2
:10A4840002DBC1F10A016162294DA36905EB4212A5
:10A494009342ECD1261D304600F054FEE36B0122BA
:10A4A40024499A4018B9086820EA0200086008683C
:10A4B40002430A605A0105EB4313A9589A68B1F1A3
:10A4C4005A3F24D1D969B1F15A3F20D16168B1F121
:10A4D4005A3F23D1E169B1F15A3F1FD1D168C4E990
:10A4E4000321D1688E605968D6600131A361596037
:10A4F40070BD114B41F6C121104A114804F0ECFC27
:10A50400104B41F6DC210D4A0F4804F0E5FC0F4BDB
:10A5140041F60431094A0E4804F0DEFC0D4B41F6C5
:10A524000431064A0C4804F0D7FC00BF606E0020DA
:10A53400746E0020DC700020481D0020D00700202D
:10A54400EC4F00603C16002020500060B81B002037
:10A5540054500060801C002088500060034B186831
:10A5640010B1036E01330366704700BF606E0020B4
:10A5740003282DE9F04383B063D8384D1E460446C2
:10A5840017462B68034493F8A831022B01D00A9B89
:10A5940033BB00F083FE2EB12B6804F1660253F83E
:10A5A400223033602B68234493F8A831022B0CD05B
:10A5B40000202B6800220190234483F8A82100F096
:10A5C40093FE019803B0BDE8F0832B68012003EBF0
:10A5D4008403D3F8982122EA0702C3F89821E8E714
:10A5E4001F4A884613680133136000F057FE2B6836
:10A5F400234493F8A831022B2AD02B684FF0010989
:10A6040003EB8403D3F8982122EA0802C3F89821C3
:10A614002B68234483F8A89100F066FE49460A9803
:10A62400FEF73EFEFFF788FA0028B2D14FF0E02390
:10A634004FF08052C3F8042DBFF34F8FBFF36F8FD9
:10A64400A7E7084B41F67B61074A084804F044FC3D
:10A6540000F04AFEFFF770FA9BE700BF606E00202F
:10A66400D470002030120020A4070020F0500060B5
:10A674002DE9F041032982B0DDF8208000F29280B8
:10A684000446002800F095800D4617461E4600F04B
:10A6940005FEB8F1000F05D005F1660354F8233028
:10A6A400C8F800306319022193F8A82183F8A8118F
:10A6B400D3B2042E00F29B80DFE806F009535E0655
:10A6C4000300022B00F08A80663544F82570012BC4
:10A6D4003FD1A369251D00204B4ED4E90312D6F8BF
:10A6E40000C0CA6091609968A942E16B08BF9A6092
:10A6F4005A68A0610120013A5A604B01434AD75875
:10A7040000FA01F302EB411243EA0C03B7F15A3F9A
:10A714003360936854D1D669B6F15A3F50D1666814
:10A72400B6F15A3F53D1E669B6F15A3F4FD1DE68CC
:10A73400E36026615668DF680136BD60DD60636BE7
:10A74400A2615660002B4BD1314B1B68DB6B9942E5
:10A754001DD80120019000F0C7FD019802B0BDE8AA
:10A76400F08104EB8505012BD5F8982142EA070214
:10A77400C5F89821ADD0ECE704EB8505012BD5F89D
:10A78400982102F10102C5F89821A2D0E1E74FF027
:10A79400E0234FF08052C3F8042DBFF34F8FBFF373
:10A7A4006F8FD7E71B4B41F6EF611B4A1B4804F040
:10A7B40093FB1B4B41F6F061174A1A4804F08CFBDB
:10A7C400194B41F63171144A184804F085FB184BB3
:10A7D40041F63171104A174804F07EFB0020B9E7B6
:10A7E400154B41F634710C4A144804F075FB144AB5
:10A7F4001268002A3FF46BAF124B41F62571064AEA
:10A80400114804F069FB00BFDC700020746E002066
:10A81400606E0020E8190020900700202451006099
:10A82400FC19002058510060B81B0020C051006082
:10A83400801C0020F45100602C1A00202852006073
:10A84400407200200C1A00208C5100602DE9F04168
:10A85400DDF81880002800F0BF8003290D4600F2BF
:10A86400C28016461F46044600F06EFDEFF3118CBD
:10A874004FF0200383F31188BFF36F8FBFF34F8F23
:10A88400B8F1000F05D005F1660354F82330C8F879
:10A8940000306019022290F8A83180F8A821D8B2BB
:10A8A400042F00F2CC80DFE807F00A4B56060300C1
:10A8B400022800F09F8005F1660144F82160012818
:10A8C40004D001208CF31188BDE8F081636B002B68
:10A8D40040F09280604B1B68002B47D05F4B196897
:10A8E4009A68B1F15A3F40F09580D969B1F15A3F65
:10A8F40040F09080216AB1F15A3F40F09280A16B00
:10A90400B1F15A3F40F08D80D16804F12000C4E9D0
:10A914000A21596801315960D1688860D060E26BBE
:10A9240063634F4B1B68DB6B9A42CAD9079B13B115
:10A934000123079A136001234A4A18461360C1E7AA
:10A9440004EB85010128D1F8983143EA0603C1F8E4
:10A954009831B6D1BAE704EB85010128D1F89831D2
:10A9640003F10103C1F89831ABD1AFE7A369201D0E
:10A97400D4E90312CA609160996881423A4908BFD8
:10A984009A6000220D68A2615A68013A5A60012354
:10A99400E26B93402B430B605101344B5D5803EB46
:10A9A4004213B5F15A3F99682DD1DD69B5F15A3F8B
:10A9B40029D16568B5F15A3F3AD1E569B5F15A3FF5
:10A9C40036D1CD68E16025615D68CE680135B0603F
:10A9D400C860A3615D60A4E7254B41F66971254A0F
:10A9E400254804F079FA254B41F66A71214A244836
:10A9F40004F072FA002065E7224B41F6BF711D4A4C
:10AA0400214804F069FA214B41F6C471194A2048DF
:10AA140004F062FA1F4B41F6DA71164A1E4804F03C
:10AA24005BFA1E4B41F6DA71124A1D4804F054FADF
:10AA34001C4B41F6C4710F4A1B4804F04DFA1B4BE2
:10AA44001B68002B3FF43BAF194B41F6B471094A24
:10AA5400184804F041FA00BFD4700020747100203B
:10AA6400606E00204C720020DC700020746E0020A8
:10AA7400FC190020340700205C520060E819002013
:10AA8400905200602C1A0020F8520060B81B00207D
:10AA94002C530060B0200020945300606C1A0020F6
:10AAA400C8530060801C0020605300604072002086
:10AAB4000C1A0020C4520060284B1A6870B5064670
:10AAC40082B01AB11A68126C824219D94FF0E0238D
:10AAD400D3F8043DDBB2002B3CD0214D0A24013CC9
:10AAE40028463146203DFEF701FB84B10028F6D00C
:10AAF4004FF0E023D3F8043DDBB22BB302B070BDBA
:10AB04001A68126D8242E1D3186802B070BD002841
:10AB1400EED1144B1868FEF7E9FA0028E8D1124B7D
:10AB24001868FEF7E3FA0028E2D11048FEF7DEFACF
:10AB34000028DDD10E48FEF7D9FA4FF0E023D3F810
:10AB4400043DDBB2002BD9D1019000F0CDFB01987C
:10AB540002B070BD00F0A2FBBFE700BF606E002032
:10AB6400946F0020686E00206C6E0020207200201C
:10AB740000720020F0B5124C83B000F08FFB256802
:10AB840025B103B0BDE8F04000F0AEBB0D4F0E4E52
:10AB9400384600F049FA304600F046FA0B4A009570
:10ABA400102117600A200A4A0A4B16600A4AFDF768
:10ABB4003BFE206003B0BDE8F04000F095BB00BF51
:10ABC40044720020E070002000710020646E0020B8
:10ABD400706E0020987100200C7000202DE9F04167
:10ABE4001F4F05460E463B685B691C6904F1040867
:10ABF400404600F0A7FA94F830305A070DD423F0F9
:10AC04000103204684F83030A36ABDE8F0411847B8
:10AC140062451BD81D46A36A9847226AA6EB050C19
:10AC240020466461AB182CBF012100219E42A36021
:10AC3400EED2AE4201D20029ECD03868414600F091
:10AC440043FAA36A2046BDE8F0411847054B414644
:10AC5400186800F039FAA36A2046BDE8F0411847A5
:10AC6400646E0020706E00202DE9F04F914E85B087
:10AC7400DFF854824FF0000A8F4FDFF850923368A8
:10AC84005D68002D00F0D7805B695D68FEF74CFFBE
:10AC9400FFF7CAF8D8F80030044698426AD38542D0
:10ACA400C8F8000000F2F680FEF746FF2146284669
:10ACB400FFF794FFCDE900AACDE902AA0022694674
:10ACC4003868FEF709F80028D9D0009B002BC0F2A1
:10ACD400A080029C002CF1D0A36913B1201D00F0C8
:10ACE40031FAFFF7A1F8D8F800300546984212D39C
:10ACF400009BC8F80050013B082BDFD8DFE803F0C5
:10AD0400151579638015157963005B694FF0FF3180
:10AD14005868FFF763FF33685A68002AF5D1D9F8F9
:10AD24000020C9F800303260E2E794F830C0019A9C
:10AD3400216A4CF001006461531884F830002CBF80
:10AD440001200020AB42A3606CD8AA1A914200F201
:10AD5400A3801CF0040F23D12CF0010384F83030BD
:10AD6400A36A20469847A9E75B694FF0FF3158680A
:10AD7400FFF734FF33685A68002AF5D1D9F8002068
:10AD8400C8F80040C9F800303260FEF7D5FE91E7FC
:10AD9400EB1A8B4278D3A36A20469847216A5B4614
:10ADA40013EB010B64612CBF012200225D45C4F842
:10ADB40008B0EDD29D4201D2002AECD0211D3068AA
:10ADC40000F082F9CCE794F83020019B42F00102B4
:10ADD400236284F83020002B64D02B44211D64614D
:10ADE400AB42A36094BFD9F80000306800F06CF95E
:10ADF40064E794F8303023F0010384F830305DE7E1
:10AE040094F830309A073BD523F0010384F83030AE
:10AE140054E7019BDDE902019847009B002BFFF6F4
:10AE24004DAF56E7AA4201D9002892D0211D3068BF
:10AE340000F04AF942E7FEF777FEFEF7F5FFD8F88F
:10AE440000300446834295D8D9F80030C8F8004051
:10AE54005A68B2FA82F25209291B3868FEF71EF9C1
:10AE6400FEF76AFE00287FF425AF4FF0E0234FF091
:10AE74008052C3F8042DBFF34F8FBFF36F8F19E7D0
:10AE8400204603F095FA19E7211DD9F8000000F0D7
:10AE94001BF965E70022DFE7211DD9F8000000F067
:10AEA40013F90BE7054B40F20E41054A054804F03F
:10AEB40013F800BF646E002044720020700E00205E
:10AEC40034050020D456006064710020706E0020A8
:10AED40030B589B0FFF74EFE114B1B68CBB100248F
:10AEE40007AA06A905A80925CDE9054403F0F8FF3A
:10AEF4002346079A0095DDE90501CDE901100949CA
:10AF04000948FEF78FFC094B186010B1012009B005
:10AF140030BD074B4FF4A371064A074803F0DCFF2A
:10AF24004472002038220020C946000048720020E4
:10AF34004022002080050020085700602DE9F041E0
:10AF4400804634200D4616461F4603F029FA04466F
:10AF5400A8B1002380F83030A5B1FFF70BFE069BA3
:10AF6400201DC4F80080A362C4E9085700F070F8FB
:10AF74002EB194F8303043F0040384F83030204686
:10AF8400BDE8F081034B40F2A911034A034803F0E2
:10AF9400A3FF00BF1C220020CC0400203C5700600B
:10AFA40010B5134C84B023688BB180B1052902908D
:10AFB400CDE9001214DCFFF73FF902284FF000033B
:10AFC40008D0694620681A46FDF7A8FC00E0002076
:10AFD40004B010BD069A69462068FDF79FFCF7E7A8
:10AFE400044B4FF4EB71044A044803F075FF00BFAF
:10AFF400447200204822002098040020D8570060A2
:10B0040008B5054B186800B108BD044B40F2212176
:10B01400034A044803F060FF487200206C220020B9
:10B0240044040020405800604FF05A3300F10C02F1
:10B0340000210360C36110B44FF0FF34C0E9011272
:10B04400C0E90334C0E905225DF8044B704700BF32
:10B054004FF05A330022036042618361704700BF9E
:10B0640002688368B2F15A3F10B516D1C269B2F1D1
:10B074005A3F12D10A68B2F15A3F14D18A69B2F127
:10B084005A3F10D1DC684268C1E902340132DC68FD
:10B09400A160D9604861426010BD064B7321064A25
:10B0A400064803F019FF064B7421034A054803F0D0
:10B0B40013FF00BFC8120020F80300207C5A006070
:10B0C40038130020B05A006038B503684D68B3F1F6
:10B0D4005A3F20D1C369B3F15A3F1CD10B68B3F175
:10B0E4005A3F1ED18B69B3F15A3F1AD16B1C0FD052
:10B0F40000F10C031C469B685A68AA42FAD94268BC
:10B104008B600132D960CC60A1604861426038BD77
:10B114008469A368F3E7064B9621064A064803F0C0
:10B12400DBFE064B9721034A054803F0D5FE00BF1A
:10B13400C8120020CC030020E45A00603813002019
:10B14400185B0060426910B49468D0E90213844229
:10B154005DF8044BCB6099604FF0000108BF936029
:10B1640053684161013B18465360704700F0FCB9D5
:10B1740000B54FF0FF3483B0002300941A461946FB
:10B184001846FFF7F5F900F093F9F5E700B50A243E
:10B1940083B0002300941A4619461846FFF7E8F9CD
:10B1A40003F096FEF5E700BF30B5002383B0154CDD
:10B1B4004FF4807214491548CDE900312146FEF759
:10B1C40085FB01221249002304F108000091114675
:10B1D400FFF7B4FE0546FEF727FE002302460121D1
:10B1E40000932846FFF7DCFE0A4D082000234FF4A5
:10B1F400807204F11001CDE900050748FEF766FBF3
:10B2040003B030BD4C5B0060C8690020ED4B00000A
:10B21400CD4B0000CC690020D14B0000064B1968CF
:10B224000868B0E8F04F80F30988BFF36F8F4FF0E0
:10B23400000080F311887047606E0020EFF30980EE
:10B24400BFF36F8F144B1A681EF0100F08BF20ED68
:10B25400108A20E9F04F10602DE909004FF020001A
:10B2640080F31188BFF34F8FBFF36F8FFEF728FE73
:10B274004FF0000080F3118809BC19680868B0E831
:10B28400F04F1EF0100F08BFB0EC108A80F309884D
:10B29400BFF36F8F70470000606E002008B54FF059
:10B2A400200383F31188BFF36F8FBFF34F8F0A4AD4
:10B2B40013680133012B136000D008BD4FF0E02365
:10B2C400D3F8043DDBB2002BF7D0044B40F2F71166
:10B2D400034A044803F000FE0C2C0020BC13002099
:10B2E400A8050020445D0060084A08B513682BB126
:10B2F400013B13600BB983F3118808BD044B4FF471
:10B30400FF71044A044803F0E7FD00BF0C2C002041
:10B314000014002008040020805D006008B54FF090
:10B32400200383F31188BFF36F8FBFF34F8FFEF7B2
:10B33400B3FD28B14FF0E0234FF08052C3F8042D41
:10B34400002383F3118808BD08B5EFF305830F2BA1
:10B3540005D90F490F4A5B5C12789A420AD84FF01C
:10B36400E0230D4AD3F80C3D126803F4E0639342E2
:10B3740007D808BD094B4FF46271094A094803F024
:10B38400ABFD094B4FF46671054A084803F0A4FD70
:10B39400F0E300E061720020AC700020141400207F
:10B3A400D8030020BC5D006040140020F85D0060FC
:10B3B400EFF311814FF0200383F31188BFF36F8FF4
:10B3C400BFF34F8F044A13780133DBB2012B1370A0
:10B3D40008BF5170704700BF88270020044A1378C3
:10B3E400013BDBB2137013B9537883F311887047B0
:10B3F400882700200449054A4968054B19601368E9
:10B4040001331360704700BF001000E00470002097
:10B4140000700020EFF3108272B6437F5BB9017FA6
:10B42400012930B40BD0032913D00123437702B987
:10B4340062B630BC70470AB962B670477047124CA6
:10B444002168B1B1114943610B6808608361586197
:10B45400EBE70F4D0F492C688CB143610B68836196
:10B4640058614FF0E0234FF080540860C3F8044D56
:10B47400DBE7064B20601860C0E90511D5E7C0E999
:10B4840005442860EDE700BF98690020A469002006
:10B49400A06900209C69002090F81CC04160BCF1A8
:10B4A400020FC26001D183681847FFF7B3BF00BF22
:10B4B40070B5EFF3108272B60C4C206880B10C4E5C
:10B4C40000254369236073B19D6102B962B6836844
:10B4D40045779847EFF3108272B620680028F0D1C0
:10B4E40002B962B670BD3360EFE700BFA069002007
:10B4F4009C690020FFF7DCBF1A4A1368FBB1196886
:10B5040030B405688D4210D2491B00248360C460A6
:10B514001960D8601060022330BC03757047026064
:10B524001C68A24211D3214615461C469B686A1A20
:10B53400002BF4D1C0E902340260A060EBE7C0E95B
:10B5440002330223106003757047491B8360022293
:10B554002144DC68C460D860C468A06019600275C6
:10B5640030BC704790690020F8B5214D2C6834B385
:10B574000026204F05E0836898476368C3B92C68A8
:10B58400ECB12268002A2FD1A36803B1DA602069E4
:10B594002B60036826751B68BB4221D1037F46607C
:10B5A400022BC460E7D0FFF735FF6368002BE6D0B9
:10B5B40020462360FFF7A0FF2C68002CE1D1EFF3B5
:10B5C400108272B60C4B00211C68196002B962B675
:10B5D4002CB12046A468FFF78FFF002CF9D1F8BDE9
:10B5E400224600219847C8E7013A2260E7E700BFF6
:10B5F40090690020F94E0000946900200449054A2E
:10B604004968054B1960136801331360704700BF24
:10B61400001000E00470002000700020084601F0D3
:10B62400B3BC00BF00B5036883B040F60D2C022202
:10B6340001A95B68ADF804C0984703B05DF804FB4A
:10B64400A249A34B88422DE9F047A24C5E699A694E
:10B65400D4F80C801BD9A04B984240F20281C31A43
:10B664009E491B0AA1FB031340F22761DB0903EB8C
:10B67400830303EB830303F2E2438B4228BF0B46AD
:10B68400A3F54877964BA3FB0737FF0804E0954FD3
:10B69400B8428CBF0E2706278D4908F01F09D1F840
:10B6A4008030B94543F0C003C1F880300CD228F093
:10B6B4001F08A1F5F82148EA0708C1F80C800B68B7
:10B6C400002BFCDA08F01F0916F0007324D1864918
:10B6D4000C698649A14300F0EA8082F48051344623
:10B6E4004FF4805514F0605F04D026F060561E437A
:10B6F400774B5E6111F4405F07D022F440527449E5
:10B704002A438A618B6C1A07FCD446F00076704A8F
:10B714005661936C9B06FCD4754CA04200F2CE801B
:10B724004FF0010C0146634603FB011203F1010EC5
:10B734000CF10105A24218D8BEF1080F4FF0010325
:10B7440040F08D80BCF1040F00F291800A18A242EF
:10B7540000F2A48005FB00F1AC4603F1010E03FBEB
:10B7640001120CF10105A242E6D90CF1FF318C0261
:10B7740086EA81215F4810445F4A90427FD9DFF80E
:10B78400A4A16C225D48584DB0FBFEF0D5F800E052
:10B79400B0FBFCF0DFF890C10EEA0C0CD44509D0E4
:10B7A40042F400524FF4805CC5F800C02A602A6855
:10B7B400002AFCDA464A156905F007059D4203D0C4
:10B7C4001361936CDD03FCD411F4E05F09D026F41B
:10B7D400E05604F4E0543E4A26435661936C9907BC
:10B7E400FCD44749474A014491423CD8464BC909D5
:10B7F400A3FB0131090B4B1E1B0286EA030212F460
:10B80400407F06D026F4407603F44073304A334335
:10B8140053612F4A536923F000735361936C9B0661
:10B82400FCD43A4B4F45A3FB00234FF0FF324FEAC1
:10B834009343B0FBF1F1B2FBF3F3354A1060354AA0
:10B844001160354A136008D228F01F08214A48EADB
:10B854000707D7601368002BFCDABDE8F08773464E
:10B8640062E7122718E74FF440730421C5E70CF18F
:10B87400FF31204807238C02104486EA8121274A9D
:10B88400DFF8A8A0A2FB0020020D2548362A38BF05
:10B89400362202FB00F042EA0A0A74E74FEA8C24DB
:10B8A400002386EA8C214FF0010EAC4662E71D4668
:10B8B40086F0C05411464FF0C05313E700244FF0F4
:10B8C400010C024631462346E64653E700A4781F9E
:10B8D40000C00F40000008400046C32323B24C00C0
:10B8E4001F85EB5100366E0100800D404030008012
:10B8F400FFB19F26808D5B00FF7EF64D00643F4DB7
:10B904007FD1F0087F17B42C9F10E50083DE1B4322
:10B91400B4230020B0230020FC6F0020819F5E161A
:10B92400001BB7006C2000807F3001800020008065
:10B9340000B970472DE9F84F01218146214C224D71
:10B94400224E54E8003F2A68306844E80013002B74
:10B95400F7D11F494B684FF47A7BDFF878A01B1AA4
:10B9640001270BFB02F8DAF80020A3FB02325A4548
:10B9740094BF9044D84454E8003F2A68306844E8AF
:10B984000073002BF7D14B68DAF800C01B1A0BFBCD
:10B9940002F2A3FB0C3CBCF57A7F94BF624402F52F
:10B9A4007A72A2EB0802B2F57A7F06D3B9F10109E3
:10B9B40008F57A78DFD1BDE8F88F03F0ADFA0449D1
:10B9C400D9E700BF08700020047000200070002038
:10B9D400001000E0FC6F0020362816D80201104B3E
:10B9E40003EB00109B5810B4C2685C68144205D085
:10B9F40061B95DF8044BC3F888207047836851B17E
:10BA0400084A5DF8044B1A60704770475DF8044BB0
:10BA1400C3F884207047044A5DF8044B1A607047E9
:10BA2400F407002038F001003830010036280BD824
:10BA3400064B020103EB00109A58C36892681A423D
:10BA440014BF01200020704700207047F407002035
:10BA5400362829D8164B0201012903EB00109A5805
:10BA640010B45368C4680ED004290CD023EA04032C
:10BA740053608368A9B1022917D003290CBF0D4A6A
:10BA84000D4A1A6007E0234301295360836808D0F4
:10BA940040F638021A60436815225DF8044B1A60B8
:10BAA400704738221A60F6E77047044A1A60F2E7D2
:10BAB400F4070020383001003800010038F001009C
:10BAC40008B5FBF76BF9FBF719F803F025FAFAE769
:10BAD400844641EA000313F003036DD1403A41D395
:10BAE40051F8043B40F8043B51F8043B40F8043B54
:10BAF40051F8043B40F8043B51F8043B40F8043B44
:10BB040051F8043B40F8043B51F8043B40F8043B33
:10BB140051F8043B40F8043B51F8043B40F8043B23
:10BB240051F8043B40F8043B51F8043B40F8043B13
:10BB340051F8043B40F8043B51F8043B40F8043B03
:10BB440051F8043B40F8043B51F8043B40F8043BF3
:10BB540051F8043B40F8043B51F8043B40F8043BE3
:10BB6400403ABDD2303211D351F8043B40F8043B83
:10BB740051F8043B40F8043B51F8043B40F8043BC3
:10BB840051F8043B40F8043B103AEDD20C3205D393
:10BB940051F8043B40F8043B043AF9D2043208D08B
:10BBA400D2071CBF11F8013B00F8013B01D30B88FD
:10BBB40003806046704700BF082A13D38B078DD0DB
:10BBC40010F003038AD0C3F10403D21ADB071CBFAD
:10BBD40011F8013B00F8013B80D331F8023B20F817
:10BBE400023B7BE7043AD9D3013A11F8013B00F850
:10BBF400013BF9D20B7803704B7843708B788370D8
:10BC04006046704701F1FF3C70B56646002400E0D1
:10BC14000134B0FBF2F502FB1503092B03F1370ED7
:10BC240003F130035FFA8EFE98BF5FFA83FE904201
:10BC3400284606F801EFEBD2631C0022C818CA5448
:10BC44007CB162461CF8015F10F8016DA1EB0C0396
:10BC540002328CF80060013B521A057023449A4268
:10BC6400EFDB084670BD00BF00230F2248F2B82C5A
:10BC7400194610B54FF470444FF4806EA0F88C410F
:10BC84004FF46044A0F88E210A46A0F89031B0F831
:10BC940088319BB243F0F003A0F8883101EB4103F3
:10BCA400013100EB431304299C80A3F806E05A8475
:10BCB4001A865A805A81A3F80EC05A82DA825A83AD
:10BCC400DA83EBD1B0F888319BB243F00F03A0F8CC
:10BCD4008831B0F888319BB243F47063A0F888319E
:10BCE40010BD00BF374B384A996F384841F47F0183
:10BCF40070B5996741F20106D3F8801045F6C05536
:10BD040043F226040A43C3F88020FFF7ADFF00F591
:10BD14008040FFF7A9FF00F58040FFF7A5FF00F57D
:10BD24008040FFF7A1FF0022A0F503104FF00F0E93
:10BD3400114600EB42134FEA421C01329981042A56
:10BD44005981A3F80EE09E82DD8020F80C10198240
:10BD54009C81EED100221E484FF00F0E41F20106E5
:10BD6400114645F6C05543F2260400EB42134FEA50
:10BD7400421C01329981042A5981A3F80EE09E8263
:10BD8400DD8020F80C1019829C81EED1002211482C
:10BD94000F2641F20105114645F6C05443F2260E22
:10BDA40000EB42134FEA421C01329981042A598163
:10BDB400DE819D82DC8020F80C101982A3F80CE04F
:10BDC400EED170BD00C00F40000003FC00C03D4038
:10BDD40000001E4000401E40074A506A936A1946FC
:10BDE4008446506A936A9942F9D18445F7D1DB0BB2
:10BDF40043EA4040704700BF00400D4072B6EFF385
:10BE04000583524CC4F884301EF0040F0CBFEFF3CA
:10BE14000882EFF309824FF0E0234D4E4D4DD3F8E5
:10BE2400280DD3F82C1DC4E92201D3F8341DD3F80E
:10BE3400383DC4E924139369C4F89830D369C4F82D
:10BE44009C3000F0A5F884ED280AFFF7C5FF0B210C
:10BE54004FF0FF32C4F8A4000B46C4F880103E49EA
:10BE6400301D5A40202402F00103013C01FB03F37E
:10BE740083EA5202F7D1A84202D073680646EFE77C
:10BE8400324BC3F8A820BFF34F8F4FF0E023304963
:10BE9400324AC3F8701FC3F8702FBFF34F8FBFF33C
:10BEA4006F8F2F4A02252F48D36E2F4943F44053F6
:10BEB400D3660560D3692D4823F07F0343F0400324
:10BEC400D3610B6883423DD8264D00214FF0E02317
:10BED4004FF0FF3229600126C5F808112449C5F83E
:10BEE4000011C5F80861C3F88021C3F88421C3F8A0
:10BEF4008821C3F88C21C3F8902101E000F03AF9BD
:10BF0400D5F80C31002BF9D00134C5F80C614F2C55
:10BF1400F4D9184B022018494FF00042C1F84001EF
:10BF24005A63D5F80C313BB9144815490D4A0163DD
:10BF3400D2F80C31002BFAD04FF0E023114AC3F8A9
:10BF44000C2DFEE7FFF77CFBBEE700BF00FF2720B8
:10BF540080FF2720A8FF27202083B8EDA0FF2720FB
:10BF640000C00F4000400840B4230020803DCD0BAA
:10BF7400009F240000900D4000002E4000800F40E0
:10BF8400F100AD0B0400FA0530BFFDE7FFF736BF43
:10BF9400124AD2F880305B07FBD5D2F880301048C3
:10BFA400C3F30B230F4990ED007A07EE903A91ED1D
:10BFB400006AB8EE477A0C4AF8EEE77A0B4BD2EDFA
:10BFC400006A77EEC77A93ED007AB8EE477A67EEA7
:10BFD400867A87EEA60A37EE400A704700810D4044
:10BFE400EC6F0020F46F0020F86F0020F06F002049
:10BFF400836BF0B41BB1536843F40043536072B6CF
:10C00400446B3CB31A4B2260D3F8B0410C421DD1AF
:10C01400184E776804E07468E41BB4F5166F0BD20D
:10C02400D3F8404144F48044C3F84041D3F8B851B4
:10C03400D3F840416404EED50D4007D10C4CC0E95F
:10C044000225D4F8B0310B43C4F8B031426362B670
:10C05400F0BC7047064DC0E90224D5F8B0310B435B
:10C06400C5F8B0310263426362B6F0BC704700BFEA
:10C0740000002E40001000E070B5056B9DB106462F
:10C084002A46002403E012680134012A0CD05368C4
:10C0940013F08003F7D032632CB12846B36B2D68BC
:10C0A4009847013CF9D170BDC6E90C33F4E700BFF1
:10C0B40030B4D9B91F4C204B0021204A01254FF040
:10C0C400011099601D60C4E9023180245C60C2F8EB
:10C0D400BC01D2F8B0311A482B43C2F8B031016028
:10C0E400D2F8B031002BFBD130BC70470904154B9A
:10C0F400104C012541F080019860104A596000F508
:10C1040080511D60D96000F50051A364196100F5E8
:10C11400405100F58040596100219861E164D2F8F2
:10C12400B03143F48033C2F8B031D2F8B031002BCF
:10C13400FBD1C0E700000020C032002000002E40E8
:10C144002C6E0020E0320020084901220B7802FA0C
:10C1540000F023EA0000087030B9054AD2F84831EB
:10C1640023F08003C2F84831704700BF5D7200209D
:10C1740000002E402DE9F04F974C83B0D4F8447161
:10C18400FB07C4F8447153D5D4F8AC21002A4AD033
:10C19400924EDFF860A2DFF87492DFF874B2DFF831
:10C1A4007482C4F8AC21D6E90A20D4F8403143F4AF
:10C1B4000053C4F84031D4F840319D04F5D5D4F887
:10C1C400403123F40053C4F840314FF00113C4F854
:10C1D400B431D4F8B45115F00115FAD193B28446B0
:10C1E400CAF80050B3F5086F00F0CF8100F2DB808D
:10C1F40040F202318B4200F0E78100F29A80822BF8
:10C2040000F0CB81B3F5817F40F08A8010F0780F85
:10C2140083B200F003824FF00113C4F8C031D4F8A4
:10C22400AC21002ABDD16C4AD2F8BC31002B42D1DA
:10C234007E0616D5684BD3F8AC21C3F8AC21D3F8ED
:10C24400BC21C3F8BC21D3F8B041002CFBD14FF082
:10C25400FF32C3F8B421D3F8843100F02DFD604BD4
:10C264001C60FC0103D55F4B1B6803B19847B80100
:10C2740003D55D4B1B6803B19847790708D5564B26
:10C28400D3F8843113F4007347D0584B01221A7049
:10C29400514BD3F848311A060AD53B0608D5544AFF
:10C2A40013782BB1013BDBB21370002B00F07282C8
:10C2B40003B0BDE8F08F4F49C2F8BC3108680342AF
:10C2C40040F0D181464A14681C40B1D05FEA14485A
:10C2D40010D0424E4FF0010998FAA8F5B5FA85F549
:10C2E40006EBC51009FA05F54030FFF7C5FE38EA3C
:10C2F4000508F1D1A4B2002C9AD0384E4FF00108B1
:10C3040094FAA4F5B5FA85F506EBC51008FA05F517
:10C31400FFF7B2FEAC43F3D18AE7344A1370B7E7B0
:10C32400802B7FF478AF344802210580FFF7C0FEEC
:10C3340075E7B3F5A06F00F00B81A3F5D063012B73
:10C344003FF669AF2D4B5D68002D3FF464AF1FFAD3
:10C354008CFC4FEA124E04E01D690C33002D3FF4AF
:10C364005AAF1A887245F7D15A886245F4D14FEA18
:10C374001E22032A00F0A5811A89000C824228BFDC
:10C384000246BEF5007F40F0A181184B1C49187885
:10C394001C4B0192002818BF19461B48FFF798FB55
:10C3A400194D019AE1E142F221218B427CD033D92B
:10C3B40042F221318B4200F081804FF6C0018B4262
:10C3C4007FF429AF10F47F4F83B27FF424AF43F49A
:10C3D4006E4363F30F0CB5E700002E40000000200D
:10C3E400306E0020C4700020C870002064720020E9
:10C3F400657200202C6E0020B46F002044120020CF
:10C40400D06400603465006000002020246E0020A9
:10C414005DCFC6B8C0012E40B3F5106F66D042F2AE
:10C4240021018B427FF4F7AE030C072B7FF4F3AEAC
:10C43400B24BB349F560D960B249B360C3F8089010
:10C44400C1E9002001221A60AF4A5A60AF4A1A615A
:10C45400D4F8B01141F00101C4F8B01102F58051D3
:10C4640002F5005259619A61D4F8B031002BFBD126
:10C47400A74AF36493600123B264136048F2800313
:10C4840053604FF00113C4F8BC31D4F8B03143F415
:10C494008033C4F8B0314FF48033CAF80030D4F894
:10C4A400B031002BFBD1BAE680B238B9994BC2F354
:10C4B40007421968984B1960984B1A70944B0022E4
:10C4C4009A60F2640122B3641A6080225A604FF0C9
:10C4D4000113C4F8BC31D4F8B03143F48033C4F848
:10C4E400B031D4F8B031002BFBD198E6C2F3074247
:10C4F4008B4B1A708B4BC4F8C8318B4BC4F8CC31BE
:10C504008A4BC4F8D03100F0D9FB802229468848F0
:10C5140002F010FA874B8022C6F8A0B0C6F8E030CB
:10C524007B4BF5645A600122B3649D601A604FF03E
:10C534000113C4F8BC31D4F8B03143F48033C4F8E7
:10C54400B031CAF80050D4F8B031002BFBD166E604
:10C554006F4B0121F564196080219D60B3645960BB
:10C564004FF00113C4F8BC31D4F8B03143F4803334
:10C57400C4F8B031D4F8B031002BFBD1130C5B06F6
:10C5840043F08073C4F8543149E6654B01216A488D
:10C594001B780370FFF78CFD41E683B210F078003E
:10C5A4007FF439AE03F07F0258F82210624A1080FB
:10C5B400180600F19E80CB0701D5012313700221D8
:10C5C4005D48FFF775FD2AE610F0780F83B27FF41B
:10C5D40022AE03F07F0213F0800F58F8223014BF0C
:10C5E40043F4803343F0010348F822300022484BDF
:10C5F400F2649A600122B3641A6080225A604FF098
:10C604000113C4F8BC31D4F8B03143F48033C4F816
:10C61400B031D4F8B031002BFBD100E603F07F0237
:10C6240013F0800F58F8223014BF23F4803323F022
:10C63400010348F822300022354BF2649A6001224B
:10C64400B3641A6080225A604FF00113C4F8BC31FD
:10C65400D4F8B03143F48033C4F8B031D4F8B031F5
:10C66400002BFBD1DBE50020086026490C884868D4
:10C6740042F221018C427FF425AE80B200287FF47F
:10C6840021AE2E492E4C03C9A18086284FEA1141C0
:10C694002060A1717FF416AE72B62A48017841F089
:10C6A40008010170D2F848110D0605D48020014319
:10C6B400C2F84401C2F8481162B6234A50211170ED
:10C6C40000E6000C2A78824228BF0246BEF5E06FDD
:10C6D40044D11E4B1E4D18781E491F4B0192002851
:10C6E40018BF19462846FFF7F3F907236B70019A20
:10C6F4003BE0C9033FF561AF61E700BFE0320020D2
:10C70400247E0020F03F002080000700248E0020BB
:10C71400C032002004700020C0700020627200202B
:10C72400637200200200CC00C80002000200C800AE
:10C73400800000201993D574B46F0020246E00206B
:10C74400B87000205D7200206572002064720020C1
:10C754000000202034650060D06400602946104D3C
:10C7640001922846FFF7B4F9019A25F01F031544F6
:10C77400BFF34F8F4FF0E021C1F8703F20339D424B
:10C78400FAD8BFF34F8FBFF36F8F05481146FFF7F9
:10C794008FFC44E50320FFF7D7FC02F095FB00BFB4
:10C7A400000020202DE9F0471F46831E022B01D9EB
:10C7B400BDE8F087DFF84C9015460C463C2209EBA7
:10C7C400C01806464FEAC01A002108F104002404E8
:10C7D40002F0B0F8B5FA85F20123520944EA427432
:10C7E40049F80A40C8F83870C8F80830002FDFD07C
:10C7F400034AB34011680B431360BDE8F08700BFE0
:10C80400306E0020000000202DE9F0470D46811E07
:10C81400022901D9BDE8F087C701DFF84C909246A0
:10C82400044640373C2200211E4609EB07082D042C
:10C8340008F1040002F07EF8BAFA8AF2520945EAD5
:10C84400427249F807200122C8F83860C8F8082065
:10C85400002EDFD0034B10341968A2400A431A603B
:10C86400BDE8F087306E00200000002012048160D3
:10C87400C36101F5405342F0800210B401244260C8
:10C8840001F50052046001F5805401F58041C46053
:10C8940081615DF8044BC0E904237047831E0A4696
:10C8A400022B00D97047064B00F110014FF0010C28
:10C8B40003EBC0100CFA01F14030FFF799BB00BF45
:10C8C40000000020831E0A46022B00D97047012174
:10C8D400024B814003EBC010FFF78ABB000000202D
:10C8E40040687047124A134BD2F8200220F07F4070
:10C8F400984210B584B002D200EB800040000E4C88
:10C9040001A90A22FFF77EF901A90023204611F8A4
:10C91400012B01333AB10A2B20F8022FF7D1162349
:10C92400237004B010BD5B00DBB2237004B010BDF3
:10C9340000441F4080969800F42B002000F0DCBADD
:10C9440000F0ACBA00F010BB00F0CABA00F066BB4D
:10C9540000F03CBB0846114600F02CBBF8B5144C63
:10C964004FF0E025134E4FF4003204EB4024124FF5
:10C9740006EB40160346C5F88C2121463A8830461A
:10C98400FFF774FF3B882344BFF34F8FC5F85C4F18
:10C994002034A342FAD8BFF34F8FBFF36F8F032025
:10C9A4003146FFF78FFF4FF40033C5F80C31F8BD63
:10C9B400800020200033002050720020244B2DE9F9
:10C9C400F0411C884368C569C3F30E43E41A002C84
:10C9D40024DD204920480A780078D3B21F4E8242D1
:10C9E4001F4807D010F8038036F81870C7F5007296
:10C9F400944218D90133002226F81540082B194E09
:10CA040088BF134626F8152098BFDAB2C554164BD2
:10CA14000A701A6814441C60BDE8F0812846BDE819
:10CA2400F041FFF79BBF07EB4820104922462744FB
:10CA3400084401EB4521FFF74BF80B4A284626F83A
:10CA4400187013682344BDE8F0411360FFF786BFF4
:10CA5400507200205B7200205C720020C06F0020C6
:10CA6400E06F0020D06F0020BC6F002080002020E9
:10CA74001D4B1A78002A36D102F0FF031B4A1278A4
:10CA84008AB32DE9F0411A4D2A8852B3194EC2F5E2
:10CA94000068194F3278194C07EB421704EBC22493
:10CAA400424638462146FFF7E1FE04EB0802BFF395
:10CAB4004F8F4FF0E023C3F8704F2034A242FAD8CE
:10CAC400BFF34F8FBFF36F8F04203946FFF7E6FEA5
:10CAD40033780133DBB2032B88BF00233370002388
:10CAE4002B80BDE8F08170476072002063720020E3
:10CAF400527200205F720020003400208010202039
:10CB04002DE9F04F85B0CDE90110002900F0BF8078
:10CB14000023604CDFF89881DFF898A15E4F009302
:10CB240001235E4A23705E4B1978B8F8003002EB9B
:10CB34004119002B40F0A7801E461D469B464846DF
:10CB4400FFF7CEFE10F0800000F08C80BFF34F8F13
:10CB54009AF8003084F800B005B93E68002B7DD106
:10CB64003B689B1B782B00F287804E4B1B78002B75
:10CB740074D002F0D1F90122B8F8003015462270C1
:10CB8400002BDCD0464AC3F5006011781A4600EB4E
:10CB9400C120454DC9022844019D954217D20393F3
:10CBA400DDE901512A46FEF793FF039B4FF0404213
:10CBB4005B1BA8F800303D4BC3F88420BFF34F8FB4
:10CBC400009800232844237005B0BDE8F08F364B4D
:10CBD400CD180299FEF77CFF00234FF4006229462A
:10CBE4004846FFF743FEBFF34F8F05F1200205F5DA
:10CBF4000063934234BF012340234FF0E02205EB4E
:10CC04004313C2F8705F2035AB42FAD1BFF34F8FA4
:10CC1400BFF36F8F04204946FFF740FE204A137884
:10CC24000133DBB2032B84BF00231D4A1370B8F811
:10CC34000030019AD11A009A1A4401910092029A82
:10CC44001A4400230292194AA8F80030C2F884302A
:10CC5400BFF34F8F237000297FF462AF009805B0B3
:10CC6400BDE8F08F4FF400620D4B8AF8000019788C
:10CC74001346A8F800208AE7012300988AF80030B8
:10CC840005B0BDE8F08F1A46C3F500607FE7019850
:10CC9400E5E700BF6072002004700020003400202B
:10CCA4005F720020637200208010202000002E405C
:10CCB400527200205E720020704700BF2D4B00218D
:10CCC40080222D4870B51B7800242C4D8B422C4EAD
:10CCD4000CBF40234FF400732B80338001F02AFEF5
:10CCE400284A2146284B14704FF4807227481C8030
:10CCF40001F020FE264A1021264B0220C2E90044FE
:10CD0400C2E90244244AC3E900441470234AC3E933
:10CD14000244234B1C70234614602246FFF774FD23
:10CD24002246318803201F4BFFF73CFD2346012296
:10CD340029880420FFF768FD20460134FFF70EFE22
:10CD4400082CF9D1184B00214A221848184C0460C9
:10CD5400C3F88410C3F88020D3F84821154942F061
:10CD64008072C3F8482121B1134A137843F00103B8
:10CD7400137070BD647200200034002054720020CF
:10CD8400507200205F720020527200200033002095
:10CD9400C06F0020D06F00205B720020BC6F0020A9
:10CDA4005C7200201D64000000002E40C47000204E
:10CDB400D164000000000000667200202DE9F04FED
:10CDC4004FF0E0234FF40032DFF8C8A083B0C3F87B
:10CDD4008C218B469AF8004000294FD08046E4B25B
:10CDE4000027DFF8B490264BABEB070225491B78EC
:10CDF400A34204F101043FD0092C234B404628BF31
:10CE040000241E5D39F816C00CEB462319441F4B51
:10CE140033F81650A5EB0C05AA421CD20CEB462C99
:10CE240018491B4C61440192FEF752FE216839F8FF
:10CE340016505846019AA1EB0B012A44394429F8AB
:10CE4400162021604FF0E0234FF40032C3F80C2188
:10CE540003B0BDE8F08F2A462F44FEF739FE0C4993
:10CE6400E3B230460A68A844521B0A608AF80030CC
:10CE7400FFF774FDBB45B6D83846E3E70846E1E75B
:10CE84005B72002080002020E06F0020C06F002033
:10CE9400BC6F00205C720020D06F00200B4B0C4A4A
:10CEA40012781978D3B28A420DD0013309480A4A5C
:10CEB400092B0A4928BF0023C35C31F8131002EB85
:10CEC4004323585C70474FF0FF3070475B7200207B
:10CED4005C720020E06F002080002020D06F0020D2
:10CEE400044B10B51C680CB1204610BD02F014F8B8
:10CEF400204610BDBC6F00202DE9F84F144E154D8F
:10CF040033782A78934221D0DCB2DFF85090DFF8EE
:10CF140050B0DFF85080104F0134082C5FFA84FAC7
:10CF240001D90024A24619F80400DBF8003038F8CF
:10CF3400102037F81010521A9B1ACBF80030FFF764
:10CF44000DFD86F800A02B78A342E5D1BDE8F88F4B
:10CF54005C7200205B720020D06F0020E06F002024
:10CF6400BC6F0020C06F002000B583B001210DF11B
:10CF74000700FFF723FF20B19DF8070003B05DF819
:10CF840004FB4FF0FF30F9E7094B00B583B01B7881
:10CF94008DF807003BB101210DF10700FFF7B0FD4B
:10CFA40003B05DF804FB03F0FF0003B05DF804FB7D
:10CFB40063720020044B1B7803F0FF020BB1FFF7F0
:10CFC4009FBD1046704700BF637200202DE9F041F9
:10CFD4000024DFF8448001230D4D27460D4E88F8C8
:10CFE4000030337828462035A34204F1010405D0EB
:10CFF400FFF776FC030658BF07F50067042CF0D151
:10D00400BFF34F8F0023384688F80030BDE8F08125
:10D01400003400205F720020607200202DE9F84384
:10D024001D4B1B7813B11D4D2A880AB9BDE8F8833E
:10D034001B4EC2F500691B4933784A461A4C01EB72
:10D0440043181A4F04EBC324012340463B70214686
:10D054000023FFF70BFC04EB0902BFF34F8F4FF0E3
:10D06400E023C3F8704F2034A242FAD8BFF34F8FA5
:10D07400BFF36F8F04204146FFF710FC3378013370
:10D08400DBB2032B88BF0023337000232B80BFF354
:10D094004F8F3B70BDE8F88363720020527200200A
:10D0A4005F72002000340020801020206072002075
:10D0B40008B5D0E900325BB1BAB10F4BA3FB021340
:10D0C400DB0803EB4303B2EB83030AD1012008BD61
:10D0D400094BA3FB0213DB0803EB4303B2EB83030B
:10D0E40001D0D21A4260F02AF0D801F0A3FC1C222D
:10D0F400034600201A6008BDABAAAAAA70B504466C
:10D1040038B319B1B2FA82F67609A2B9206800B32D
:10D114006268F2B1184B194902FB03F3B1EBB30F88
:10D1240017D3A368E3B90022012322606260A260DE
:10D13400E260184670BD1D46049BC0E90012C3603E
:10D14400FFF7B6FF03460028F3D06DB90123184654
:10D1540070BD01F06FFC162200230260184670BDFA
:10D16400002101F0E7FBDEE7626831462068A56034
:10D1740001F0E0FB0123DCE7ABAAAAAA555555153B
:10D1840053B94AB9002908BF00281CBF4FF0FF312A
:10D194004FF0FF3001F0BAB8ADF1080C6DE904CEE0
:10D1A40000F006F8DDF804E0DDE9022304B070477E
:10D1B4002DE9F047089E0D4604460F46002B4AD140
:10D1C4008A42944665D9B2FA82F343B102FA03FC67
:10D1D400C3F120029F4020FA02F217439C404FEA19
:10D1E4001C4E1FFA8CF5B7FBFEF1220C0EFB1177D7
:10D1F40042EA074201FB05F090420AD91CEB020205
:10D2040001F1FF3780F01C81904240F2198102390C
:10D214006244121AA4B2B2FBFEF00EFB102244EADE
:10D22400024400FB05F5A5420AD91CEB040400F1F5
:10D23400FF3280F00781A54240F204816444023841
:10D2440040EA0140641B00211EB1DC400023C6E912
:10D254000043BDE8F0878B4208D9002E00F0ED8032
:10D264000021C6E900050846BDE8F087B3FA83F15A
:10D27400002949D1AB4202D3824200F2F880841AD9
:10D2840065EB030201201746002EE2D0C6E90047F1
:10D29400DFE702B9FFDEB2FA82F3002B40F09080A0
:10D2A4008A1A4FEA1C471FFA8CFE0121B2FBF7F5DC
:10D2B40007FB1520220C42EA00420EFB05F09042C7
:10D2C40008D91CEB020205F1FF3802D2904200F2A9
:10D2D400CB804546121AA4B2B2FBF7F007FB10222A
:10D2E40044EA02440EFB00FEA64508D91CEB0404E4
:10D2F40000F1FF3202D2A64500F2BB801046A4EB37
:10D304000E0440EA05409FE7C1F120078B4022FA52
:10D3140007FC4CEA030C05FA01F420FA07F3FD407C
:10D324004FEA1C492343B5FBF9F81FFA8CFE09FBAD
:10D3340018551C0C44EA054408FB0EF5A54202FAF4
:10D3440001F200FA01F00BD91CEB040408F1FF3AD6
:10D3540080F08880A54240F28580A8F102086444E8
:10D36400641B9DB2B4FBF9F309FB134445EA04447E
:10D3740003FB0EFEA64508D91CEB040403F1FF359C
:10D384006CD2A6456AD9023B644443EA0843A3FB32
:10D394000295A4EB0E04AC42C846AE4656D353D015
:10D3A40056B1B0EB080264EB0E0404FA07F7CA4066
:10D3B400CC401743C6E9007418460021BDE8F08745
:10D3C400C3F1200102FA03FC20FA01F225FA01F16B
:10D3D4009D402A434FEA1C471FFA8CFEB1FBF7F02D
:10D3E40007FB1015110C41EA054100FB0EF58D42B7
:10D3F40004FA03F408D91CEB010100F1FF382FD221
:10D404008D422DD902386144491B92B2B1FBF7F524
:10D4140007FB151142EA014205FB0EF1914208D9BE
:10D424001CEB020205F1FF3816D2914214D9023DD9
:10D434006244521A45EA004138E73146304608E76B
:10D444003946E6E61046FBE64845A9D2B9EB0208A0
:10D4540065EB0C0E013BA3E74546EAE72B4694E750
:10D464004046D1E7D0467BE7023D624432E70846B6
:10D474000AE76444023842E703685A004CBF43F0A9
:10D48400004323F000431844704700BF2DE9F843DC
:10D4940029B34F1E044615463E464FF0000808EBDC
:10D4A400060101EBD171491004EBC1094846FFF7AD
:10D4B400E3FF0346C80008308F42204409D0AB4242
:10D4C40009D8FFF7D9FF0138A8420AD201F10108AF
:10D4D400E5E7AB4205D9884501D04E1EDFE74FF0A2
:10D4E40000094846BDE8F883012807D0022807D080
:10D4F400044B00280CBF18460020704702487047B0
:10D504000248704709760000117600001976000081
:10D5140030B5224B83B004468D1E43B301A928467F
:10D52400AFF30080F0B101992A46FFF7AFFF01463F
:10D53400C0B1FFF7A1FF4B68A064012B2BD0002BD7
:10D5440001F1040025DBFFF797FF0023236503683F
:10D55400E064002B12DBFFF78FFF034600202361FA
:10D5640003B030BD00230920236103B030BD0C4B50
:10D574000C49C91AC91018460191D5E7C3F30360D1
:10D58400FFF7B2FF031E0CBF09200020236103B084
:10D5940030BD0123DAE700230520E0E700000000A6
:10D5A40094890000408A00000368DA0710B5044635
:10D5B40006D49B0700F1480009D500F06DFC2368F0
:10D5C400590709D51A070ED5DB0613D510BD00F08F
:10D5D4005BFC23685907F5D404F1D00000F064FC27
:10D5E40023681A07F0D404F5A87000F065FC2368DA
:10D5F400DB06EBD404F5E870BDE8104000F0A0BCF5
:10D604000346006800B11844704700BF704700BF6C
:10D6140070B504460E46316C2046FFF779FF054687
:10D6240088B9326C626123693246214601209847E9
:10D634000828F0D0072806D12846316CFFF7E6FF0A
:10D64400301D00F015FCFEF79FFC00BF2DE9F047EC
:10D654000D1DD0F80C80D0F81890074614460FCD55
:10D66400ADF5727D0DF10C0CACE80F000FCDACE8FC
:10D674000F000FCDACE80F0095E80F0002AE4FF09D
:10D68400000E8CE80F00C6F800E020E0336C7B61EC
:10D694004FF4F07231467AA8FEF71AFA3B697AAA77
:10D6A400394650469847889B73642146CDE9006902
:10D6B40005463B463A460120C0470446E0B94FF4CC
:10D6C400F0727AA93046FEF703FA082D1AD1316CAC
:10D6D4003846FFF71DFF09345FFA84FA054600282F
:10D6E400D4D0B36B73643A46CDE900693B464AF043
:10D6F40010010120C04700B1092528460DF5727DAF
:10D70400BDE8F087072DF7D12046316CFFF77EFF87
:10D7140003A800F0ADFB00BFF0B5CB6B0B6401F1C7
:10D72400040C0E460546BCE80F00F9B001AC0FC46A
:10D73400BCE80F000FC4BCE80F000FC49CE80F0046
:10D744004FF0FF3784E80F00009706E02B696A4624
:10D75400294698470828044608D110992846FFF717
:10D76400D7FE0028F2D0092079B0F0BD6846FFF753
:10D774001BFF062CF7D131462846FFF749FF00BFAF
:10D78400C160D96B8261196400221946FFF75EBF3C
:10D7940070B5C66843690B64AEB903690A460446AA
:10D7A4000D46014602209847072805D008280FD1C6
:10D7B40029462046FFF72CFF3046296CFFF726FF49
:10D7C400281D00F055FB0122FFF740FFFEF7DCFBAC
:10D7D400FEF7DAFBC26822B1CA6B0A640022FFF7C3
:10D7E40035BFFFF799BF00BF012912D009D873B91B
:10D7F4000F2A0CD800EB820218465368009A136073
:10D8040070470339012994BF012002207047022088
:10D8140070470846704700BF00B585B00A4600232C
:10D8240003A900911946FFF7DFFF039805B05DF8DF
:10D8340004FB00BF012912D009D873B90F2A0CD8F0
:10D84400009900EB82020968516018467047033959
:10D85400012994BF01200220704702207047084626
:10D86400704700BF10B584B0002303AC039200944A
:10D874000A461946FFF7DEFF04B010BD70B5D36B3E
:10D88400136402F1040C05460C46BCE80F00ADF528
:10D894000E7D0DF15C0EAEE80F00BCE80F00AEE8A3
:10D8A4000F00BCE80F00AEE80F009CE80F004FF03B
:10D8B400FF368EE80F00169610E0FFF7D3FF2146DF
:10D8C40016A8A847034616AA6946082083B9049BEC
:10D8D4009847052806460CD0092809D02699684699
:10D8E400FFF716FE03466A460C2116A8002BE4D067
:10D8F400092616A8FFF758FE30460DF50E7D70BDBB
:10D904002DE9F04FCC6C89B01E4654F8043B0694C4
:10D914000D46174600F00308002E79D01A0C8DF836
:10D924001D201B04D2B2059304EB820402238DF85C
:10D934001C302B6DB8F1020F08BFAC6B13F0010360
:10D944000CD005A9384600F095FB18B9082009B099
:10D95400BDE8F08F092009B0BDE8F08FD4F800A02D
:10D96400BAF1000FEDD0019300F008030293022EE8
:10D974004AD0B4F800A0B4F802900434AB6C29F097
:10D98400010B0F2138469B44FFF746FF834539D8E6
:10D994002AF001025A44824294BF002201224FEA33
:10D9A400490303F002030AF0010A43EA0A03012BC4
:10D9B4004BD0022B32D0002BCCD1B8F1000F02D0C7
:10D9C400002A40F0CD800434D4F800A0BAF1000F4E
:10D9D400CDD105A9384600F04DFB0028BAD1019BF2
:10D9E400002BB3D00F213846FFF716FF0E21024655
:10D9F4003846FFF737FF38466A4A0F21FFF732FFF0
:10DA04000720A8E70022CAE7D4F804900834B5E751
:10DA14001B0205938DF81D60032388E7D4F800905A
:10DA240029F0004BB8F1000F46D12AB1029B002B1C
:10DA34005BD0BBF1000F73D0B9F1000F00DA0434EE
:10DA44000BF1010B04EB8B04BEE7B8F1000F19D105
:10DA5400B2B161682268881C4FEAD2723FF47AAF8F
:10DA640005F158030131049300F08E80201DFFF767
:10DA7400C7FD04AB01462846AFF30080002859D106
:10DA84000834A1E70D213846D5F82090FFF7C4FEED
:10DA94008145F5D1AB6A9C42F2D12046FFF7ECFCFC
:10DAA4000F2102463846FFF7DDFE38462A4600219C
:10DAB400FFF7D8FE07204EE70D213846D5F820A001
:10DAC400FFF7AAFE8245B7D1AB6A9C42B4D10423C6
:10DAD4000022C5E90B23E318C5F828B06B6323685B
:10DAE400002B59DB01230193AAE7994605F158035A
:10DAF400CDF80C8004F1040AB0461E460EE05046F0
:10DB04000496FFF77DFD0022014604AB284609F187
:10DB140001090AF1040AAFF30080D8B9D945EED15E
:10DB24000D213846FFF778FE049B2862C5E90934C5
:10DB3400062010E781460D213846FFF76DFEB9F146
:10DB4400020F04BF2B46049A286214BF049B43F8B7
:10DB54002C2FEBE74646D4F80090DDF80C806BE7F9
:10DB64002046FFF789FC04340246AC632846144679
:10DB7400AFF3008000283FF4EDAE384622460F2173
:10DB8400FFF770FE0720E6E60D2138460193FFF704
:10DB940043FE019B2862C9E70BF1010004EB8000FE
:10DBA4007CE700BF000000000023FFF7A9BE00BF10
:10DBB4000123FFF7A5BE00BF0223FFF7A1BE00BFEC
:10DBC4002DE9F0430646C3B091461C46042900F2F1
:10DBD4009B80DFE801F07B56992E0300002C40F077
:10DBE4009380102A00F290800368DC0600F1F38031
:10DBF40020AF384600F0AEF9B46B394600234FF03D
:10DC0400010C0CFA03F212EA090F204603F1010396
:10DC140003D050F8042B0A600446042B01F10401DC
:10DC2400EFD13846B46300F08BF9002043B0BDE86F
:10DC3400F083032C68D194B204EB1243102B4FEA07
:10DC4400124961D803681D0700F1CD8020AF384622
:10DC540000F054F9B26B07EBC90154B10B46D01A6A
:10DC640001EBC401E4001D5843F8045B8B42FAD174
:10DC740022443846B26300F01FF9002043B0BDE8E7
:10DC8400F083012C4FEA12481FFA82F938D0052C90
:10DC94003AD108EB0903202B36D8B8F10F0F76D907
:10DCA400B9F1000F40F083800F2B0BD83368D807ED
:10DCB40008D5304623F0010343F0020340F8483B03
:10DCC40000F0EEF8002043B0BDE8F083E4B9876BC0
:10DCD40023461FFA82FC0120341D00FA03F212EAE3
:10DCE4000C0F394604D051F8042B44F823200F4676
:10DCF4000133102BF1D119F40050E3D1B76304E0E0
:10DD040008EB0903102B03D9022043B0BDE8F083CC
:10DD1400B8F10F0FF8D83368DA0706D5304623F088
:10DD2400030340F8483B00F0B3F820AF38464D46B3
:10DD340000F0AEF8B26B002D5ED04FF0000907EB97
:10DD4400C80102EBC503043952F8040B41F8040F6F
:10DD54009A42F9D1B9F1000F54D06F4641461029C7
:10DD640038BF102107EBC101843903EBC90253F812
:10DD7400045B41F8045F9A42F9D1012C3BD0B8F11D
:10DD84000F0FB26358D9384600F08EF89AE7102B7B
:10DD940054D93268D707A3F1100909D522F0010339
:10DDA400304643F0020340F8483B00F079F832680B
:10DDB400530739D4B8F10F0F02D820A800F070F837
:10DDC4006F463846C8F1100500F072F8002DB26BAA
:10DDD40028DD20AFB3E723F01003036000F5E870FB
:10DDE40000F0B8F804E723F00803036000F5A87016
:10DDF40000F084F82AE720AF0432B263384600F01A
:10DE040043F85FE7012CF7D0B8F10F0FB2633FF688
:10DE140059AF384600F040F8B9F1000F3FF452AF63
:10DE24006F46B0E7134699E7304622F0040240F803
:10DE3400D02B00F03DF8BDE720AFEAE73368D907FF
:10DE440008D523F00103304643F0020340F8483B71
:10DE540000F026F820AF38464D4600F021F8B26BAA
:10DE6400002D7FF46AAF384600F016F82AE700BFA9
:10DE740000F1340191E838009C46A6464CF8045D54
:10DE840090E8FF0FE54600BD90EC210B704700BF02
:10DE940080EC210B704700BF90EC200B704700BF53
:10DEA40080EC200B704700BFD0EC200B704700BF04
:10DEB400C0EC200B704700BFF0EC0201F0EC021143
:10DEC400F0EC0221F0EC0231F0EC0241F0EC0251F2
:10DED400F0EC0261F0EC0271F0EC0281F0EC0291E2
:10DEE400F0EC02A1F0EC02B1F0EC02C1F0EC02D1D2
:10DEF400F0EC02E1F0EC02F1704700BFE0EC02014B
:10DF0400E0EC0211E0EC0221E0EC0231E0EC024131
:10DF1400E0EC0251E0EC0261E0EC0271E0EC028121
:10DF2400E0EC0291E0EC02A1E0EC02B1E0EC02C111
:10DF3400E0EC02D1E0EC02E1E0EC02F1704700BF5A
:10DF4400B0FC0181B0FC0191B0FC01A1B0FC01B1B5
:10DF5400704700BFA0FC0181A0FC0191A0FC01A1BD
:10DF6400A0FC01B1704700BFEC4600B52DE900509C
:10DF74002DE9FF1F4FF000032DE90C0001A9FFF765
:10DF8400CBFBDDF840E012B0704700BFEC4600B5B3
:10DF94002DE900502DE9FF1F4FF000032DE90C007F
:10DFA40001A9FFF7F5FBDDF840E012B0704700BFB0
:10DFB400EC4600B52DE900502DE9FF1F4FF000039A
:10DFC4002DE90C0001A9FFF705FCDDF840E012B0D3
:10DFD400704700BFEC4600B52DE900502DE9FF1F46
:10DFE4004FF000032DE90C0001ABFFF7C9FBDDF88E
:10DFF40040E012B0704700BFEC4600B52DE9005078
:10E004002DE9FF1F4FF000032DE90C0001AAFFF7D3
:10E0140035FCDDF840E012B0704700BF027A0346D9
:10E024007AB9427AA2B14168013A10B442720868DE
:10E0340003220C1D1A7202025C60000E10BC1A60EE
:10E0440070470068013A1A7202021A60000E7047A3
:10E05400B020704700B585B0002303AA009219468A
:10E064000C22FFF7C1FB039805B05DF804FB00BF69
:10E07400FFF7F0BF2DE9F04385B007460E464FF099
:10E08400000803AD3046FFF7C9FFB028044600F08E
:10E09400CB80030640D500F0F003802B56D0B02B84
:10E0A4007DD01CD8902B00F09380A02B13D1C343B8
:10E0B40003F007034FF47F621A41010702F47F6201
:10E0C4004FF0000348BF42F4804219463846FFF738
:10E0D40077FD0028D6D0092005B0BDE8F083C02B19
:10E0E4004BD1C62800F08980C72800F0A28000F038
:10E0F400F803C02B00F0BC80C82800F0BF80C928FA
:10E10400E9D13046FFF78AFF020300F00F0002F462
:10E1140070220130024339E08300DBB203F10409C9
:10E124000023194600950D223846FFF75DFB039B3B
:10E1340060064CBFA3EB09034B44039300230095F3
:10E144000D2219463846FFF775FB9BE7040230465B
:10E15400FFF764FF2043B0F5004FBCD00401002357
:10E16400A2B219463846FFF72BFD0028B3D114F4A8
:10E17400004F18BF4FF0010884E700F0F803D02BDC
:10E18400A9D100F00702013242F400220523012143
:10E194003846FFF715FD00283FF474AF9BE7B1281C
:10E1A40037D0B22800F08780B32856D000F0FC03A3
:10E1B400B42B90D000F00702013242F40022012374
:10E1C40019463846FFF7FCFC00283FF45BAF82E7B2
:10E1D40000F00D030D2B3FF47EAF002300F00F027F
:10E1E400194600953846FFF7FFFA002300950D22E3
:10E1F40019463846FFF71EFB44E73046FFF70EFF8B
:10E20400020300F00F0002F47022013002430323E2
:10E21400D6E73046FFF702FF024600283FF45BAF23
:10E2240010F0F003CCD056E7B8F1000F32D0002044
:10E2340052E73046FFF7F2FE024600283FF44BAFA8
:10E2440010F0F00F7FF447AF002304213846FFF7A6
:10E25400B7FC00283FF416AF3DE73046FFF7DEFE7B
:10E26400020300F00F0002F4702201300243A6E71B
:10E2740000F00F02013242F42022C8E73046FFF7D3
:10E28400CDFE00F0F00200F00F031032013343EA38
:10E2940002327BE703AC43460E22414600943846E3
:10E2A400FFF7A2FA009443460F2241463846FFF78F
:10E2B400C1FA404610E700230D221946009538465E
:10E2C400FFF792FA3046FFF7A9FE0206039C4FF0CF
:10E2D40002090CD500F07F0000FA09F0044430462E
:10E2E4000394FFF79BFE030609F10709F2D400F03B
:10E2F4007F0303FA09F304F5017423441DE700BF07
:10E3040008B5FFF7B5FE806C08BD00BF704700BFBD
:10E3140010B4044C03460A4620685DF8044B1946C1
:10E3240000F002B8A02B002038B5A1FB02148CBB6E
:10E3340000F046F80546E0B150F8042C22F0030240
:10E34400043A242A17D8132A1AD91B2AC0E90044EC
:10E354001DD9242A14BF00F1100200F118024FF055
:10E364000003C0E9024404BF04614461C2E900330C
:10E374009360284638BD214600F0DCFA284638BDB3
:10E3840002460023C2E900339360284638BD00F1F9
:10E394000802F6E700F04EFB0C2300250360E8E7D3
:10E3A400024B0146186800F00BB800BFA02B0020F8
:10E3B400024B0146186800F031BC00BFA02B0020BE
:10E3C4002DE9F04F01F10B06162E83B0044624D834
:10E3D400102900F2BA80FCF7EBFF10261822022065
:10E3E400B54F3A44A2F1080153688B4200F0BA8059
:10E3F4005A68D96822F003021A449D68E9608D6066
:10E40400516841F001012046516003F10805FCF711
:10E41400E5FF284603B0BDE8F08F36F0070600F1AB
:10E424009480B14200F29180FCF7C2FFB6F5FC7F04
:10E43400C0F09A81730A00F08F80042B00F26F8180
:10E44400B30903F1390003F1380CC3009A4F3B447C
:10E45400A3F108055B689D4206D10CE0002980F217
:10E464002781DB689D4206D05A6822F00302911B83
:10E474000F29F3DD60463D69DFF850C265457CD065
:10E484006A6822F00302931B0F2B00F37B81002B9D
:10E49400C7E904CC80F26C81B2F5007F80F01A8168
:10E4A400D308796801334FEA521E012202FA0EF2B0
:10E4B4000A4357F833E0C5F808E007EBC30108390D
:10E4C400E9607A6047F83350CEF80C50831001218C
:10E4D4009940914257D8114206D120F003004900D7
:10E4E400114200F10400FAD007EBC0094D468646FC
:10E4F400D5F80C80454508D11DE1002B80F224811C
:10E50400D8F80C80454500F01681D8F8042022F094
:10E514000302931B0F2BF0DD2046D8E9025408EBCD
:10E52400060146F00106C8F80460EC60A56043F0FB
:10E534000104C7E90411C1E902CC4C6048F8023077
:10E54400FCF74CFF08F1080502E00C2323600025CA
:10E55400284603B0BDE8F08F4FF4007340204FF01D
:10E564003F0C73E7D3689A4208BF02307FF440AF90
:10E574003D69DFF858C1654582D17A68831001216D
:10E5840099409142A7D9BD686B6823F003094E45B1
:10E5940003D8A9EB06030F2B7ADCDFF834B1474B21
:10E5A400DBF800201B680132334405EB090A00F054
:10E5B400338103F580530F3323F47F6828F00F0869
:10E5C40041462046FAF72CF8411C024600F0F3803D
:10E5D400824500F2EE803A4B1968414419600846BE
:10E5E40000F04E81DBF80010019301311BBFA2EB58
:10E5F4000A010918CBF80020196012F0070B00F08B
:10E604001781CBF108010A44CBF5805190440831BD
:10E61400A1EB0801C1F30B0A514620460092F9F719
:10E62400FFFF421CDDE9002300F04F81801A00EB5C
:10E634000A081968BA6048F001005144BD425060AC
:10E64400196000F02981B9F10F0F40F22781686841
:10E65400A9F10C0C2CF0070C00F0010040EA0C00AE
:10E6640068604FF0050E05EB0C00BCF10F0FC0E91C
:10E6740001EE00F2328150681546124B1A688A4244
:10E6840038BF1960104B1A688A4238BF196094E089
:10E69400AA1943F0010346F001066E602046BA60F1
:10E6A4005360FCF79BFE0835284603B0BDE8F08FA5
:10E6B400D9681A44A1E600BF8C270020E86C00202A
:10E6C400B86C0020E06C0020E46C0020942700204B
:10E6D400942B0020B2F5206F4FEA522363D3142BFE
:10E6E40000F2B78003F15C01C9005B3307EB010E54
:10E6F4007958AEF1080E8E4500F091804B6823F0F6
:10E704000303934202D989688E45F7D1D1F80CE00E
:10E714007A68C5E9021ECEF80850CD60D6E6142BFF
:10E7240059D9542B00F29D80330B03F16F0003F190
:10E734006E0CC3008AE60EF1010E1EF0030F05F104
:10E7440008057FF4D5AE51E0424445465368D8F8F5
:10E754000C1043F00103536055F8083F2046D9607C
:10E764008B60FCF73BFEF3E6F00806F1080237E69F
:10E774002A442046536843F0010353600835FCF7EC
:10E784002DFEE5E6A919204646F0010643F00104F2
:10E794006E60C7E90411C1E902CC4C60AB50FCF7D0
:10E7A4001DFE0835D4E6930903F13901C900383355
:10E7B4009CE7BD425FD0BD68686820F00308464509
:10E7C400A8EB060302D80F2B3FF762AF2046FCF7F5
:10E7D40005FE0025BCE603F15C0003F15B0CC300FD
:10E7E40034E659F808394B4540F0968010F0030F91
:10E7F40000F1FF30F5D17B6823EA01037B60490017
:10E8040099423FF6C0AE19B9BDE649000EF1040EB7
:10E814001942FAD0704667E603F11008D0E69A1060
:10E824004FF001087B6808FA02F21A437A6070E735
:10E8340002EB08014942C1F30B0A514620460092FB
:10E84400F9F7EEFE431CDDE900237FF4EFAEDA4670
:10E85400EFE6542B25D8130B03F16F01C9006E3377
:10E8640044E7B3F5AA7F25D8F30B03F1780003F14D
:10E87400770CC300EAE5294B186840441860B1E6F8
:10E88400CAF30B0CBCF1000F7FF4ACAEBD68C844F6
:10E8940048F001006860F0E61546EEE60123536097
:10E8A40094E7B3F5AA7F23D8D30B03F17801C90009
:10E8B40077331BE740F25452934223D8B30C03F14D
:10E8C4007D0003F17C0CC300C0E5ABF1080BD84418
:10E8D400A8EB02084FF0000AABE605F10801204658
:10E8E400009300F09BF9BD68009B68681968C4E652
:10E8F40040F254518B420BD8930C03F17D01C900B3
:10E904007C33F3E64FF47E737F204FF07E0C9DE55D
:10E914004FF47E717E23E9E67B6870E7B86C0020D3
:10E9240010B5034B0446196800F0AAFA204610BD3E
:10E93400A02B0020830730B548D0541E002A3FD0B6
:10E94400CAB2034601E0013C3AD303F8012B9D0708
:10E95400F9D1032C2DD9CDB245EA05250F2C45EA72
:10E96400054536D9A4F1100222F00F0C03F1200E54
:10E97400E6444FEA121C03F1100242E9045542E94D
:10E98400025510327245F8D10CF1010214F00C0F4B
:10E9940003EB021204F00F0C13D0ACF1040323F0C8
:10E9A40003030433134442F8045B9342FBD10CF099
:10E9B40003042CB1C9B21C4403F8011B9C42FBD1D3
:10E9C40030BD64461346002CF4D1F9E703461446DF
:10E9D400BFE71A46A446E0E7154B1B68834225D0DF
:10E9E400416C70B5054681B100268C593CB1214675
:10E9F4002468284600F012F9002CF8D1696C04361A
:10EA0400802EF2D1284600F009F9A96B11B12846ED
:10EA140000F004F9E96C11B1284600F0FFF86B6BC3
:10EA24001BB12846BDE87040184770BD704700BF51
:10EA3400A02B0020014B1868704700BFA02B0020BA
:10EA440070B50D4E0D4D761BB61006D0002455F84A
:10EA5400043B01349847A642F9D1094E094D761B6F
:10EA640000F056FAB61006D0002455F8043B0134E1
:10EA74009847A642F9D170BDC8330060C83300601E
:10EA8400D0330060C83300600000000000000000C4
:10EA94000000000000000000000000000000000072
:10EAA40090F800F06DE9024520F007016FF0000CCA
:10EAB40010F0070491F820F040F049804FF0000472
:10EAC4006FF00700D1E9002391F840F000F108004D
:10EAD40082FA4CF2A4FA8CF283FA4CF3A2FA8CF385
:10EAE4004BBBD1E9022382FA4CF200F10800A4FAEC
:10EAF4008CF283FA4CF3A2FA8CF3E3B9D1E9042340
:10EB040082FA4CF200F10800A4FA8CF283FA4CF376
:10EB1400A2FA8CF37BB9D1E9062301F1200182FA30
:10EB24004CF200F10800A4FA8CF283FA4CF3A2FA36
:10EB34008CF3002BC6D0002A04BF04301A4612BA44
:10EB4400B2FA82F2FDE8024500EBD2007047D1E947
:10EB5400002304F00305C4F100004FEAC50514F0D6
:10EB6400040F91F840F00CFA05F562EA05021CBFA7
:10EB740063EA050362464FF00004A9E7F8B5244FA1
:10EB84000C460646FCF714FCBB685D68C4F57E6160
:10EB94000F3125F003054B1923F47F6323F00F0392
:10EBA400A3F58054B4F5805F07DB00213046F9F704
:10EBB40037FDBB682B44984204D03046FCF70EFC6A
:10EBC4000020F8BD61423046F9F72AFD01300DD02E
:10EBD400104ABB682D1B45F001055D601368304683
:10EBE4001B1B1360FCF7FAFB0120F8BD0021304623
:10EBF400F9F716FDBA68831A0F2BDEDD43F0010323
:10EC04005360054B03491B68C01A0860D5E700BF71
:10EC14008C270020B86C0020942B0020002961D0A0
:10EC2400F8B50C460646FCF7C3FB54F8042C7B4F9E
:10EC3400A4F1080522F0010105EB010CB868DCF829
:10EC44000430604523F0030300F08B80D207CCF836
:10EC5400043032D454F8082CAD1A1144AA6807F1D0
:10EC6400080082426AD00CEB0304D4F804E0EC6898
:10EC7400D4601EF0010FA26000F0978041F0010300
:10EC84006B60CCF80010B1F5007F35D27868CB0802
:10EC94000122490901338A40024357F833107A604C
:10ECA40007EBC302083AC5E9021247F83350CD60B6
:10ECB4003046BDE8F840FCF791BB0CEB0302526808
:10ECC400D00710D4194407F10800DCF80830834257
:10ECD40073D0DCF80C20DA60936041F001036B60C0
:10ECE4006950D0E7704741F00103B1F5007F44F863
:10ECF400043CCCF80010C9D3B1F5206F4FEA51237E
:10ED040048D28B0903F1390003F13802C300F81823
:10ED1400FB580838984259D05A6822F003028A42B4
:10ED240002D99B689842F7D1D868C5E9023085605A
:10ED3400DD603046BDE8F840FCF750BB0CEB030245
:10ED44005268D20763D40B44DCE90212CA609160B2
:10ED540043F001026A603046EB50BDE8F840FCF72E
:10ED64003DBB0B44D10707D454F8082CAD1A134407
:10ED7400D5E90212CA60916043F001026A60284A30
:10ED8400BD6012689A4293D8264B30461968FFF743
:10ED9400F5FE8DE7142B0AD9542B1FD80B0B03F166
:10EDA4006F0003F16E02C300B1E719448DE703F16C
:10EDB4005C0003F15B02C300A9E741F00103C7E96A
:10EDC4000455C5E902006B60695071E779689210D7
:10EDD400012404FA02F20A437A60A6E7B3F5AA7F93
:10EDE40006D8CB0B03F1780003F17702C3008EE75A
:10EDF40040F25452934206D88B0C03F17D0003F188
:10EE04007C02C30083E74FF47E737E227FE741F0E8
:10EE140001036B60CCF800104AE700BF8C27002088
:10EE2400982B0020E86C0020134B9C4610B503F58A
:10EE3400806E5CF8083F5C6824F003040F2C2146C4
:10EE4400D4BF00200120DCF80C30634508D05A6898
:10EE5400DB6822F003026345114400F10100F6D19E
:10EE64000CF1080CE645EED1044B1A685860521AAE
:10EE7400C3E907215C6210BD8C270020B86C002018
:10EE840070B50C4C054608460E46FCF791FAFFF7A0
:10EE9400CBFF0FCCAC46ACE80F000FCCACE80F00B6
:10EEA40094E803008CE803003046FCF797FA284600
:10EEB40070BD00BFB86C00205FF800F075160060EC
:10EEC4005FF800F07D1B00605FF800F0A131006086
:10EED4005FF800F0352200605FF800F0851B0060E9
:10EEE4005FF800F04D1D00605FF800F0F917006056
:10EEF4005FF800F0091E00605FF800F0FD1C006080
:10EF04005FF800F0D91E00605FF800F0311D00606A
:10EF14005FF800F0493200605FF800F0891C00607F
:10EF24005FF800F0FD160060000000000000000023
:04EF3400F8B500BF6D
:10EF380008B10181B0B000840000000070E2FF7FDA
:10EF480001000000C8E5FF7FB0A9028058E6FF7FF6
:10EF5800B0B0A880A8E6FF7F01000000B0E6FF7F00
:10EF6800B0B0AA80E4E6FF7FAE71B280A8E7FF7F69
:10EF7800AB3F388008E8FF7F0100000010E8FF7F02
:10EF8800B0B0AA804CE8FF7F01000000ECE8FF7FEA
:10EF9800AA0DB28068E9FF7FB0AF088008ECFF7F58
:10EFA8000100000018ECFF7FAD3F0280C0EEFF7F3C
:10EFB800010000009CF0FF7F00840480B0F0FF7F18
:10EFC80001000000ACF0FF7FB0AD048030F3FF7F9C
:0CEFD80060FFFF7F34F3FF7F01000000AA
:10EFE400000000000000000000000000000000001D
:10EFF400000000000000000000000000000000000D
:10F0040000000000000000000000000000000000FC
:10F0140000000000000000000000000000000000EC
:10F0240000000000000000000000000000000000DC
:10F0340000000000000000000000000000000000CC
:10F0440000000000000000000000000000000000BC
:10F0540000000000000000000000000000000000AC
:10F06400000000000000000000000000000000009C
:10F07400000000000000000000000000000000008C
:10F08400000000000000000000000000000000007C
:10F09400000000000000000000000000000000006C
:10F0A400000000000000000000000000000000005C
:10F0B400000000000000000000000000000000004C
:10F0C400000000000000000000000000000000003C
:10F0D400000000000000000000000000000000002C
:10F0E400000000000000000000000000000000001C
:10F0F400000000000000000000000000000000000C
:10F1040000000000000000000000000000000000FB
:10F1140000000000000000000000000000000000EB
:10F1240000000000000000000000000000000000DB
:10F1340000000000000000000000000000000000CB
:10F1440000000000000000000000000000000000BB
:10F1540000000000000000000000000000000000AB
:10F16400000000000000000000000000000000009B
:10F17400000000000000000000000000000000008B
:10F18400000000000000000000000000000000007B
:10F19400000000000000000000000000000000006B
:10F1A400000000000000000000000000000000005B
:10F1B400000000000000000000000000000000004B
:10F1C400000000000000000000000000000000003B
:10F1D400000000000000000000000000000000002B
:10F1E400000000000000000000000000000000001B
:10F1F400000000000000000000000000000000000B
:10F2040000000000000000000000000000000000FA
:10F2140000000000000000000000000000000000EA
:10F2240000000000000000000000000000000000DA
:10F2340000000000000000000000000000000000CA
:10F2440000000000000000000000000000000000BA
:10F2540000000000000000000000000000000000AA
:10F264000000010100010101010201010202010289
:10F27400030102030202040202050202050302065C
:10F284000302070302070403070403070504070531
:10F29400040706050706060706060707070707000B
:10F2A4000000000000000000000000080000000052
:10F2B40000000000000000005B4932434465636FB6
:10F2C40064655D205741524E494E473A206D6F7434
:10F2D4006F722071756575652066756C6C00000031
:10F2E4005B4D6F746F724374726C5D20452D535483
:10F2F4004F503A206D6F746F7273207A65726F6528
:10F30400640000005B4553746F705D2041535345A6
:10F3140052544544000000005B4553746F705D20F7
:10F3240072656C6561736564000000000000000094
:10F3340000000000A514000005010000791B000076
:10F3440081020000950B0000850200008902000084
:10F3540000000000000000007D500000B5630000C4
:10F36400B1630000AD630000A9630000A563000061
:10F37400A16300009D630000000000000000000085
:10F38400311E00005D1E0000E51D00002D1E000062
:10F39400E91D0000F51D0000151E00000000803E60
:10F3A4000000003F0000403F0000803F764C69733E
:10F3B40074496E736572740076506F727456616C22
:10F3C4006964617465496E746572727570745072A3
:10F3D400696F726974790000764C697374496E734D
:10F3E400657274456E64000076506F727445786976
:10F3F40074437269746963616C00000078517565C7
:10F4040075655265636569766500000078546173BB
:10F414006B5072696F72697479446973696E686557
:10F42400726974007854696D657247657454696DC6
:10F4340065724461656D6F6E5461736B48616E648F
:10F444006C650000785461736B5072696F726974F3
:10F4540079496E68657269740000000078517565B9
:10F46400756547656E6572696353656E6446726F50
:10F474006D495352000000007854696D6572476508
:10F484006E65726963436F6D6D616E6446726F6D14
:10F494005461736B000000007851756575654765AC
:10F4A4006E6572696353656E64000000707276491C
:10F4B4006E697469616C6973654E657754696D65CD
:10F4C4007200000078517565756554616B654D7502
:10F4D400746578526563757273697665000000001F
:10F4E400785461736B436865636B466F7254696DDE
:10F4F400654F75740000000078517565756547693E
:10F5040076654D7574657852656375727369766551
:10F514000000000070727650726F636573735265F9
:10F52400636569766564436F6D6D616E6473000035
:10F5340078517565756547656E6572696343726573
:10F5440061746500785461736B52656D6F766546BE
:10F55400726F6D4576656E744C69737400000000BB
:10F564007854696D657243726561746554696D653B
:10F57400725461736B00000076517565756544655E
:10F584006C6574650000000076506F7274456E748B
:10F594006572437269746963616C000078517565C2
:10F5A400756547656E657269634372656174655319
:10F5B4007461746963000000765461736B506C610C
:10F5C40063654F6E4576656E744C697374526573EA
:10F5D400747269637465640078517565756547650F
:10F5E4006E65726963526573657400007654617365
:10F5F4006B506C6163654F6E4576656E744C6973D0
:10F6040074000000765461736B53776974636843C4
:10F614006F6E746578740000785461736B496E631F
:10F6240072656D656E745469636B00007854617320
:10F634006B47657449646C655461736B48616E64AF
:10F644006C6500007072765461736B45786974451B
:10F6540072726F720000000070635461736B4765CF
:10F66400744E616D65000000785461736B5265736C
:10F67400756D65416C6C0000765461736B537461F5
:10F6840072745363686564756C65720076506F724A
:10F6940074456E645363686564756C65720000003C
:10F6A400765461736B44656C6179000070727641C5
:10F6B400646443757272656E745461736B546F4401
:10F6C400656C617965644C69737400007854617386
:10F6D4006B44656C6179556E74696C007072764424
:10F6E400656C657465544342000000007654617390
:10F6F4006B44656C657465007072764164644E6534
:10F70400775461736B546F52656164794C69737497
:10F7140000000000785461736B47656E657269631D
:10F724004E6F7469667946726F6D495352000000DA
:10F7340078506F727453746172745363686564753E
:10F744006C657200707276496E697469616C697374
:10F75400654E65775461736B0000000070727643E8
:10F7640072656174655374617469635461736B0089
:10F77400785461736B47656E657269634E6F746923
:10F7840066790000785461736B47656E65726963CE
:10F794004E6F7469667957616974000078517565B4
:10F7A400756553656D6170686F726554616B650052
:10F7B400765461736B5072696F72697479446973BA
:10F7C400696E6865726974416674657254696D65C1
:10F7D4006F75740000000042C8801F40B8821F404B
:10F7E4000800000000000042C4801F40B4821F4093
:10F7F4000400000000C0004224801F4014821F4007
:10F804001000000000C0004228801F4018821F40E2
:10F814002000000000C000422C801F401C821F40BA
:10F824004000000000C0004234801F4024821F407A
:10F83400000100000040004264811F4054831F40C7
:10F84400000400000040004280811F4070831F407C
:10F8540000000200004000427C811F406C831F4076
:10F86400000001000040004268811F4058831F408F
:10F8740000080000004000423C811F402C831F40D0
:10F88400010000000040004244811F4034831F40B7
:10F89400040000000040004240811F4030831F40AC
:10F8A400020000000040004248811F4038831F408E
:10F8B400080000000000004204811F40F4821F4041
:10F8C400000004000000004208811F40F8821F402D
:10F8D400000008000000004218811F4008831F40F8
:10F8E400000080000000004214811F4004831F4078
:10F8F400000040000000004200811F40F0821F40D1
:10F904000000020000000042FC801F40EC821F4007
:10F91400000001000000004224811F4014831F40A6
:10F92400000000040000004228811F4018831F408B
:10F9340000000008000000421C811F400C831F408F
:10F94400000000010000004220811F4010831F407E
:10F954000000000200000042EC801F40DC821F40D7
:10F964000010000000000042F0801F40E0821F40B1
:10F97400002000000000004234811F4024831F4007
:10F98400000000400000004238811F4028831F40CF
:10F99400000000800080004294801F4084821F4049
:10F9A4000000040000C0004290801F4080821F407D
:10F9B4000000008000800042A8801F4098821F4001
:10F9C4000000800000800042A4801F4094821F40F9
:10F9D40000004000004000426C811F405C831F40D7
:10F9E4000010000000C0004230801F4020821F40F1
:10F9F4008000000000400042B0811F40A0831F40EF
:10FA04000000002000400042AC811F409C831F4046
:10FA1400000000100040004284811F4074831F4096
:10FA2400000004000040004288811F4078831F408A
:10FA340000000800000000422C811F401C831F406E
:10FA4400000000100000004230811F4020831F404E
:10FA540000000020000000420C811F40FC821F4077
:10FA6400000010000000004210811F4000831F406E
:10FA74000000200000800042C8811F40B8831F405E
:10FA84000080000000800042C4811F40B4831F40F6
:10FA94000040000000800042C0811F40B0831F402E
:10FAA4000020000000800042BC811F40AC831F4046
:10FAB4000010000000800042D0811F40C0831F401E
:10FAC4000000020000800042CC811F40BC831F4024
:10FAD4000000010000C0004274801F4064821F4087
:10FAE4000000000100C0004280801F4070821F405F
:10FAF4000000000800C0004284801F4074821F4040
:10FB04000000001000C000426C801F405C821F4057
:10FB14000000400000C000427C801F406C821F40F7
:10FB24000000000400C0004278801F4068821F402B
:10FB34000000000200C0004288801F4078821F40FD
:10FB44000000002028202820282026785375737070
:10FB5400656E6465645461736B4C69737420292009
:10FB6400292D3E784C697374496E746567726974A3
:10FB74007956616C756531203D3D203078356135AD
:10FB84006135613561554C202920262620282028FE
:10FB9400202820267853757370656E6465645461FB
:10FBA400736B4C697374202920292D3E784C69733A
:10FBB40074496E7465677269747956616C756532DF
:10FBC400203D3D2030783561356135613561554CD6
:10FBD4002029000028202820282026282070784367
:10FBE400757272656E745443422D3E785374617419
:10FBF400654C6973744974656D2029202920292D69
:10FC04003E784C6973744974656D496E74656772A6
:10FC140069747956616C756531203D3D20307835C5
:10FC240061356135613561554C202920262620280F
:10FC34002028202820262820707843757272656E4B
:10FC4400745443422D3E7853746174654C697374E3
:10FC54004974656D2029202920292D3E784C69732B
:10FC6400744974656D496E74656772697479566117
:10FC74006C756532203D3D203078356135613561E4
:10FC84003561554C202900002820282028202628CA
:10FC940020707852656164795461736B734C697335
:10FCA40074735B20282070784E6577544342202972
:10FCB4002D3E75785072696F72697479205D2029C0
:10FCC400202920292D3E784C697374496E74656728
:10FCD4007269747956616C756531203D3D203078C8
:10FCE4003561356135613561554C20292026262042
:10FCF40028202820282026282070785265616479DD
:10FD04005461736B734C697374735B20282070782F
:10FD14004E657754434220292D3E75785072696FA1
:10FD240072697479205D2029202920292D3E784C80
:10FD3400697374496E7465677269747956616C7518
:10FD44006532203D3D20307835613561356135615E
:10FD5400554C20290000000028202820282026288F
:10FD640020282070784E657754434220292D3E7810
:10FD740053746174654C6973744974656D202920EA
:10FD84002920292D3E784C6973744974656D496E38
:10FD94007465677269747956616C756531203D3D8F
:10FDA4002030783561356135613561554C20292025
:10FDB400262620282028202820262820282070785D
:10FDC4004E657754434220292D3E785374617465FF
:10FDD4004C6973744974656D2029202920292D3EAE
:10FDE400784C6973744974656D496E74656772699A
:10FDF400747956616C756532203D3D2030783561EB
:10FE0400356135613561554C2029000070785443C3
:10FE1400422D3E7563537461746963616C6C7941FE
:10FE24006C6C6F6361746564203D3D20282028203C
:10FE340075696E74385F742029203220290000000F
:10FE440075785072696F72697479203C2031300082
:10FE54002820707854696D65722D3E7854696D65FB
:10FE640072506572696F64496E5469636B73203EA6
:10FE740020302029000000003D3D3D2030335F72DA
:10FE84006F7665725F6932635F63616E203D3D3DED
:10FE94000000000078517565756549324320213DA5
:10FEA400205F5F6E756C6C00766F69642073657497
:10FEB40075702829000000007851756575654D6FCF
:10FEC400746F7220213D205F5F6E756C6C000000C2
:10FED400784D7574657843414E20213D205F5F6EF7
:10FEE400756C6C004D6F746F724374726C0000001B
:10FEF400785461736B437265617465285461736BE4
:10FF04004D6F746F724374726C2C20224D6F746F3A
:10FF1400724374726C222C203531322C205F5F6E58
:10FF2400756C6C2C20322C2026685461736B4D6FD9
:10FF3400746F7229203D3D2028202820282042610A
:10FF44007365547970655F74202920312029202934
:10FF5400000000004932434465636F64650000009B
:10FF6400785461736B437265617465285461736B73
:10FF74004932434465636F64652C2022493243440B
:10FF840065636F6465222C203531322C205F5F6EEF
:10FF9400756C6C2C20332C205F5F6E756C6C292083
:10FFA4003D3D202820282028204261736554797023
:10FFB400655F742029203120292029004553746F5E
:10FFC40070000000785461736B4372656174652836
:10FFD4005461736B4553746F702C20224553746FB6
:10FFE40070222C203338342C205F5F6E756C6C2C9F
:0CFFF40020352C205F5F6E756C6C29209E
:02000004600199
:100000003D3D2028202820282042617365547970C6
:10001000655F742029203120292029005461736BE9
:100020007320637265617465642E20537461727409
:10003000696E67207363686564756C65722E000075
:100040004552524F523A207363686564756C65720D
:100050002065786974656420E280942068616C741E
:100060002E0000007578437269746963616C4E6597
:100070007374696E67203D3D207E30554C00000052
:100080007578437269746963616C4E657374696EE7
:1000900067203D3D2031303030554C0028202A2843
:1000A000202820766F6C6174696C652075696E74A8
:1000B00033325F74202A2029203078453030306573
:1000C0006430302029202920213D20282030783418
:1000D00031304643323731554C20290028202A2818
:1000E000202820766F6C6174696C652075696E7468
:1000F00033325F74202A2029203078453030306533
:100100006430302029202920213D202820307834D7
:1001100031304643323730554C20290075634D61EC
:100120007853797343616C6C5072696F726974793A
:10013000000000002820282032203C3C20282038C5
:10014000202D20342029202920262028207E756378
:100150004D61785072696F7269747956616C75651A
:1001600020292029203D3D2030550000707856651B
:1001700063746F725461626C655B2028203131209A
:1001800029205D203D3D2076506F727453564348C0
:10019000616E646C657200007078566563746F728E
:1001A0005461626C655B20282031342029205D2059
:1001B0003D3D2078506F727450656E6453564861AF
:1001C0006E646C6572000000705F737461636B5FD6
:1001D0006172677300000000766F69642066726563
:1001E0006572746F733A3A7072696E745F7374619A
:1001F000636B5F7472616365285461736B48616EF1
:10020000646C655F74290000737461636B5F617275
:10021000677300007578496E646578546F5761693B
:10022000744F6E203C20340000010000A42B0020FD
:100230001200000000060000986500600A0000003F
:10024000000200003465006062000000000700004A
:10025000D064006062000000EE030000E02B00208C
:1002600012000000000004EEB82B0020280000005F
:1002700000030000CC6400600000000001030904DA
:10028000B464006000000000020309049C64006084
:100290000000000003030904F42B0020000000000C
:1002A00000000000000000000000000028202820BE
:1002B00070784C69737420292D3E784C69737449A9
:1002C0006E7465677269747956616C756531203D2D
:1002D0003D2030783561356135613561554C2029D7
:1002E000202626202820282070784C697374202925
:1002F0002D3E784C697374496E74656772697479C0
:1003000056616C756532203D3D2030783561356130
:1003100035613561554C2029000000002820282037
:1003200070784E65774C6973744974656D20292D1A
:100330003E784C6973744974656D496E7465677273
:1003400069747956616C756531203D3D2030783592
:1003500061356135613561554C20292026262028DC
:1003600020282070784E65774C6973744974656DE8
:1003700020292D3E784C6973744974656D496E74FB
:1003800065677269747956616C756532203D3D20F0
:1003900030783561356135613561554C2029000073
:1003A000282028202A28202820766F6C6174696C08
:1003B000652075696E7433325F74202A20292030DD
:1003C000786530303065643034202920292026209B
:1003D000282030784646554C20292029203D3D20B4
:1003E000300000007578437269746963616C4E6512
:1003F0007374696E67000000756343757272656E91
:10040000745072696F72697479203E3D2075634D36
:10041000617853797343616C6C5072696F7269745F
:1004200079000000282028202A28202820766F6CB8
:100430006174696C652075696E7433325F74202A4B
:100440002029203078453030304544304320292061
:1004500029202620282030783037554C203C3C205D
:1004600038554C20292029203C3D20756C4D617861
:1004700050524947524F555056616C756500000007
:10048000707854434220213D202828766F696420EB
:100490002A29302900000000757853636865647567
:1004A0006C657253757370656E646564203D3D20A4
:1004B0003000000070784576656E744C6973740086
:1004C00075785363686564756C6572537573706590
:1004D0006E64656420213D20282055426173655477
:1004E0007970655F7420292030550000282028206D
:1004F000282070784576656E744C697374202920C5
:10050000292D3E784C697374496E746567726974FD
:100510007956616C756531203D3D20307835613507
:100520006135613561554C20292026262028202858
:1005300020282070784576656E744C697374202984
:1005400020292D3E784C697374496E746567726911
:10055000747956616C756532203D3D203078356187
:10056000356135613561554C20290000282028204F
:100570002820262820707843757272656E74544363
:10058000422D3E784576656E744C69737449746586
:100590006D2029202920292D3E784C6973744974D7
:1005A000656D496E7465677269747956616C7565BD
:1005B00031203D3D203078356135613561356155FB
:1005C0004C202920262620282028202820262820C4
:1005D000707843757272656E745443422D3E78454F
:1005E00076656E744C6973744974656D2029202991
:1005F00020292D3E784C6973744974656D496E7479
:1006000065677269747956616C756532203D3D206D
:1006100030783561356135613561554C20290000F0
:10062000707854434220213D207078437572726582
:100630006E74544342000000707854696D654F75C4
:100640007400000049444C45000000007852657475
:1006500075726E20213D2028202D312029000000B8
:1006600028202820262820707852656164795461FA
:10067000736B734C697374735B207578546F70502F
:1006800072696F72697479205D202920292D3E7569
:10069000784E756D6265724F664974656D73202979
:1006A000203E20300000000070785374617469634C
:1006B00051756575650000007853697A65203D3D88
:1006C0002073697A656F66282051756575655F745A
:1006D0002029000070784E657751756575650000BA
:1006E00070785175657565007852657475726E2005
:1006F000213D2028202820282042617365547970EC
:10070000655F7420292030202920290021282028F5
:100710002070764974656D546F5175657565203D1F
:100720003D202828766F6964202A29302920292035
:100730002626202820707851756575652D3E7578C0
:100740004974656D53697A6520213D202820554202
:10075000617365547970655F7420292030552029B4
:1007600020290000212820282078436F7079506FBD
:10077000736974696F6E203D3D20282028204261F6
:100780007365547970655F742029203220292029EF
:10079000202626202820707851756575652D3E75B8
:1007A000784C656E67746820213D2031202920290E
:1007B000000000002128202820785461736B4765D1
:1007C000745363686564756C6572537461746528ED
:1007D00029203D3D202820282042617365547970EE
:1007E000655F7420292030202920292026262028F2
:1007F00020785469636B73546F5761697420213D8D
:10080000203020292029000028206354784C6F6371
:100810006B202920213D2028202820696E74385F14
:10082000742029203132372029000000707851755A
:100830006575652D3E75784974656D53697A6520D7
:100840003D3D2030000000002128202820707851F4
:10085000756575652D3E706348656164203D3D207A
:100860002828766F6964202A293029202920262605
:10087000202820707851756575652D3E752E78534A
:10088000656D6170686F72652E784D757465784816
:100890006F6C64657220213D202828766F69642082
:1008A0002A293029202920290000000070784D7560
:1008B0007465780028207078517565756520290069
:1008C00021282028202820707642756666657220CF
:1008D00029203D3D202828766F6964202A29302967
:1008E000202920262620282028207078517565751B
:1008F0006520292D3E75784974656D53697A6520A8
:10090000213D2028205542617365547970655F74DC
:1009100020292030552029202900000070785469B2
:10092000636B73546F57616974000000707578537E
:100930007461636B42756666657220213D202828CC
:10094000766F6964202A293029000000707854618C
:10095000736B42756666657220213D202828766F8C
:100960006964202A293029007853697A65203D3D41
:100970002073697A656F6628205443425F7420298A
:1009800000000000707850726576696F757357616A
:100990006B6554696D65000028207854696D654960
:1009A0006E6372656D656E74203E2030552029009F
:1009B00075785363686564756C657253757370659B
:1009C0006E646564203D3D20315500007578496EA8
:1009D000646578546F4E6F74696679203C203400EA
:1009E000785461736B546F4E6F74696679000000C0
:1009F000785469636B436F756E74203D3D202820E9
:100A00005469636B547970655F742029203000004D
:100A10002820282026282070785443422D3E7845EF
:100A200076656E744C6973744974656D202920294C
:100A30002D3E7078436F6E7461696E657220292057
:100A40003D3D202828766F6964202A29302900003E
:100A500028202820282026282070785443422D3E24
:100A6000784576656E744C6973744974656D202998
:100A7000202920292D3E784C6973744974656D498D
:100A80006E7465677269747956616C756531203D65
:100A90003D2030783561356135613561554C20290F
:100AA0002026262028202820282026282070785438
:100AB00043422D3E784576656E744C697374497473
:100AC000656D2029202920292D3E784C69737449B1
:100AD00074656D496E7465677269747956616C7579
:100AE0006532203D3D2030783561356135613561B5
:100AF000554C20290000000028207849646C65547A
:100B000061736B48616E646C65735B2030205D209F
:100B1000213D202828766F6964202A293029202940
:100B20000000000028202820282028207078446514
:100B30006C617965645461736B4C69737420292D01
:100B40003E75784E756D6265724F664974656D735A
:100B5000203D3D2028205542617365547970655FC2
:100B600074202920302029203F202820282042617D
:100B70007365547970655F74202920312029203AEB
:100B8000202820282042617365547970655F7420A5
:100B90002920302029202920290000002820282071
:100BA0002820262820707852656164795461736B1F
:100BB000734C697374735B2028207078544342200F
:100BC000292D3E75785072696F72697479205D20A5
:100BD00029202920292D3E784C697374496E74654B
:100BE000677269747956616C756531203D3D2030BE
:100BF000783561356135613561554C2029202626CF
:100C0000202820282028202628207078526561641A
:100C1000795461736B734C697374735B2028207013
:100C20007854434220292D3E75785072696F72695D
:100C30007479205D2029202920292D3E784C697364
:100C400074496E7465677269747956616C75653242
:100C5000203D3D2030783561356135613561554C39
:100C6000202900002820282028202628202820703D
:100C70007854434220292D3E7853746174654C6941
:100C800073744974656D2029202920292D3E784CE4
:100C90006973744974656D496E74656772697479B6
:100CA00056616C756531203D3D2030783561356188
:100CB00035613561554C2029202626202820282002
:100CC00028202628202820707854434220292D3EB1
:100CD0007853746174654C6973744974656D202927
:100CE000202920292D3E784C6973744974656D491B
:100CF0006E7465677269747956616C756532203DF2
:100D00003D2030783561356135613561554C20299C
:100D1000000000007078544342203D3D207078432D
:100D2000757272656E7454434200000070785443CB
:100D3000422D3E75784D75746578657348656C64B1
:100D40000000000028202820282026282070785223
:100D5000656164795461736B734C697374735B2060
:100D6000282070784D75746578486F6C646572548E
:100D7000434220292D3E75785072696F72697479EB
:100D8000205D2029202920292D3E784C6973744943
:100D90006E7465677269747956616C756531203D52
:100DA0003D2030783561356135613561554C2029FC
:100DB0002026262028202820282026282070785227
:100DC000656164795461736B734C697374735B20F0
:100DD000282070784D75746578486F6C646572541E
:100DE000434220292D3E75785072696F726974797B
:100DF000205D2029202920292D3E784C69737449D3
:100E00006E7465677269747956616C756532203DE0
:100E10003D2030783561356135613561554C20298B
:100E200000000000282028202820262820282070C4
:100E3000784D75746578486F6C64657254434220D0
:100E4000292D3E7853746174654C697374497465D7
:100E50006D2029202920292D3E784C69737449740E
:100E6000656D496E7465677269747956616C7565F4
:100E700031203D3D20307835613561356135615532
:100E80004C202920262620282028202820262820FB
:100E9000282070784D75746578486F6C646572545D
:100EA000434220292D3E7853746174654C697374F4
:100EB0004974656D2029202920292D3E784C6973BD
:100EC000744974656D496E746567726974795661A9
:100ED0006C756532203D3D20307835613561356176
:100EE0003561554C202900007078556E626C6F6337
:100EF0006B656454434200002820282028202628BF
:100F000020707852656164795461736B734C6973B6
:100F100074735B2028207078556E626C6F636B650C
:100F20006454434220292D3E75785072696F72696E
:100F30007479205D2029202920292D3E784C697361
:100F400074496E7465677269747956616C75653140
:100F5000203D3D2030783561356135613561554C36
:100F600020292026262028202820282026282070F6
:100F70007852656164795461736B734C69737473EF
:100F80005B2028207078556E626C6F636B656454CB
:100F9000434220292D3E75785072696F72697479C9
:100FA000205D2029202920292D3E784C6973744921
:100FB0006E7465677269747956616C756532203D2F
:100FC0003D2030783561356135613561554C2029DA
:100FD0000000000028202820282026282028207013
:100FE00078556E626C6F636B656454434220292DA3
:100FF0003E7853746174654C6973744974656D20EF
:1010000029202920292D3E784C6973744974656D17
:10101000496E7465677269747956616C75653120C3
:101020003D3D2030783561356135613561554C2065
:10103000292026262028202820282026282028206D
:101040007078556E626C6F636B65645443422029FF
:101050002D3E7853746174654C6973744974656D81
:101060002029202920292D3E784C69737449746504
:101070006D496E7465677269747956616C75653215
:10108000203D3D2030783561356135613561554C05
:101090002029000028202820282026282078506594
:1010A0006E64696E6752656164794C697374202956
:1010B000202920292D3E784C697374496E74656728
:1010C0007269747956616C756531203D3D203078C8
:1010D0003561356135613561554C20292026262042
:1010E0002820282028202628207850656E64696EE4
:1010F0006752656164794C6973742029202920291D
:101100002D3E784C697374496E74656772697479A1
:1011100056616C756532203D3D2030783561356112
:1011200035613561554C2029000000002820282019
:1011300028202628207078556E626C6F636B65647A
:101140005443422D3E784576656E744C69737449FC
:1011500074656D2029202920292D3E784C697374EF
:101160004974656D496E7465677269747956616C0E
:10117000756531203D3D203078356135613561350B
:1011800061554C202920262620282028202820268A
:1011900028207078556E626C6F636B6564544342AF
:1011A0002D3E784576656E744C6973744974656D2F
:1011B0002029202920292D3E784C697374497465B3
:1011C0006D496E7465677269747956616C756532C4
:1011D000203D3D2030783561356135613561554CB4
:1011E0002029000075785363686564756C657253D7
:1011F000757370656E64656420213D203055000074
:1012000028207854696D6572506572696F64496E03
:101210005469636B73203E2030202900546D722086
:10122000537663007852657475726E0078436F6D03
:101230006D616E644944203C20282028204261735F
:1012400065547970655F74202920362029000000DC
:1012500028207854696D65725461736B48616E64BF
:101260006C6520213D202828766F6964202A29306A
:101270002920290000000000EC6C0020546D0020A3
:10128000BC6D002000000000000000000000000015
:10129000000000000000000000000000000000004E
:1012A000000000000000000000000000000000003E
:1012B000000000000000000000000000000000002E
:1012C000000000000000000000000000000000001E
:1012D000000000000000000000000000000000000E
:1012E00000000000000000000000000000000000FE
:1012F00000000000000000000000000000000000EE
:1013000000000000000000000000000001000000DC
:10131000000000000E33CDAB34126DE6ECDE0500AC
:101320000B000000000000000000000000000000B2
:1013300000000000000000000000000000000000AD
:10134000000000000000000000000000000000009D
:10135000000000000000000000000000000000008D
:10136000000000000000000000000000000000007D
:10137000000000000000000000000000000000006D
:10138000000000000000000000000000000000005D
:10139000000000000029DE07007B9A177803002078
:1013A00000000000E803000000000000A00300208F
:1013B00000000000E80300000000000000003F40C3
:1013C0007034006000000000000000000000000019
:1013D000000000000000000000000000000000000D
:1013E00000000000000000000000000000000000FD
:1013F00000000000000000000000000000000000ED
:1014000000000000000000000000000000000000DC
:1014100000000000000000000000000000000000CC
:1014200000000000000000000000000000000000BC
:1014300000000000000000000000000000000000AC
:10144000000000000000000000000000000000009C
:10145000000000000000000000000000000000008C
:10146000000000000000000000000000000000007C
:10147000000000000000000000000000000000006C
:10148000000000000000000000000000000000005C
:10149000000000000000000000000000000000004C
:1014A000000000000000000000000000000000003C
:1014B000000000000000000000000000000000002C
:1014C000000000000000000000000000000000001C
:1014D000000000000000000000000000000000000C
:1014E000000000000000000000000000A003002039
:1014F00000000000E80300000000000000803F4002
:101500002034006000000000000000000000000027
:1015100000000000000000000000000000000000CB
:1015200000000000000000000000000000000000BB
:1015300000000000000000000000000000000000AB
:10154000000000000000000000000000000000009B
:10155000000000000000000000000000000000008B
:10156000000000000000000000000000000000007B
:10157000000000000000000000000000000000006B
:10158000000000000000000000000000000000005B
:10159000000000000000000000000000000000004B
:1015A000000000000000000000000000000000003B
:1015B000000000000000000000000000000000002B
:1015C000000000000000000000000000000000001B
:1015D000000000000000000000000000000000000B
:1015E00000000000000000000000000000000000FB
:1015F00000000000000000000000000000000000EB
:1016000000000000000000000000000000000000DA
:1016100000000000000000000000000000000000CA
:10162000000000000000000000000000A0030020F7
:1016300000000000E80300000000000000C03F4080
:10164000D033006000000000000000000000000037
:10165000000000000000000000000000000000008A
:10166000000000000000000000000000000000007A
:10167000000000000000000000000000000000006A
:10168000000000000000000000000000000000005A
:10169000000000000000000000000000000000004A
:1016A000000000000000000000000000000000003A
:1016B000000000000000000000000000000000002A
:1016C000000000000000000000000000000000001A
:1016D000000000000000000000000000000000000A
:1016E00000000000000000000000000000000000FA
:1016F00000000000000000000000000000000000EA
:1017000000000000000000000000000000000000D9
:1017100000000000000000000000000000000000C9
:1017200000000000000000000000000000000000B9
:1017300000000000000000000000000000000000A9
:101740000000000000000000000000000000000099
:101750000000000000000000000000000000000089
:1017600000000000000000000000000000FF00007A
:1017700000000000000000008C2700208C270020C3
:1017800094270020942700209C2700209C270020DD
:10179000A4270020A4270020AC270020AC2700208D
:1017A000B4270020B4270020BC270020BC2700203D
:1017B000C4270020C4270020CC270020CC270020ED
:1017C000D4270020D4270020DC270020DC2700209D
:1017D000E4270020E4270020EC270020EC2700204D
:1017E000F4270020F4270020FC270020FC270020FD
:1017F00004280020042800200C2800200C280020A9
:1018000014280020142800201C2800201C28002058
:1018100024280020242800202C2800202C28002008
:1018200034280020342800203C2800203C280020B8
:1018300044280020442800204C2800204C28002068
:1018400054280020542800205C2800205C28002018
:1018500064280020642800206C2800206C280020C8
:1018600074280020742800207C2800207C28002078
:1018700084280020842800208C2800208C28002028
:1018800094280020942800209C2800209C280020D8
:10189000A4280020A4280020AC280020AC28002088
:1018A000B4280020B4280020BC280020BC28002038
:1018B000C4280020C4280020CC280020CC280020E8
:1018C000D4280020D4280020DC280020DC28002098
:1018D000E4280020E4280020EC280020EC28002048
:1018E000F4280020F4280020FC280020FC280020F8
:1018F00004290020042900200C2900200C290020A4
:1019000014290020142900201C2900201C29002053
:1019100024290020242900202C2900202C29002003
:1019200034290020342900203C2900203C290020B3
:1019300044290020442900204C2900204C29002063
:1019400054290020542900205C2900205C29002013
:1019500064290020642900206C2900206C290020C3
:1019600074290020742900207C2900207C29002073
:1019700084290020842900208C2900208C29002023
:1019800094290020942900209C2900209C290020D3
:10199000A4290020A4290020AC290020AC29002083
:1019A000B4290020B4290020BC290020BC29002033
:1019B000C4290020C4290020CC290020CC290020E3
:1019C000D4290020D4290020DC290020DC29002093
:1019D000E4290020E4290020EC290020EC29002043
:1019E000F4290020F4290020FC290020FC290020F3
:1019F000042A0020042A00200C2A00200C2A00209F
:101A0000142A0020142A00201C2A00201C2A00204E
:101A1000242A0020242A00202C2A00202C2A0020FE
:101A2000342A0020342A00203C2A00203C2A0020AE
:101A3000442A0020442A00204C2A00204C2A00205E
:101A4000542A0020542A00205C2A00205C2A00200E
:101A5000642A0020642A00206C2A00206C2A0020BE
:101A6000742A0020742A00207C2A00207C2A00206E
:101A7000842A0020842A00208C2A00208C2A00201E
:101A8000942A0020942A00209C2A00209C2A0020CE
:101A9000A42A0020A42A0020AC2A0020AC2A00207E
:101AA000B42A0020B42A0020BC2A0020BC2A00202E
:101AB000C42A0020C42A0020CC2A0020CC2A0020DE
:101AC000D42A0020D42A0020DC2A0020DC2A00208E
:101AD000E42A0020E42A0020EC2A0020EC2A00203E
:101AE000F42A0020F42A0020FC2A0020FC2A0020EE
:101AF000042B0020042B00200C2B00200C2B00209A
:101B0000142B0020142B00201C2B00201C2B002049
:101B1000242B0020242B00202C2B00202C2B0020F9
:101B2000342B0020342B00203C2B00203C2B0020A9
:101B3000442B0020442B00204C2B00204C2B002059
:101B4000542B0020542B00205C2B00205C2B002009
:101B5000642B0020642B00206C2B00206C2B0020B9
:101B6000742B0020742B00207C2B00207C2B002069
:101B7000842B0020842B0020FFFFFFFF00000200C9
:101B8000C07200209022002012010002EF020140EA
:101B9000C016830480020102030100002800000037
:101BA000000104000100000000000000020157498C
:101BB0004E555342000000000000000000000000ED
:101BC0000000000012034D00530046005400310095
:101BD00030003000F80000000C030000000000009E
:101BE00000000000000000000000000000000000F5
:101BF000AAAAAAAA09000000000000000000000034
:101C000000000000000000000000000000000000D4
:101C100000000000000000000000000000000000C4
:101C200000000000000000000000000000000000B4
:101C300000000000000000000000000000000000A4
:101C40000000000000000000000000000000000094
:101C50000000000000000000000000000000000084
:101C60000000000000000000000000000000000074
:101C70000000000000000000000000000000000064
:101C80000000000000000000000000000000000054
:101C90000000000000000000000000000000000044
:101CA0000000000000000000000000000000000034
:101CB0000000000000000000000000000000000024
:101CC0000000000000000000000000000000000014
:101CD0000000000000000000000000000000000004
:101CE00000000000000000000000000000000000F4
:101CF00000000000000000000000000000000000E4
:101D000000000000000000000000000000000000D3
:101D100000000000000000000000000000000000C3
:101D200000000000000000000000000000000000B3
:101D300000000000000000000000000000000000A3
:101D40000000000000000000000000000000000093
:101D50000000000000000000000000000000000083
:101D60000000000000000000000000000000000073
:101D70000000000000000000000000000000000063
:101D80000000000000000000000000000000000053
:101D90000000000000000000000000000000000043
:101DA0000000000000000000000000000000000033
:101DB0000000000000000000000000000000000023
:101DC0000000000000000000000000000000000013
:101DD0000000000000000000000000000000000003
:101DE00000000000000000000000000000000000F3
:101DF00000000000000000000000000000000000E3
:101E000000000000000000000000000000000000D2
:101E100000000000000000000000000000000000C2
:101E200000000000000000000000000000000000B2
:101E300000000000000000000000000000000000A2
:101E40000000000000000000000000000000000092
:101E50000000000000000000000000000000000082
:101E60000000000000000000000000000000000072
:101E70000000000000000000000000000000000062
:101E80000000000000000000000000000000000052
:101E90000000000000000000000000000000000042
:101EA0000000000000000000000000000000000032
:101EB0000000000000000000000000000000000022
:101EC0000000000000000000000000000000000012
:101ED0000000000000000000000000000000000002
:101EE00000000000000000000000000000000000F2
:101EF00000000000000000000000000000000000E2
:101F000000000000000000000000000000000000D1
:101F100000000000000000000000000000000000C1
:101F200000000000000000000000000000000000B1
:101F300000000000000000000000000000000000A1
:101F40000000000000000000000000000000000091
:101F50000000000000000000000000000000000081
:101F60000000000000000000000000000000000071
:101F70000000000000000000000000000000000061
:101F80000000000000000000000000000000000051
:101F90000000000000000000000000000000000041
:101FA0000000000000000000000000000000000031
:101FB0000000000000000000000000000000000021
:101FC0000000000000000000000000000000000011
:101FD0000000000000000000000000000000000001
:101FE00000000000000000000000000000000000F1
:101FF00000000000000000000000000000000000E1
:1020000000000000000000000000000000000000D0
:1020100000000000000000000000000000000000C0
:1020200000000000000000000000000000000000B0
:1020300000000000000000000000000000000000A0
:102040000000000000000000000000000000000090
:102050000000000000000000000000000000000080
:102060000000000000000000000000000000000070
:102070000000000000000000000000000000000060
:102080000000000000000000000000000000000050
:102090000000000000000000000000000000000040
:1020A0000000000000000000000000000000000030
:1020B0000000000000000000000000000000000020
:1020C0000000000000000000000000000000000010
:1020D0000000000000000000000000000000000000
:1020E00000000000000000000000000000000000F0
:1020F00000000000000000000000000000000000E0
:1021000000000000000000000000000000000000CF
:1021100000000000000000000000000000000000BF
:1021200000000000000000000000000000000000AF
:10213000000000000000000000000000000000009F
:10214000000000000000000000000000000000008F
:10215000000000000000000000000000000000007F
:10216000000000000000000000000000000000006F
:10217000000000000000000000000000000000005F
:10218000000000000000000000000000000000004F
:10219000000000000000000000000000000000003F
:1021A000000000000000000000000000000000002F
:1021B000000000000000000000000000000000001F
:1021C000000000000000000000000000000000000F
:1021D00000000000000000000000000000000000FF
:1021E00000000000000000000000000000000000EF
:1021F00000000000000000000000000000000000DF
:1022000000000000000000000000000000000000CE
:1022100000000000000000000000000000000000BE
:1022200000000000000000000000000000000000AE
:10223000000000000000000000000000000000009E
:10224000000000000000000000000000000000008E
:10225000000000000000000000000000000000007E
:10226000000000000000000000000000000000006E
:10227000000000000000000000000000000000005E
:10228000000000000000000000000000000000004E
:10229000000000000000000000000000000000003E
:0422A000000000003A
:1022A400FFFFFFFFFFFFFFFFFFFFFFFFFFFFFFFF3A
:1022B400FFFFFFFFFFFFFFFFFFFFFFFFFFFFFFFF2A
:1022C400FFFFFFFFFFFFFFFFFFFFFFFFFFFFFFFF1A
:1022D400FFFFFFFFFFFFFFFFFFFFFFFFFFFFFFFF0A
:1022E400FFFFFFFFFFFFFFFFFFFFFFFFFFFFFFFFFA
:1022F400FFFFFFFFFFFFFFFFFFFFFFFFFFFFFFFFEA
:10230400FFFFFFFFFFFFFFFFFFFFFFFFFFFFFFFFD9
:10231400FFFFFFFFFFFFFFFFFFFFFFFFFFFFFFFFC9
:10232400FFFFFFFFFFFFFFFFFFFFFFFFFFFFFFFFB9
:10233400FFFFFFFFFFFFFFFFFFFFFFFFFFFFFFFFA9
:10234400FFFFFFFFFFFFFFFFFFFFFFFFFFFFFFFF99
:10235400FFFFFFFFFFFFFFFFFFFFFFFFFFFFFFFF89
:10236400FFFFFFFFFFFFFFFFFFFFFFFFFFFFFFFF79
:10237400FFFFFFFFFFFFFFFFFFFFFFFFFFFFFFFF69
:10238400FFFFFFFFFFFFFFFFFFFFFFFFFFFFFFFF59
:10239400FFFFFFFFFFFFFFFFFFFFFFFFFFFFFFFF49
:1023A400FFFFFFFFFFFFFFFFFFFFFFFFFFFFFFFF39
:1023B400FFFFFFFFFFFFFFFFFFFFFFFFFFFFFFFF29
:1023C400FFFFFFFFFFFFFFFFFFFFFFFFFFFFFFFF19
:1023D400FFFFFFFFFFFFFFFFFFFFFFFFFFFFFFFF09
:1023E400FFFFFFFFFFFFFFFFFFFFFFFFFFFFFFFFF9
:1023F400FFFFFFFFFFFFFFFFFFFFFFFF00000000E5
:1024040000000000000000000000000000000000C8
:1024140000000000000000000000000000000000B8
:1024240000000000000000000000000000000000A8
:102434000000000000000000000000000000000098
:102444000000000000000000000000000000000088
:102454000000000000000000000000000000000078
:102464000000000000000000000000000000000068
:102474000000000000000000000000000000000058
:102484000000000000000000000000000000000048
:102494000000000000000000000000000000000038
:1024A4000000000000000000000000000000000028
:1024B4000000000000000000000000000000000018
:1024C4000000000000000000000000000000000008
:1024D40000000000000000000000000000000000F8
:1024E40000000000000000000000000000000000E8
:1024F40000000000000000000000000000000000D8
:1025040000000000000000000000000000000000C7
:1025140000000000000000000000000000000000B7
:1025240000000000000000000000000000000000A7
:102534000000000000000000000000000000000097
:102544000000000000000000000000000000000087
:102554000000000000000000000000000000000077
:102564000000000000000000000000000000000067
:102574000000000000000000000000000000000057
:102584000000000000000000000000000000000047
:102594000000000000000000000000000000000037
:1025A4000000000000000000000000000000000027
:1025B4000000000000000000000000000000000017
:1025C4000000000000000000000000000000000007
:1025D40000000000000000000000000000000000F7
:1025E40000000000000000000000000000000000E7
:1025F40000000000000000000000000000000000D7
:1026040000000000000000000000000000000000C6
:1026140000000000000000000000000000000000B6
:1026240000000000000000000000000000000000A6
:102634000000000000000000000000000000000096
:102644000000000000000000000000000000000086
:102654000000000000000000000000000000000076
:102664000000000000000000000000000000000066
:102674000000000000000000000000000000000056
:102684000000000000000000000000000000000046
:102694000000000000000000000000000000000036
:1026A4000000000000000000000000000000000026
:1026B4000000000000000000000000000000000016
:1026C4000000000000000000000000000000000006
:1026D40000000000000000000000000000000000F6
:1026E40000000000000000000000000000000000E6
:1026F40000000000000000000000000000000000D6
:1027040000000000000000000000000000000000C5
:1027140000000000000000000000000000000000B5
:1027240000000000000000000000000000000000A5
:102734000000000000000000000000000000000095
:102744000000000000000000000000000000000085
:102754000000000000000000000000000000000075
:102764000000000000000000000000000000000065
:102774000000000000000000000000000000000055
:102784000000000000000000000000000000000045
:102794000000000000000000000000000000000035
:1027A4000000000000000000000000000000000025
:1027B4000000000000000000000000000000000015
:1027C4000000000000000000000000000000000005
:1027D40000000000000000000000000000000000F5
:1027E40000000000000000000000000000000000E5
:1027F40000000000000000000000000000000000D5
:1028040000000000000000000000000000000000C4
:1028140000000000000000000000000000000000B4
:1028240000000000000000000000000000000000A4
:102834000000000000000000000000000000000094
:102844000000000000000000000000000000000084
:102854000000000000000000000000000000000074
:102864000000000000000000000000000000000064
:102874000000000000000000000000000000000054
:102884000000000000000000000000000000000044
:102894000000000000000000000000000000000034
:1028A4000000000000000000000000000000000024
:1028B4000000000000000000000000000000000014
:1028C4000000000000000000000000000000000004
:1028D40000000000000000000000000000000000F4
:1028E40000000000000000000000000000000000E4
:1028F40000000000000000000000000000000000D4
:1029040000000000000000000000000000000000C3
:1029140000000000000000000000000000000000B3
:1029240000000000000000000000000000000000A3
:102934000000000000000000000000000000000093
:102944000000000000000000000000000000000083
:102954000000000000000000000000000000000073
:102964000000000000000000000000000000000063
:102974000000000000000000000000000000000053
:102984000000000000000000000000000000000043
:102994000000000000000000000000000000000033
:1029A4000000000000000000000000000000000023
:1029B4000000000000000000000000000000000013
:1029C4000000000000000000000000000000000003
:1029D40000000000000000000000000000000000F3
:1029E40000000000000000000000000000000000E3
:1029F40000000000000000000000000000000000D3
:102A040000000000000000000000000000000000C2
:102A140000000000000000000000000000000000B2
:102A240000000000000000000000000000000000A2
:102A34000000000000000000000000000000000092
:102A44000000000000000000000000000000000082
:102A54000000000000000000000000000000000072
:102A64000000000000000000000000000000000062
:102A74000000000000000000000000000000000052
:102A84000000000000000000000000000000000042
:102A94000000000000000000000000000000000032
:102AA4000000000000000000000000000000000022
:102AB4000000000000000000000000000000000012
:102AC4000000000000000000000000000000000002
:102AD40000000000000000000000000000000000F2
:102AE40000000000000000000000000000000000E2
:102AF40000000000000000000000000000000000D2
:102B040000000000000000000000000000000000C1
:102B140000000000000000000000000000000000B1
:102B240000000000000000000000000000000000A1
:102B34000000000000000000000000000000000091
:102B44000000000000000000000000000000000081
:102B54000000000000000000000000000000000071
:102B64000000000000000000000000000000000061
:102B74000000000000000000000000000000000051
:102B84000000000000000000000000000000000041
:102B94000000000000000000000000000000000031
:102BA4000000000000000000000000000000000021
:102BB4000000000000000000000000000000000011
:102BC4000000000000000000000000000000000001
:102BD40000000000000000000000000000000000F1
:102BE40000000000000000000000000000000000E1
:102BF40000000000000000000000000000000000D1
:102C040000000000000000000000000000000000C0
:102C140000000000000000000000000000000000B0
:102C240000000000000000000000000000000000A0
:102C34000000000000000000000000000000000090
:102C44000000000000000000000000000000000080
:102C54000000000000000000000000000000000070
:102C64000000000000000000000000000000000060
:102C74000000000000000000000000000000000050
:102C84000000000000000000000000000000000040
:102C94000000000000000000000000000000000030
:102CA4000000000000000000000000000000000020
:102CB4000000000000000000000000000000000010
:102CC4000000000000000000000000000000000000
:102CD40000000000000000000000000000000000F0
:102CE40000000000000000000000000000000000E0
:102CF40000000000000000000000000000000000D0
:102D040000000000000000000000000000000000BF
:102D140000000000000000000000000000000000AF
:102D2400000000000000000000000000000000009F
:102D3400000000000000000000000000000000008F
:102D4400000000000000000000000000000000007F
:102D5400000000000000000000000000000000006F
:102D6400000000000000000000000000000000005F
:102D7400000000000000000000000000000000004F
:102D8400000000000000000000000000000000003F
:102D9400000000000000000000000000000000002F
:102DA400000000000000000000000000000000001F
:102DB400000000000000000000000000000000000F
:102DC40000000000000000000000000000000000FF
:102DD40000000000000000000000000000000000EF
:102DE40000000000000000000000000000000000DF
:102DF40000000000000000000000000000000000CF
:102E040000000000000000000000000000000000BE
:102E140000000000000000000000000000000000AE
:102E2400000000000000000000000000000000009E
:102E3400000000000000000000000000000000008E
:102E4400000000000000000000000000000000007E
:102E5400000000000000000000000000000000006E
:102E6400000000000000000000000000000000005E
:102E7400000000000000000000000000000000004E
:102E8400000000000000000000000000000000003E
:102E9400000000000000000000000000000000002E
:102EA400000000000000000000000000000000001E
:102EB400000000000000000000000000000000000E
:102EC40000000000000000000000000000000000FE
:102ED40000000000000000000000000000000000EE
:102EE40000000000000000000000000000000000DE
:102EF40000000000000000000000000000000000CE
:102F040000000000000000000000000000000000BD
:102F140000000000000000000000000000000000AD
:102F2400000000000000000000000000000000009D
:102F3400000000000000000000000000000000008D
:102F4400000000000000000000000000000000007D
:102F5400000000000000000000000000000000006D
:102F6400000000000000000000000000000000005D
:102F7400000000000000000000000000000000004D
:102F8400000000000000000000000000000000003D
:102F9400000000000000000000000000000000002D
:102FA400000000000000000000000000000000001D
:102FB400000000000000000000000000000000000D
:102FC40000000000000000000000000000000000FD
:102FD40000000000000000000000000000000000ED
:102FE40000000000000000000000000000000000DD
:0C2FF400000000000000000000000000D1
:040000056000100087
:00000001FF
