:0200000460009A
:100000004643464200000156000000000103030081
:1000100000000000000000000000000000000000E0
:1000200000000000000000000000000000000000D0
:1000300000000000000000000000000000000000C0
:1000400000000000010408000000000000000000A3
:100050000000800000000000000000000000000020
:100060000000000000000000000000000000000090
:100070000000000000000000000000000000000080
:10008000EB04180A063204260000000000000000FD
:10009000050404240000000000000000000000002F
:1000A0000000000000000000000000000000000050
:1000B0000604000000000000000000000000000036
:1000C0000000000000000000000000000000000030
:1000D00020041808000000000000000000000000DC
:1000E0000000000000000000000000000000000010
:1000F0000000000000000000000000000000000000
:10010000D8041808000000000000000000000000F3
:100110000204180804200000000000000000000095
:1001200000000000000000000000000000000000CF
:10013000600400000000000000000000000000005B
:1001400000000000000000000000000000000000AF
:10015000000000000000000000000000000000009F
:10016000000000000000000000000000000000008F
:10017000000000000000000000000000000000007F
:10018000000000000000000000000000000000006F
:10019000000000000000000000000000000000005F
:1001A000000000000000000000000000000000004F
:1001B000000000000000000000000000000000003F
:1001C000000100000010000001000000000000001D
:1001D000000001000000000000000000000000001E
:1001E000000000000000000000000000000000000F
:1001F00000000000000000000000000000000000FF
:10020000FFFFFFFFFFFFFFFFFFFFFFFFFFFFFFFFFE
:10021000FFFFFFFFFFFFFFFFFFFFFFFFFFFFFFFFEE
:10022000FFFFFFFFFFFFFFFFFFFFFFFFFFFFFFFFDE
:10023000FFFFFFFFFFFFFFFFFFFFFFFFFFFFFFFFCE
:10024000FFFFFFFFFFFFFFFFFFFFFFFFFFFFFFFFBE
:10025000FFFFFFFFFFFFFFFFFFFFFFFFFFFFFFFFAE
:10026000FFFFFFFFFFFFFFFFFFFFFFFFFFFFFFFF9E
:10027000FFFFFFFFFFFFFFFFFFFFFFFFFFFFFFFF8E
:10028000FFFFFFFFFFFFFFFFFFFFFFFFFFFFFFFF7E
:10029000FFFFFFFFFFFFFFFFFFFFFFFFFFFFFFFF6E
:1002A000FFFFFFFFFFFFFFFFFFFFFFFFFFFFFFFF5E
:1002B000FFFFFFFFFFFFFFFFFFFFFFFFFFFFFFFF4E
:1002C000FFFFFFFFFFFFFFFFFFFFFFFFFFFFFFFF3E
:1002D000FFFFFFFFFFFFFFFFFFFFFFFFFFFFFFFF2E
:1002E000FFFFFFFFFFFFFFFFFFFFFFFFFFFFFFFF1E
:1002F000FFFFFFFFFFFFFFFFFFFFFFFFFFFFFFFF0E
:10030000FFFFFFFFFFFFFFFFFFFFFFFFFFFFFFFFFD
:10031000FFFFFFFFFFFFFFFFFFFFFFFFFFFFFFFFED
:10032000FFFFFFFFFFFFFFFFFFFFFFFFFFFFFFFFDD
:10033000FFFFFFFFFFFFFFFFFFFFFFFFFFFFFFFFCD
:10034000FFFFFFFFFFFFFFFFFFFFFFFFFFFFFFFFBD
:10035000FFFFFFFFFFFFFFFFFFFFFFFFFFFFFFFFAD
:10036000FFFFFFFFFFFFFFFFFFFFFFFFFFFFFFFF9D
:10037000FFFFFFFFFFFFFFFFFFFFFFFFFFFFFFFF8D
:10038000FFFFFFFFFFFFFFFFFFFFFFFFFFFFFFFF7D
:10039000FFFFFFFFFFFFFFFFFFFFFFFFFFFFFFFF6D
:1003A000FFFFFFFFFFFFFFFFFFFFFFFFFFFFFFFF5D
:1003B000FFFFFFFFFFFFFFFFFFFFFFFFFFFFFFFF4D
:1003C000FFFFFFFFFFFFFFFFFFFFFFFFFFFFFFFF3D
:1003D000FFFFFFFFFFFFFFFFFFFFFFFFFFFFFFFF2D
:1003E000FFFFFFFFFFFFFFFFFFFFFFFFFFFFFFFF1D
:1003F000FFFFFFFFFFFFFFFFFFFFFFFFFFFFFFFF0D
:10040000FFFFFFFFFFFFFFFFFFFFFFFFFFFFFFFFFC
:10041000FFFFFFFFFFFFFFFFFFFFFFFFFFFFFFFFEC
:10042000FFFFFFFFFFFFFFFFFFFFFFFFFFFFFFFFDC
:10043000FFFFFFFFFFFFFFFFFFFFFFFFFFFFFFFFCC
:10044000FFFFFFFFFFFFFFFFFFFFFFFFFFFFFFFFBC
:10045000FFFFFFFFFFFFFFFFFFFFFFFFFFFFFFFFAC
:10046000FFFFFFFFFFFFFFFFFFFFFFFFFFFFFFFF9C
:10047000FFFFFFFFFFFFFFFFFFFFFFFFFFFFFFFF8C
:10048000FFFFFFFFFFFFFFFFFFFFFFFFFFFFFFFF7C
:10049000FFFFFFFFFFFFFFFFFFFFFFFFFFFFFFFF6C
:1004A000FFFFFFFFFFFFFFFFFFFFFFFFFFFFFFFF5C
:1004B000FFFFFFFFFFFFFFFFFFFFFFFFFFFFFFFF4C
:1004C000FFFFFFFFFFFFFFFFFFFFFFFFFFFFFFFF3C
:1004D000FFFFFFFFFFFFFFFFFFFFFFFFFFFFFFFF2C
:1004E000FFFFFFFFFFFFFFFFFFFFFFFFFFFFFFFF1C
:1004F000FFFFFFFFFFFFFFFFFFFFFFFFFFFFFFFF0C
:10050000FFFFFFFFFFFFFFFFFFFFFFFFFFFFFFFFFB
:10051000FFFFFFFFFFFFFFFFFFFFFFFFFFFFFFFFEB
:10052000FFFFFFFFFFFFFFFFFFFFFFFFFFFFFFFFDB
:10053000FFFFFFFFFFFFFFFFFFFFFFFFFFFFFFFFCB
:10054000FFFFFFFFFFFFFFFFFFFFFFFFFFFFFFFFBB
:10055000FFFFFFFFFFFFFFFFFFFFFFFFFFFFFFFFAB
:10056000FFFFFFFFFFFFFFFFFFFFFFFFFFFFFFFF9B
:10057000FFFFFFFFFFFFFFFFFFFFFFFFFFFFFFFF8B
:10058000FFFFFFFFFFFFFFFFFFFFFFFFFFFFFFFF7B
:10059000FFFFFFFFFFFFFFFFFFFFFFFFFFFFFFFF6B
:1005A000FFFFFFFFFFFFFFFFFFFFFFFFFFFFFFFF5B
:1005B000FFFFFFFFFFFFFFFFFFFFFFFFFFFFFFFF4B
:1005C000FFFFFFFFFFFFFFFFFFFFFFFFFFFFFFFF3B
:1005D000FFFFFFFFFFFFFFFFFFFFFFFFFFFFFFFF2B
:1005E000FFFFFFFFFFFFFFFFFFFFFFFFFFFFFFFF1B
:1005F000FFFFFFFFFFFFFFFFFFFFFFFFFFFFFFFF0B
:10060000FFFFFFFFFFFFFFFFFFFFFFFFFFFFFFFFFA
:10061000FFFFFFFFFFFFFFFFFFFFFFFFFFFFFFFFEA
:10062000FFFFFFFFFFFFFFFFFFFFFFFFFFFFFFFFDA
:10063000FFFFFFFFFFFFFFFFFFFFFFFFFFFFFFFFCA
:10064000FFFFFFFFFFFFFFFFFFFFFFFFFFFFFFFFBA
:10065000FFFFFFFFFFFFFFFFFFFFFFFFFFFFFFFFAA
:10066000FFFFFFFFFFFFFFFFFFFFFFFFFFFFFFFF9A
:10067000FFFFFFFFFFFFFFFFFFFFFFFFFFFFFFFF8A
:10068000FFFFFFFFFFFFFFFFFFFFFFFFFFFFFFFF7A
:10069000FFFFFFFFFFFFFFFFFFFFFFFFFFFFFFFF6A
:1006A000FFFFFFFFFFFFFFFFFFFFFFFFFFFFFFFF5A
:1006B000FFFFFFFFFFFFFFFFFFFFFFFFFFFFFFFF4A
:1006C000FFFFFFFFFFFFFFFFFFFFFFFFFFFFFFFF3A
:1006D000FFFFFFFFFFFFFFFFFFFFFFFFFFFFFFFF2A
:1006E000FFFFFFFFFFFFFFFFFFFFFFFFFFFFFFFF1A
:1006F000FFFFFFFFFFFFFFFFFFFFFFFFFFFFFFFF0A
:10070000FFFFFFFFFFFFFFFFFFFFFFFFFFFFFFFFF9
:10071000FFFFFFFFFFFFFFFFFFFFFFFFFFFFFFFFE9
:10072000FFFFFFFFFFFFFFFFFFFFFFFFFFFFFFFFD9
:10073000FFFFFFFFFFFFFFFFFFFFFFFFFFFFFFFFC9
:10074000FFFFFFFFFFFFFFFFFFFFFFFFFFFFFFFFB9
:10075000FFFFFFFFFFFFFFFFFFFFFFFFFFFFFFFFA9
:10076000FFFFFFFFFFFFFFFFFFFFFFFFFFFFFFFF99
:10077000FFFFFFFFFFFFFFFFFFFFFFFFFFFFFFFF89
:10078000FFFFFFFFFFFFFFFFFFFFFFFFFFFFFFFF79
:10079000FFFFFFFFFFFFFFFFFFFFFFFFFFFFFFFF69
:1007A000FFFFFFFFFFFFFFFFFFFFFFFFFFFFFFFF59
:1007B000FFFFFFFFFFFFFFFFFFFFFFFFFFFFFFFF49
:1007C000FFFFFFFFFFFFFFFFFFFFFFFFFFFFFFFF39
:1007D000FFFFFFFFFFFFFFFFFFFFFFFFFFFFFFFF29
:1007E000FFFFFFFFFFFFFFFFFFFFFFFFFFFFFFFF19
:1007F000FFFFFFFFFFFFFFFFFFFFFFFFFFFFFFFF09
:10080000FFFFFFFFFFFFFFFFFFFFFFFFFFFFFFFFF8
:10081000FFFFFFFFFFFFFFFFFFFFFFFFFFFFFFFFE8
:10082000FFFFFFFFFFFFFFFFFFFFFFFFFFFFFFFFD8
:10083000FFFFFFFFFFFFFFFFFFFFFFFFFFFFFFFFC8
:10084000FFFFFFFFFFFFFFFFFFFFFFFFFFFFFFFFB8
:10085000FFFFFFFFFFFFFFFFFFFFFFFFFFFFFFFFA8
:10086000FFFFFFFFFFFFFFFFFFFFFFFFFFFFFFFF98
:10087000FFFFFFFFFFFFFFFFFFFFFFFFFFFFFFFF88
:10088000FFFFFFFFFFFFFFFFFFFFFFFFFFFFFFFF78
:10089000FFFFFFFFFFFFFFFFFFFFFFFFFFFFFFFF68
:1008A000FFFFFFFFFFFFFFFFFFFFFFFFFFFFFFFF58
:1008B000FFFFFFFFFFFFFFFFFFFFFFFFFFFFFFFF48
:1008C000FFFFFFFFFFFFFFFFFFFFFFFFFFFFFFFF38
:1008D000FFFFFFFFFFFFFFFFFFFFFFFFFFFFFFFF28
:1008E000FFFFFFFFFFFFFFFFFFFFFFFFFFFFFFFF18
:1008F000FFFFFFFFFFFFFFFFFFFFFFFFFFFFFFFF08
:10090000FFFFFFFFFFFFFFFFFFFFFFFFFFFFFFFFF7
:10091000FFFFFFFFFFFFFFFFFFFFFFFFFFFFFFFFE7
:10092000FFFFFFFFFFFFFFFFFFFFFFFFFFFFFFFFD7
:10093000FFFFFFFFFFFFFFFFFFFFFFFFFFFFFFFFC7
:10094000FFFFFFFFFFFFFFFFFFFFFFFFFFFFFFFFB7
:10095000FFFFFFFFFFFFFFFFFFFFFFFFFFFFFFFFA7
:10096000FFFFFFFFFFFFFFFFFFFFFFFFFFFFFFFF97
:10097000FFFFFFFFFFFFFFFFFFFFFFFFFFFFFFFF87
:10098000FFFFFFFFFFFFFFFFFFFFFFFFFFFFFFFF77
:10099000FFFFFFFFFFFFFFFFFFFFFFFFFFFFFFFF67
:1009A000FFFFFFFFFFFFFFFFFFFFFFFFFFFFFFFF57
:1009B000FFFFFFFFFFFFFFFFFFFFFFFFFFFFFFFF47
:1009C000FFFFFFFFFFFFFFFFFFFFFFFFFFFFFFFF37
:1009D000FFFFFFFFFFFFFFFFFFFFFFFFFFFFFFFF27
:1009E000FFFFFFFFFFFFFFFFFFFFFFFFFFFFFFFF17
:1009F000FFFFFFFFFFFFFFFFFFFFFFFFFFFFFFFF07
:100A0000FFFFFFFFFFFFFFFFFFFFFFFFFFFFFFFFF6
:100A1000FFFFFFFFFFFFFFFFFFFFFFFFFFFFFFFFE6
:100A2000FFFFFFFFFFFFFFFFFFFFFFFFFFFFFFFFD6
:100A3000FFFFFFFFFFFFFFFFFFFFFFFFFFFFFFFFC6
:100A4000FFFFFFFFFFFFFFFFFFFFFFFFFFFFFFFFB6
:100A5000FFFFFFFFFFFFFFFFFFFFFFFFFFFFFFFFA6
:100A6000FFFFFFFFFFFFFFFFFFFFFFFFFFFFFFFF96
:100A7000FFFFFFFFFFFFFFFFFFFFFFFFFFFFFFFF86
:100A8000FFFFFFFFFFFFFFFFFFFFFFFFFFFFFFFF76
:100A9000FFFFFFFFFFFFFFFFFFFFFFFFFFFFFFFF66
:100AA000FFFFFFFFFFFFFFFFFFFFFFFFFFFFFFFF56
:100AB000FFFFFFFFFFFFFFFFFFFFFFFFFFFFFFFF46
:100AC000FFFFFFFFFFFFFFFFFFFFFFFFFFFFFFFF36
:100AD000FFFFFFFFFFFFFFFFFFFFFFFFFFFFFFFF26
:100AE000FFFFFFFFFFFFFFFFFFFFFFFFFFFFFFFF16
:100AF000FFFFFFFFFFFFFFFFFFFFFFFFFFFFFFFF06
:100B0000FFFFFFFFFFFFFFFFFFFFFFFFFFFFFFFFF5
:100B1000FFFFFFFFFFFFFFFFFFFFFFFFFFFFFFFFE5
:100B2000FFFFFFFFFFFFFFFFFFFFFFFFFFFFFFFFD5
:100B3000FFFFFFFFFFFFFFFFFFFFFFFFFFFFFFFFC5
:100B4000FFFFFFFFFFFFFFFFFFFFFFFFFFFFFFFFB5
:100B5000FFFFFFFFFFFFFFFFFFFFFFFFFFFFFFFFA5
:100B6000FFFFFFFFFFFFFFFFFFFFFFFFFFFFFFFF95
:100B7000FFFFFFFFFFFFFFFFFFFFFFFFFFFFFFFF85
:100B8000FFFFFFFFFFFFFFFFFFFFFFFFFFFFFFFF75
:100B9000FFFFFFFFFFFFFFFFFFFFFFFFFFFFFFFF65
:100BA000FFFFFFFFFFFFFFFFFFFFFFFFFFFFFFFF55
:100BB000FFFFFFFFFFFFFFFFFFFFFFFFFFFFFFFF45
:100BC000FFFFFFFFFFFFFFFFFFFFFFFFFFFFFFFF35
:100BD000FFFFFFFFFFFFFFFFFFFFFFFFFFFFFFFF25
:100BE000FFFFFFFFFFFFFFFFFFFFFFFFFFFFFFFF15
:100BF000FFFFFFFFFFFFFFFFFFFFFFFFFFFFFFFF05
:100C0000FFFFFFFFFFFFFFFFFFFFFFFFFFFFFFFFF4
:100C1000FFFFFFFFFFFFFFFFFFFFFFFFFFFFFFFFE4
:100C2000FFFFFFFFFFFFFFFFFFFFFFFFFFFFFFFFD4
:100C3000FFFFFFFFFFFFFFFFFFFFFFFFFFFFFFFFC4
:100C4000FFFFFFFFFFFFFFFFFFFFFFFFFFFFFFFFB4
:100C5000FFFFFFFFFFFFFFFFFFFFFFFFFFFFFFFFA4
:100C6000FFFFFFFFFFFFFFFFFFFFFFFFFFFFFFFF94
:100C7000FFFFFFFFFFFFFFFFFFFFFFFFFFFFFFFF84
:100C8000FFFFFFFFFFFFFFFFFFFFFFFFFFFFFFFF74
:100C9000FFFFFFFFFFFFFFFFFFFFFFFFFFFFFFFF64
:100CA000FFFFFFFFFFFFFFFFFFFFFFFFFFFFFFFF54
:100CB000FFFFFFFFFFFFFFFFFFFFFFFFFFFFFFFF44
:100CC000FFFFFFFFFFFFFFFFFFFFFFFFFFFFFFFF34
:100CD000FFFFFFFFFFFFFFFFFFFFFFFFFFFFFFFF24
:100CE000FFFFFFFFFFFFFFFFFFFFFFFFFFFFFFFF14
:100CF000FFFFFFFFFFFFFFFFFFFFFFFFFFFFFFFF04
:100D0000FFFFFFFFFFFFFFFFFFFFFFFFFFFFFFFFF3
:100D1000FFFFFFFFFFFFFFFFFFFFFFFFFFFFFFFFE3
:100D2000FFFFFFFFFFFFFFFFFFFFFFFFFFFFFFFFD3
:100D3000FFFFFFFFFFFFFFFFFFFFFFFFFFFFFFFFC3
:100D4000FFFFFFFFFFFFFFFFFFFFFFFFFFFFFFFFB3
:100D5000FFFFFFFFFFFFFFFFFFFFFFFFFFFFFFFFA3
:100D6000FFFFFFFFFFFFFFFFFFFFFFFFFFFFFFFF93
:100D7000FFFFFFFFFFFFFFFFFFFFFFFFFFFFFFFF83
:100D8000FFFFFFFFFFFFFFFFFFFFFFFFFFFFFFFF73
:100D9000FFFFFFFFFFFFFFFFFFFFFFFFFFFFFFFF63
:100DA000FFFFFFFFFFFFFFFFFFFFFFFFFFFFFFFF53
:100DB000FFFFFFFFFFFFFFFFFFFFFFFFFFFFFFFF43
:100DC000FFFFFFFFFFFFFFFFFFFFFFFFFFFFFFFF33
:100DD000FFFFFFFFFFFFFFFFFFFFFFFFFFFFFFFF23
:100DE000FFFFFFFFFFFFFFFFFFFFFFFFFFFFFFFF13
:100DF000FFFFFFFFFFFFFFFFFFFFFFFFFFFFFFFF03
:100E0000FFFFFFFFFFFFFFFFFFFFFFFFFFFFFFFFF2
:100E1000FFFFFFFFFFFFFFFFFFFFFFFFFFFFFFFFE2
:100E2000FFFFFFFFFFFFFFFFFFFFFFFFFFFFFFFFD2
:100E3000FFFFFFFFFFFFFFFFFFFFFFFFFFFFFFFFC2
:100E4000FFFFFFFFFFFFFFFFFFFFFFFFFFFFFFFFB2
:100E5000FFFFFFFFFFFFFFFFFFFFFFFFFFFFFFFFA2
:100E6000FFFFFFFFFFFFFFFFFFFFFFFFFFFFFFFF92
:100E7000FFFFFFFFFFFFFFFFFFFFFFFFFFFFFFFF82
:100E8000FFFFFFFFFFFFFFFFFFFFFFFFFFFFFFFF72
:100E9000FFFFFFFFFFFFFFFFFFFFFFFFFFFFFFFF62
:100EA000FFFFFFFFFFFFFFFFFFFFFFFFFFFFFFFF52
:100EB000FFFFFFFFFFFFFFFFFFFFFFFFFFFFFFFF42
:100EC000FFFFFFFFFFFFFFFFFFFFFFFFFFFFFFFF32
:100ED000FFFFFFFFFFFFFFFFFFFFFFFFFFFFFFFF22
:100EE000FFFFFFFFFFFFFFFFFFFFFFFFFFFFFFFF12
:100EF000FFFFFFFFFFFFFFFFFFFFFFFFFFFFFFFF02
:100F0000FFFFFFFFFFFFFFFFFFFFFFFFFFFFFFFFF1
:100F1000FFFFFFFFFFFFFFFFFFFFFFFFFFFFFFFFE1
:100F2000FFFFFFFFFFFFFFFFFFFFFFFFFFFFFFFFD1
:100F3000FFFFFFFFFFFFFFFFFFFFFFFFFFFFFFFFC1
:100F4000FFFFFFFFFFFFFFFFFFFFFFFFFFFFFFFFB1
:100F5000FFFFFFFFFFFFFFFFFFFFFFFFFFFFFFFFA1
:100F6000FFFFFFFFFFFFFFFFFFFFFFFFFFFFFFFF91
:100F7000FFFFFFFFFFFFFFFFFFFFFFFFFFFFFFFF81
:100F8000FFFFFFFFFFFFFFFFFFFFFFFFFFFFFFFF71
:100F9000FFFFFFFFFFFFFFFFFFFFFFFFFFFFFFFF61
:100FA000FFFFFFFFFFFFFFFFFFFFFFFFFFFFFFFF51
:100FB000FFFFFFFFFFFFFFFFFFFFFFFFFFFFFFFF41
:100FC000FFFFFFFFFFFFFFFFFFFFFFFFFFFFFFFF31
:100FD000FFFFFFFFFFFFFFFFFFFFFFFFFFFFFFFF21
:100FE000FFFFFFFFFFFFFFFFFFFFFFFFFFFFFFFF11
:100FF000FFFFFFFFFFFFFFFFFFFFFFFFFFFFFFFF01
:10100000D10020434D1600600000000000000000E9
:10101000201000600010006000FC00600000000074
:10102000000000600008010000000000FFFFFFFF5B
:10103000FFFFFFFFFFFFFFFFFFFFFFFFFFFFFFFFC0
:10104000FFFFFFFFFFFFFFFFFFFFFFFFFFFFFFFFB0
:10105000FFFFFFFFFFFFFFFFFFFFFFFFFFFFFFFFA0
:10106000FFFFFFFFFFFFFFFFFFFFFFFFFFFFFFFF90
:10107000FFFFFFFFFFFFFFFFFFFFFFFFFFFFFFFF80
:10108000FFFFFFFFFFFFFFFFFFFFFFFFFFFFFFFF70
:10109000FFFFFFFFFFFFFFFFFFFFFFFFFFFFFFFF60
:1010A000FFFFFFFFFFFFFFFFFFFFFFFFFFFFFFFF50
:1010B000FFFFFFFFFFFFFFFFFFFFFFFFFFFFFFFF40
:1010C000FFFFFFFFFFFFFFFFFFFFFFFFFFFFFFFF30
:1010D000FFFFFFFFFFFFFFFFFFFFFFFFFFFFFFFF20
:1010E000FFFFFFFFFFFFFFFFFFFFFFFFFFFFFFFF10
:1010F000FFFFFFFFFFFFFFFFFFFFFFFFFFFFFFFF00
:10110000FFFFFFFFFFFFFFFFFFFFFFFFFFFFFFFFEF
:10111000FFFFFFFFFFFFFFFFFFFFFFFFFFFFFFFFDF
:10112000FFFFFFFFFFFFFFFFFFFFFFFFFFFFFFFFCF
:10113000FFFFFFFFFFFFFFFFFFFFFFFFFFFFFFFFBF
:10114000FFFFFFFFFFFFFFFFFFFFFFFFFFFFFFFFAF
:10115000FFFFFFFFFFFFFFFFFFFFFFFFFFFFFFFF9F
:10116000FFFFFFFFFFFFFFFFFFFFFFFFFFFFFFFF8F
:10117000FFFFFFFFFFFFFFFFFFFFFFFFFFFFFFFF7F
:10118000FFFFFFFFFFFFFFFFFFFFFFFFFFFFFFFF6F
:10119000FFFFFFFFFFFFFFFFFFFFFFFFFFFFFFFF5F
:1011A000FFFFFFFFFFFFFFFFFFFFFFFFFFFFFFFF4F
:1011B000FFFFFFFFFFFFFFFFFFFFFFFFFFFFFFFF3F
:1011C000FFFFFFFFFFFFFFFFFFFFFFFFFFFFFFFF2F
:1011D000FFFFFFFFFFFFFFFFFFFFFFFFFFFFFFFF1F
:1011E000FFFFFFFFFFFFFFFFFFFFFFFFFFFFFFFF0F
:1011F000FFFFFFFFFFFFFFFFFFFFFFFFFFFFFFFFFF
:10120000FFFFFFFFFFFFFFFFFFFFFFFFFFFFFFFFEE
:10121000FFFFFFFFFFFFFFFFFFFFFFFFFFFFFFFFDE
:10122000FFFFFFFFFFFFFFFFFFFFFFFFFFFFFFFFCE
:10123000FFFFFFFFFFFFFFFFFFFFFFFFFFFFFFFFBE
:10124000FFFFFFFFFFFFFFFFFFFFFFFFFFFFFFFFAE
:10125000FFFFFFFFFFFFFFFFFFFFFFFFFFFFFFFF9E
:10126000FFFFFFFFFFFFFFFFFFFFFFFFFFFFFFFF8E
:10127000FFFFFFFFFFFFFFFFFFFFFFFFFFFFFFFF7E
:10128000FFFFFFFFFFFFFFFFFFFFFFFFFFFFFFFF6E
:10129000FFFFFFFFFFFFFFFFFFFFFFFFFFFFFFFF5E
:1012A000FFFFFFFFFFFFFFFFFFFFFFFFFFFFFFFF4E
:1012B000FFFFFFFFFFFFFFFFFFFFFFFFFFFFFFFF3E
:1012C000FFFFFFFFFFFFFFFFFFFFFFFFFFFFFFFF2E
:1012D000FFFFFFFFFFFFFFFFFFFFFFFFFFFFFFFF1E
:1012E000FFFFFFFFFFFFFFFFFFFFFFFFFFFFFFFF0E
:1012F000FFFFFFFFFFFFFFFFFFFFFFFFFFFFFFFFFE
:10130000FFFFFFFFFFFFFFFFFFFFFFFFFFFFFFFFED
:10131000FFFFFFFFFFFFFFFFFFFFFFFFFFFFFFFFDD
:10132000FFFFFFFFFFFFFFFFFFFFFFFFFFFFFFFFCD
:10133000FFFFFFFFFFFFFFFFFFFFFFFFFFFFFFFFBD
:10134000FFFFFFFFFFFFFFFFFFFFFFFFFFFFFFFFAD
:10135000FFFFFFFFFFFFFFFFFFFFFFFFFFFFFFFF9D
:10136000FFFFFFFFFFFFFFFFFFFFFFFFFFFFFFFF8D
:10137000FFFFFFFFFFFFFFFFFFFFFFFFFFFFFFFF7D
:10138000FFFFFFFFFFFFFFFFFFFFFFFFFFFFFFFF6D
:10139000FFFFFFFFFFFFFFFFFFFFFFFFFFFFFFFF5D
:1013A000FFFFFFFFFFFFFFFFFFFFFFFFFFFFFFFF4D
:1013B000FFFFFFFFFFFFFFFFFFFFFFFFFFFFFFFF3D
:1013C000FFFFFFFFFFFFFFFFFFFFFFFFFFFFFFFF2D
:1013D000FFFFFFFFFFFFFFFFFFFFFFFFFFFFFFFF1D
:1013E000FFFFFFFFFFFFFFFFFFFFFFFFFFFFFFFF0D
:1013F000FFFFFFFFFFFFFFFFFFFFFFFFFFFFFFFFFD
:10140000814205D051F8043B40F8043B8242F9D8B0
:10141000704700BF044A05494FF0000342F8043BFF
:101420009142FBD8704700BFC02A002060410020D5
:101430002DE98848BFF34F8F00BF00BF00BF00BF3A
:1014400001F064FA684B0822C3F8542100BF00BFC2
:1014500000BF00BF00BF00BF00BF00BF00BF00BF94
:1014600000BF00BF00BF00BF00BF00BF5F4A6049B0
:101470006048FFF7C5FF604A60496148FFF7C0FF59
:10148000604CFFF7C7FF4FF470004FF0E0210023DE
:101490005D4AC1F8880D44F823200133B02BFAD1FE
:1014A0005A4B80215A4A03F8011B9342FBD14FF05B
:1014B000E0254D4E4FF08039DFF884B1DFF884A18C
:1014C0004FF0FF31C5F8084D0027C6F80491C6F863
:1014D00000B1C6F8F490C6F8F0A0D5F8243DDFF8C6
:1014E000688143F4E0234B4AC5F8243DD8F81C300A
:1014F00023F07F0343F04003C8F81C30D8F82430B1
:1015000023F07F0343F04003C8F824309166D1668E
:101510001167516701F002FA3F4B4049A363404B0A
:10152000E36363236B610323AF612B613D4BC5F81C
:10153000203DD5F8FC3D43F08073C5F8FC3D3A4BA7
:101540001A6842F001021A605B680B6001F030FC1F
:10155000C6F804913548C6F800B1C6F8F490C6F84C
:10156000F0A001F019FED8F86C10314B314A41F46B
:101570004051C8F86C101F60C3F80871C3F81871A7
:10158000C3F82871C3F83871936BDB0708D442F6AF
:101590001563294951651365936B43F00103936308
:1015A000244A264C936843F00113936001F03EFAFD
:1015B00001F062FD01F0B8FD01F028FC01F0A8F98E
:1015C0002368132BFCD901F0B9FC2368B3F5967F8F
:1015D000FBD301F0A1F900F033FB01F019FE01F09B
:1015E000BBFD30BFFDE700BF00800D406C6A00000E
:1015F0003063006000000000C02A0020A0CD006021
:1016000000000020002800209938000000E400E0DD
:10161000A0E400E000C00A40912F0000D03E00206E
:101620009930000000002020001000E00046C32395
:101630000040084000400D400000C056D43E00204D
:101640001B1018200C0D111300C00F40054B4FF458
:101650002A01054A05485A641864054A9963954663
:10166000FFF7E6FE00C00A40ABAAAAAA07002000C6
:101670000080072001F080BD0D2070470EB42DE9D9
:10168000F04384B00BA951F8043B1A780091002A6A
:101690006CD0054600277E4E06E018781C46A84709
:1016A0006278631C002A61D0252AF6D158785C1C28
:1016B0002528F4D02D2807D198789C1CA0F1300360
:1016C000092B05D814F8010FA0F13003092BF9D923
:1016D0006C2808BF01342378002B47D0583B202BBF
:1016E000DED801A252F823F077170060A11600603F
:1016F000A1160060A1160060A1160060A11600608E
:10170000A1160060A1160060A1160060A11600607D
:10171000A11600607718006011180060A116006023
:10172000A1160060A1160060A1160060A11600605D
:10173000A1160060A1160060A1160060A11600604D
:10174000A1160060A1160060A1160060A11600603D
:10175000A116006001180060A1160060A5170060C6
:10176000A1160060A11600607717006004B0BDE804
:10177000F04303B07047009B4FF008091A1DD3F8DF
:10178000008000924FEA1873B8F1204F4FEA081812
:1017900003F1370038BF03F13000A847B9F1010960
:1017A000F0D17DE7009B8DF80F701A680433009329
:1017B000092AA6FB02304FEAD00000EB8003A2EB1F
:1017C000430303F130038DF80E305FD90DF10E0C99
:1017D0000A21A6FB003286460139D208BEF1090F64
:1017E00002EB8203A0EB4303104603F130030CF835
:1017F000013DEED801AB28461944FFF73FFF4FE704
:10180000009B28461A1D19680092FFF737FF47E72B
:10181000009BD3F800801A1DB8F1000F009230DB56
:10182000A6FB0830B8F1090F8DF80F704FEAD00011
:1018300000EB8003A8EB430303F130038DF80E3077
:1018400024DD0DF10E0C0A21A6FB0032864601397B
:10185000D208BEF1090F02EB8203A0EB430310464E
:1018600003F130030CF8013DEED801AB28461944D2
:10187000FFF704FF14E7009B1A1D18780092A84791
:101880000EE72D20C8F10008A847C9E70A21B1E7F3
:10189000CDCCCCCCF0B585B0002306460D4603AACE
:1018A000194600920F2201F087FC3046039C01F09C
:1018B000BBFC2A6807461C4924F001041B48FFF7BB
:1018C000DDFE1B4B23F00103A34225D024B32B687C
:1018D00003B1023C224617491448174CFFF7CEFECD
:1018E0003A4616491148FFF7C9FE226842B92B68EB
:1018F0000133202B2B6014BF0020052005B0F0BD64
:1019000003AB039230460E2200930023194601F0E8
:10191000E7FB00232360EAE709490448FFF7AEFE2E
:10192000052005B0F0BD00BF4C32006075160060A8
:10193000451C00606C320060143D0020783200606D
:101940005432006010B530B1044601F0D5FB0146B9
:10195000204601F055FC034801F046FCBDE810406C
:1019600001F006BC5021002008B501F001FC642004
:10197000BDE8084000F00CBC4FF0E0214FF6FF0C32
:101980000002064BD1F80C2D00F4E06002EA0C02D4
:1019900010430343C1F80C3D704700BF0000FA0537
:1019A00008B50646144D01F0DBFBFFF765FE044663
:1019B000012105EB041501F0BBFB104801F0ECFB25
:1019C000A6B100242B684FF49670EA680134C3F87E
:1019D0008420E4B200F0DCFB2B68EA684FF49670D8
:1019E000C3F8882000F0D4FBA642EBD14FF4FA6094
:1019F00000F0CEFBE4E700BFB00600200024F400B6
:101A0000022008B5FFF7CCFF80B51E4682B017460E
:101A10004FF0200383F31188BFF36F8FBFF34F8F15
:101A2000DFF868C00B46164C1021164D02468CF8A4
:101A3000711004F138012846FFF720FE3A4604F100
:101A400050012846FFF71AFE324604F15801284695
:101A5000FFF714FE04F160012846FFF70FFEFFF7C1
:101A600083FF002301A90848019301F0C5FB284624
:101A700004F17401FFF702FE0120FFF791FF00BFA0
:101A80004C320060751600609518006000E400E0BC
:101A9000002008B5FFF784FF70B58EB0194C07A879
:101AA00000F0A8FB05A800F0D9FB079A089E0D9B43
:101AB000921B15489B0A920ADDE90951890AAD0A71
:101AC00002910B990395890A01910C99890A009159
:101AD00004F17801FFF7D2FD0B48DDE90523D11AA7
:101AE0009B0A920A890A009104F1E801FFF7C6FDFA
:101AF00004F590710448FFF7C1FDFFF735FF0EB004
:101B000070BD00BF4C3200607516006000B585B036
:101B100001F01EFB01282CD0184803684BB3EFF3EB
:101B200005835BB91A4619460068009301F050FB23
:101B3000012005B05DF804EB01F06EBB002303A9A2
:101B400000681A460393CDE90031194601F0CCFA3A
:101B5000039B4BB14FF0E0234FF08052C3F8042DAC
:101B6000BFF34F8FBFF36F8FBFF34F8F05B05DF89B
:101B700004FB05B05DF804EB00F09EBA9C38002031
:101B800008B58C460868084B49681A4603C3BCF878
:101B900008C006480649A3F800C0FFF76FFDFFF72D
:101BA000E3FE0320FFF7FCFEA4380020751600605A
:101BB00070330060044B10B403608023034C0C604E
:101BC0005DF8044B13607047902C0020402E0020DD
:101BD000054B10B403604FF4C073044C0C605DF807
:101BE000044B1360704700BF40300020F0310020EC
:101BF00070B50F4D044601F08FFA0E4A00230E4EC9
:101C000001F086FA2B68C318686840EB0101A868E8
:101C10000244B242A260C4E9003107DD0133074843
:101C200041F100011044C4E90031A060002070BD02
:101C3000802C002040420F003F420F00C0BDF0FF4B
:101C400000F058B90D4B00221B6800B5013383B07A
:101C500001920DD14FF0200383F31188BFF36F8FF2
:101C6000BFF34F8F019B002BFCD003B05DF804FB4A
:101C7000034BF621034A0448FFF7C6FEE425002083
:101C8000380E002030050020CC4F0060034621F0C4
:101C90000101094810B44FF0807443F80C0C43F86C
:101CA000202CA3F1440043E902146FF002015DF817
:101CB000044B43F8241C7047451C006008B501F034
:101CC000AFFA01F0B5FA01F087FA01F0B1FA4FF07E
:101CD000E02200231361936183F31188064B1B6894
:101CE000B3F57A7F00D108BD044B40F2E711044AF6
:101CF0000448FFF789FE00BFE4250020540E0020B1
:101D000078050020085000604FF0E0230022632097
:101D100003211A619A615861196170470948006886
:101D2000006880F30888BFF36F8F4FF0000080F3E6
:101D3000148862B661B6BFF34F8FBFF36F8F00DFB9
:101D400000BF000008ED00E0DFF80C00016841F47E
:101D5000700101607047000088ED00E04FF0E02363
:101D60004F4AD3F8001D914230B583B06DD0D3F8FF
:101D7000002D4C4B9A426FD04B4B0022FF204B4919
:101D800001921A78D2B28DF8022018701B78DBB25B
:101D90008DF803309DF8033003F020030B70002B07
:101DA00061D09DF80330DB4313F0200209D061E0DD
:101DB000019B013301939DF803305B00DBB28DF88A
:101DC00003309DF803301B06F2D4019B082B05D08D
:101DD000019BC3F107031B0203F4E0629DF802308C
:101DE0004FF0E024304900253148DBB202600B702F
:101DF000D4F8203D43F47F03C4F8203DD4F8203DBF
:101E000043F07F43C4F8203DC4F81C5D00F046FA5F
:101E1000D4F8083D274AD96A914232D1264A9B6BB1
:101E2000934235D1254B1D60FFF78EFFD4F8343F28
:101E300043F04043C4F8343FFFF770FF01F0B4F9BA
:101E4000FFF700FF284603B030BD1D4B40F23911AB
:101E50001C4A1D48FFF7D8FD1C4B4FF49D71194AD1
:101E60001B48FFF7D1FD1B4B40F25B11154A1A4886
:101E7000FFF7CAFD194B40F25F11124A1848FFF7ED
:101E8000C3FD184B40F2B7110E4A1748FFF7BCFDCF
:101E9000164B4FF4DC710B4A1548FFF7B5FD00BF38
:101EA00071C20F4170C20F4100E400E031410020D7
:101EB0007C3F0020ED2300000D240000E4250020DD
:101EC000700E00200C06002044500060B00E002070
:101ED00080500060F00E0020BC500060080F002011
:101EE000F8500060400F0020345100606C0F00205B
:101EF0007051006008B54FF0E0214FF47F00174BA0
:101F00000022C1F8200D83F87120BFF34F8FBFF37B
:101F10006F8F1349042001F033F9124B0246124926
:101F200004201A6001F02CF91049042001F028F96E
:101F30000F49012001F024F90E49042001F020F995
:101F40000D49012001F01CF90C49012001F018F99C
:101F50000B490120BDE8084001F012B900E400E09F
:101F6000F837002060380020B83A0020803900207F
:101F700018390020503A0020203B0020E83900208A
:101F8000B038002038B50546682001F0FDF8044659
:101F90000120214601F0F4F82C6038BD10B504464C
:101FA00001F0D6F8012800D110BD20464FF0FF31D6
:101FB000BDE8104001F0ECB810B5044601F0C8F8D7
:101FC000012801D1002010BD20460021BDE81040AD
:101FD00001F0DEB810B5044601F0BAF8012800D1CE
:101FE00010BD002320461A461946BDE8104001F0F6
:101FF000D7B800BF10B5044601F0E2F82046BDE8AE
:10200000104001F0EDB800BF38B50546682001F07A
:10201000BBF804460420214601F0B2F82C6038BD1C
:1020200010B5044601F094F8012800D110BD2046F7
:102030004FF0FF31BDE8104001F082B810B5044602
:1020400001F086F8012801D1002010BD20460021B2
:10205000BDE8104001F074B810B5044601F078F8FE
:10206000012800D110BD2046BDE8104001F058B84D
:1020700010B5044601F0A4F82046BDE8104001F078
:10208000AFB800BF00B58BB0684601F0D9F808982A
:102090000BB05DF804FB00BF714611F0040F03D0D4
:1020A000EFF3098000F046B9EFF3088000F042B981
:1020B000042008B5FFF774FC2DE9F8432D4B1E787A
:1020C00066B12D4F3B784BB90123F1073B7043D4E8
:1020D000B20726D400233B70730701D4BDE8F88310
:1020E000264B1A68002AF9D0EFF30582002AF5D1B1
:1020F000EFF3108572B61868002834D0204C217890
:10210000002930D10122227042691A60002A2ED0A3
:10211000916105B962B600258368457798472570B7
:10212000DCE7DFF8648098F80030002BD2D000257F
:10213000DFF858902B4659F8234001352368204694
:102140001B69984710B163699B68984798F800200D
:10215000EBB29A42EFD8BDE701F036F80028B7D0CD
:10216000AFF30080B4E7002DB8D162B6B6E7054BF7
:102170001A60CEE736410020284100206C3800204C
:102180002641002078380020274100207C3800209C
:10219000164A4FF4FA7138B512680546002300203C
:1021A00000F0B6FF124B092DA3FB05234FEAD30C19
:1021B0000CEB8C04A5EB440400FB04F40CD900EBFD
:1021C00080000021400020B1002300BF0133834282
:1021D000FBD101318C45F6D824B1002300BF013377
:1021E0009C42FBD1BFF36F8F38BD00BFCC3E0020B7
:1021F000CDCCCCCC1249134BF0B50D688BB0124E40
:1022000004465D1B03F160436846F703A5F50055DE
:1022100003EBC63601F014F8089B0C492B440C4A1A
:102220000798521AA3610B490B4BE06020465B1ADA
:102230002660C4E90175C4E904230BB0F0BD00BFFA
:10224000742500200080072001000000C02A002023
:102250006041002000000020C02A002010B4054C7E
:102260004FF40021044A121B5DF8044BC0E9001230
:10227000704700BF80302020000028200449054A14
:102280000978054B09059B1ACB1AC0E90013704762
:102290002A410020000000700000007010B572B6E6
:1022A00000244FF0E0220123194914611948946178
:1022B000194C02E00133B02B08D051F823208242A0
:1022C000F8D141F823400133B02BF6D1134A144B17
:1022D0001448154C0C60C86200208A63CB63FFF77A
:1022E0004BFB124B8021124A03F8011B9342FBD196
:1022F000BFF34F8FBFF36F8F4FF0E02363210322B3
:1023000059611A6100F000FFBDE8104000F0E4BE22
:102310000028002099380000992000600D2400005A
:10232000ED240000ED2300000080072000E400E021
:10233000A0E400E02DE9F041044692B005460E46C7
:10234000EFF30587DFF808834FF0E0238269C8F8D0
:10235000847008F1A80848F8102CD3F8282D48F804
:10236000202CD3F82C2D48F81C2CD3F8342D48F809
:10237000182CD3F8383D48F8143CC36948F80C3C95
:1023800000F0F2FE08ED020A00F012FF0B2348F8FD
:10239000040C4FF0FF31AC48AC4A48F8283C00F13F
:1023A000040E59404FF0200C01F00103BCF1010C68
:1023B00002FB03F383EA5101F6D1C64502D043681C
:1023C0007046ECE7A24BC3F8A810BFF34F8F4FF055
:1023D000E0288033C8F8703F2033C8F8703FBFF35F
:1023E0004F8FBFF36F8F9B49C7F308029A48FFF7DF
:1023F00045F92A4699499848FFF740F932469849E5
:102400009548FFF73BF9226896499348FFF736F95C
:10241000626895499048FFF731F9A26893498E4860
:10242000FFF72CF9E26892498B48FFF727F92269F8
:1024300090498948FFF722F962698F498648FFF77A
:102440001DF9A2698D498448FFF718F9E2698C49A2
:102450008148FFF713F9D8F8286D8A497E4832463B
:10246000FFF70CF9002E38D0F30700F1B880B7075A
:1024700000F1E580300700F1DD80F10600F15A81BE
:10248000B20600F15C81330600F1B080F70500F17F
:10249000B480B00500F12681710500F12D8132056F
:1024A00000F14381F30400F15481B70400F133815A
:1024B000300400F1A980F10300F1AD80B20300F116
:1024C0001681730300F11D81370300F12981F001AA
:1024D00000F13A81B10100F119814FF0E0236A491E
:1024E0005D48D3F82C6D3246FFF7C8F82EB1B2071D
:1024F00000F19680730000F198804FF0E026634968
:102500005548D6F8302DFFF7B9F8D6F83C2D60497C
:102510005148FFF7B3F8D6F8382D5E494E48FFF71B
:10252000ADF8D6F8342D5C494B48FFF7A7F800F01A
:102530000FFE01283BD1594920354748FFF79EF847
:102540004422002101A800F0F7FD01AA0F95D4E96B
:102550000013CDE90213D4E902035149CDE9040384
:102560002069A3690E906069109300230860694692
:102570004C48009300F03CFE4B493748FFF77EF88B
:10258000FFF7F2F9494BA361BFF34F8FBFF36F8F92
:102590004FF0200383F31188BFF36F8FBFF34F8F8A
:1025A000434B102283F8712012B0BDE8F081284619
:1025B00000F0A6FD0646002000F03EFE3D49024622
:1025C0002548FFF75BF846B1304600F035FE02467D
:1025D00039492148FFF752F8ADE7384AF8E738495A
:1025E0001D48FFF74BF833067FF550AF35491A48C1
:1025F000FFF744F8F7057FF54CAF17483249FFF76E
:102600003DF830047FF557AF30491348FFF736F8EF
:10261000F1037FF553AF2E490F48FFF72FF85CE722
:102620002C490D48FFF72AF867E72B490A48FFF7BE
:1026300025F862E729490848FFF720F823E72849E9
:102640000548FFF71BF81EE780FF27202083B8ED21
:1026500000FF2720A452006075160060BC52006085
:10266000D4520060EC520060045300601C530060C0
:10267000345300604C530060645300607C5300602E
:1026800094530060AC5300607C570060E8570060D2
:102690000058006018580060305800608058006092
:1026A000143D00209518006094580060B12000602F
:1026B00000E400E048580060645800609C520060EC
:1026C000C4530060B0540060E054006044560060A1
:1026D0007056006094570060C45700601C5400603E
:1026E000F45300601D491E48FEF7C8FFE0E61D498F
:1026F0001B48FEF7C3FFF0E61B491948FEF7BEFF73
:10270000D6E61A491648FEF7B9FFE6E61849144816
:10271000FEF7B4FFE1E617491148FEF7AFFFC7E641
:1027200015490F48FEF7AAFFD7E614490C48FEF7F3
:10273000A5FFBDE612490A48FEF7A0FFA3E611492E
:102740000748FEF79BFF9EE60F490548FEF796FFF8
:10275000C3E60E490248FEF791FFA9E6085500605E
:1027600075160060985600603C550060D0560060B9
:102770005857006008560060045700608455006098
:102780004C5400607C54006028570060CC550060B9
:102790002DE9F04F95B0002800F0908004680546C0
:1027A000002C00F0928022464B494C48FEF766FF11
:1027B0002A684B494948FEF761FF2A6C4949474856
:1027C000FEF75CFF2A6D48494448FEF757FF236A2D
:1027D000464903F010034148002B15BF30237023F6
:1027E0002C226C2215BF402680264FF0440A4FF061
:1027F000840A15BF4FF03C0B4FF07C0B3427742735
:1028000015BF4FF028084FF068084FF024094FF02B
:10281000640914BF3825782501930092FEF72EFF36
:102820002168009A019B54F802E054F803C004EBBD
:102830000A0354F8088054F80990E75954F80B003B
:1028400008916168226A0991A168CDF810900A91F7
:10285000E168CDF814800B912169CDF818E00C9156
:102860006169CDF81CC00D91A1690E91E1691097C5
:102870000F91002112901193139142F3001102F075
:1028800010020391A159890501D50433119312B99E
:10289000119B4833119364590023154803AA02A9D8
:1028A00002930460134800F0A3FC13490B48FEF7A1
:1028B000E5FEFFF759F815B0BDE8F08F0F4B40F279
:1028C0003D210F4A0F48FFF79FF80F4B4FF410714F
:1028D0000B4A0C48FFF798F898580060751600608E
:1028E000AC580060C4580060D4580060EC580060D8
:1028F000143D002095180060005900609C0F0020D6
:10290000AC0F002058160020DC0F0020704700BFDD
:10291000704700BF704700BF00BF704710B44FF052
:10292000E023002110243148C3F8941DC3F89C4DC6
:102930001124C3F8A00D2E48C3F89C4D1224C3F8EF
:10294000A00D2C48C3F89C4D2B4AC3F8A00D2B4C6E
:1029500042F015022A48C3F89C4DC3F8A00D294C3B
:102960002948C3F89C4DC3F8A00D284CC3F89C2DF2
:102970002748284AC3F8A04DC3F89C0DC3F8A02DE2
:1029800002F5A022244C0C322448C3F89C4DC3F815
:10299000A02D234AC3F89C0D224CC3F8A02D02F1B0
:1029A0004062C3F89C4D2048C3F8A02D0C32C3F8F8
:1029B0009C0DC3F8A02D00BF00BF00BF00BF00BF2B
:1029C0000122C3F8942DBFF34F8FBFF36F8FC3F86D
:1029D000501FBFF34F8FBFF36F8FD3F8142D5DF8E7
:1029E000044B42F44032C3F8142D70473F000010EE
:1029F0002500080709001000604100201300200096
:102A0000210002071400002025000813090000100F
:102A10001600202027000B1317000040180000604C
:102A20002F000B07190000701A000080F0B5B84B9A
:102A30001822B84E0120B84F83B0C3F85C62B74982
:102A4000C3F86072B64DC3F86462A6F53046B54C63
:102A5000C3F86862C3F86C52C3F87052C3F874527A
:102A6000C3F8785248F20C75DA661A675A679A67A3
:102A7000DA67C3F88020C3F88420C3F88820C1F83F
:102A80002C03A94AC1F83003C1F83403C1F8380354
:102A9000C1F83C03C1F85003A169A44B0A40A44803
:102AA000A4491343A44AA361D4F8843043F00C032F
:102AB000C4F884304FF0FF34036843F0020303602E
:102AC00003682B404FF400551A439C4B026044604E
:102AD0008A689B4C13409B4A43F000538360C36851
:102AE00023F07803C360036A134023430362036A3D
:102AF0001340954A2343954C43628262C26200228E
:102B0000D1F8B83023F03F0343F00103C0F8B830E8
:102B1000D1F8BC308E4923F03F0343F00103C0F8E5
:102B2000BC3040F20563026105660467C0F880307E
:102B3000456644670224C0F88430036823F002032A
:102B400003608161834B8449C46143F8042B8B4249
:102B5000FBD1774A136843F001031360136813F045
:102B60000103FBD17A48022140F2F564906140F202
:102B70009940D16140F26641C2F8004242F20144FC
:102B8000C2F810127549C2F82002C2F8301240F2A1
:102B900035417348C2F83442C2F84012714CC2F851
:102BA000500242F201207049C2F854120121C2F8C9
:102BB0006042C2F864025E48C2F8A030C2F8A43095
:102BC000C2F8B0104369DA07FCD5012300244FF4A2
:102BD000803257494361C0F8A040C0F8A420C0F833
:102BE000B0304B69DB07FCD5012300244FF40030E3
:102BF0004F4A4B61C1F8A040C1F8A400C1F8B03001
:102C00005369DF07FCD50123002458484849536124
:102C1000C2F8A040C2F8A400C2F8B0304B69DE0789
:102C2000FCD5D1F8003145F60D5221209BB2486108
:102C3000934265D100244FF4802201233C48C1F81F
:102C4000A040C1F8A420C1F8B0304369DD07FCD52D
:102C500001234FF400040021354A4361C0F8A0402D
:102C6000C0F8A410C0F8B0305369DC07FCD50123CC
:102C70004FF400044FF480302D495361C2F8A04056
:102C8000C2F8A400C2F8B0304B69D807FCD50123C4
:102C90004FF400044FF40030254A4B61C1F8A040C6
:102CA000C1F8A400C1F8B0305369D907FCD501239D
:102CB0004FF400042D481E495361C2F8A040C2F8E9
:102CC000A400C2F8B0304B69DA07FCD5D1F8003166
:102CD00045F60D5221209BB24861934250D0082501
:102CE0004FF4000422490020224B234A0090157023
:102CF0005A1A01232148224400F026FA03B0F0BDFD
:102D00001E4B0022C3E90022C3E9022203B0F0BD3A
:102D100000801F40F9B00100F910010000841F403D
:102D2000F970010000C00F40FFFCFF1F000300A06E
:102D300000402A4000802A401200FFFFFF37F700C2
:102D40004000008000FFF07CFF000F836300020062
:102D5000F05AF05A00422A4000432A409F0418309B
:102D6000EB06180A3806180A06320126040003008A
:102D700000000070000000702A410020043D002087
:102D80004FF400044FF4802201230848C1F8A0400A
:102D9000C1F8A420C1F8B0304369DB07FCD501239A
:102DA00010254FF0807443619CE700BF00402A402B
:102DB000F0B4154A40274FF480314FF480564FF459
:102DC00000554FF4404443F24200136913F0020FE0
:102DD0000ED113F4005F0FD013F4805F0ED0002BE0
:102DE000F3DA13F4803F0BD15B060BD5F0BC7047D0
:102DF000946151619061E8E75561E6E75661E4E767
:102E00009161E2E75761E0E700800D403F4A03200F
:102E10003F49F3EE095AD2F880304FF0000C9FED95
:102E20003D6A23F001039FED3C5A30B4C2F8803074
:102E3000C2F89000D1F8E010384DCBB2384C394888
:102E40002B6007EE903A0B0DC1F30B21F8EEE77AF9
:102E500006EE903A07EE101A334BB8EEC77A2160AF
:102E6000F8EEE66A314937EEC66A37EEC55A76EEB5
:102E7000C76A77EEE57A26EE266AC3ED006A25EE8C
:102E8000265AD2F8803067EEA64AC0ED007AC6EE28
:102E9000275A274885EE276AC4EEA76A75EE875A37
:102EA000FCEEE55A36EE076A15EE904ABCEEC66AAD
:102EB00043EA045376EE877AC2F8803016EE103A71
:102EC000D2F89041FCEEE77A01EA0341214317EE84
:102ED000903AC2F89011C3F30B03D2F890110B4350
:102EE0001449C2F89031D2F8803043F00203C2F89E
:102EF0008030114B80F840C0C1F840314FF0E023E2
:102F0000012230BCC3F80821704700BF00810D408A
:102F100000441F400000AA420000B442C03E00200E
:102F2000BC3E0020C43E0020C83E00200000FF0F31
:102F300000E400E000280020293A0000314B40F670
:102F4000617210B5C3F8202140F2044400F0D0F8BB
:102F50002D4A2E49D2F880302D4843F00303C2F8A1
:102F600080302C4BC1F8604102681A4203D1D1F87D
:102F7000A8319A071BD0254A4FF00041244B5963D2
:102F8000D2F8403143F00203C2F84031D2F8403168
:102F90009B07FBD44FF400304FF0E0211C4B4FF067
:102FA0000042C1F88C0219209A6300F02DF9184AEA
:102FB0004FF08040154C002190630A20164B1160A1
:102FC0004FF42072C4F8A801184600F0B5F84FF489
:102FD000800203464FF4810040F243111860C4F8A8
:102FE00058311A640D4B0E4AC4F84811C3F8042234
:102FF0004FF0E0224FF400310123C2F80C11C4F865
:10300000403110BD00800D4000C00F4000002E4038
:1030100000900D40001C1E00000000200028002031
:10302000113C000008B50E4B1B6E9B0700D4FBBE85
:1030300072B60C4B00200C4AC3F8400103F1604308
:103040000A49A3F55F2311649D46BFF34F8F4FF4E8
:1030500000130748074ADB6902609B68984700BF76
:1030600000441F4000002E4000C00A400300200022
:1030700000802020000012EB104BA020104AD96ED7
:1030800041F4403110B4D96640F23764D96E41F44E
:103090004071D96654649064936C1B06FCD4094A51
:1030A00040F23761A02351649364936C13F0800362
:1030B000FBD1054A13705DF8044B704700C00F4008
:1030C00000400C4000800C4029410020F8B500BFB2
:1030D000F8BC08BC9E4670475FF800F079230000FA
:1030E0005FF800F0D15200005FF800F01D1A0000F8
:1030F0005FF800F0814300005FF800F041650000D8
:103100005FF800F0891C00005FF800F0C5020000C5
:103110005FF800F01D4C00005FF800F02100000097
:103120005FF800F0552A00005FF800F081370000DA
:103130005FF800F0ED3400005FF800F0D1630000AC
:103140005FF800F0E92D00005FF800F0994B0000F7
:103150005FF800F0091400005FF800F05D35000032
:103160005FF800F0BD0D00005FF800F02D3A0000A0
:103170005FF800F0B94A00005FF800F0254A00004F
:103180005FF800F0DD2900005FF800F03D5E000010
:103190005FF800F0312C00005FF800F0DD30000037
:1031A0005FF800F02D2800005FF800F0911000009B
:1031B0005FF800F0753800005FF800F085520000FD
:1031C0005FF800F0312E00005FF800F07D4900004C
:1031D0005FF800F0411800005FF800F0D121000016
:1031E0005FF800F04D5E00005FF800F0C1300000B5
:1031F0005FF800F0195300005FF800F0955A0000E6
:103200005FF800F0514A00005FF800F0CD33000095
:103210005FF800F0DD6400005FF800F0B10F00001F
:103220005FF800F0411000005FF800F09D5D0000C5
:103230005FF800F0C10B00005FF800F01110000013
:0C3240005FF800F0BD630000C900000052
:10324C0009232564000000003A095B5461736B206C
:10325C00656E74727920706F696E745D0D0A000072
:10326C003A0930782530347800000000205B307843
:10327C00253034785D0D0A000D0A415353455254E4
:10328C0020696E205B25733A25755D0900000000EE
:10329C00257328293A20000025730D0A0000000030
:1032AC000D0A537461636B2074726163653A0D0A85
:1032BC00000000000D0A000052414D312073697A64
:1032CC00653A202575204B422C206672656520528C
:1032DC00414D313A202575204B422C20646174619C
:1032EC0020757365643A202575204B422C2062733F
:1032FC007320757365643A202575204B422C20751C
:10330C0073656420686561703A202575204B422CEA
:10331C002073797374656D20667265653A20257526
:10332C00204B420D0A00000052414D322073697A45
:10333C00653A202575204B422C206672656520521B
:10334C00414D323A202575204B422C207573656413
:10335C002052414D323A202575204B420D0A000077
:10336C000D0A0000535441434B204F564552464CD6
:10337C004F573A2025730D0A000000005F736272EC
:10338C006B5F72282564293A206E6F206D656D2065
:10339C00617661696C61626C652E0D0A000000003B
:1033AC002E70696F5C6C6962646570735C746565C2
:1033BC006E737934315C6672656572746F732D74DB
:1033CC0065656E73795C7372635C7461736B732E79
:1033DC00630000002E70696F5C6C696264657073C9
:1033EC005C7465656E737934315C66726565727494
:1033FC006F732D7465656E73795C7372635C746145
:10340C00736B732E630000002E70696F5C6C6962C5
:10341C00646570735C7465656E737934315C667267
:10342C00656572746F732D7465656E73795C7372F8
:10343C00635C7461736B732E630000002E70696F94
:10344C005C6C6962646570735C7465656E73793409
:10345C00315C6672656572746F732D7465656E731D
:10346C00795C7372635C7461736B732E6300000020
:10347C002E70696F5C6C6962646570735C746565F1
:10348C006E737934315C6672656572746F732D740A
:10349C0065656E73795C7372635C7461736B732EA8
:1034AC00630000002E70696F5C6C696264657073F8
:1034BC005C7465656E737934315C667265657274C3
:1034CC006F732D7465656E73795C7372635C746174
:1034DC00736B732E630000002E70696F5C6C6962F5
:1034EC00646570735C7465656E737934315C667297
:1034FC00656572746F732D7465656E73795C737228
:10350C00635C7461736B732E630000002E70696FC3
:10351C005C6C6962646570735C7465656E73793438
:10352C00315C6672656572746F732D7465656E734C
:10353C00795C7372635C7461736B732E630000004F
:10354C002E70696F5C6C6962646570735C74656520
:10355C006E737934315C6672656572746F732D7439
:10356C0065656E73795C7372635C7461736B732ED7
:10357C00630000002E70696F5C6C69626465707327
:10358C005C7465656E737934315C667265657274F2
:10359C006F732D7465656E73795C7372635C7461A3
:1035AC00736B732E630000002E70696F5C6C696224
:1035BC00646570735C7465656E737934315C6672C6
:1035CC00656572746F732D7465656E73795C737257
:1035DC00635C7461736B732E630000002E70696FF3
:1035EC005C6C6962646570735C7465656E73793468
:1035FC00315C6672656572746F732D7465656E737C
:10360C00795C7372635C7461736B732E630000007E
:10361C002E70696F5C6C6962646570735C7465654F
:10362C006E737934315C6672656572746F732D7468
:10363C0065656E73795C7372635C7461736B732E06
:10364C00630000002E70696F5C6C69626465707356
:10365C005C7465656E737934315C66726565727421
:10366C006F732D7465656E73795C7372635C7461D2
:10367C00736B732E630000002E70696F5C6C696253
:10368C00646570735C7465656E737934315C6672F5
:10369C00656572746F732D7465656E73795C737286
:1036AC00635C7461736B732E630000002E70696F22
:1036BC005C6C6962646570735C7465656E73793497
:1036CC00315C6672656572746F732D7465656E73AB
:1036DC00795C7372635C7461736B732E63000000AE
:1036EC002E70696F5C6C6962646570735C7465657F
:1036FC006E737934315C6672656572746F732D7498
:10370C0065656E73795C7372635C7461736B732E35
:10371C00630000002E70696F5C6C69626465707385
:10372C005C7465656E737934315C66726565727450
:10373C006F732D7465656E73795C7372635C746101
:10374C00736B732E630000002E70696F5C6C696282
:10375C00646570735C7465656E737934315C667224
:10376C00656572746F732D7465656E73795C7372B5
:10377C00635C7461736B732E630000002E70696F51
:10378C005C6C6962646570735C7465656E737934C6
:10379C00315C6672656572746F732D7465656E73DA
:1037AC00795C7372635C7461736B732E63000000DD
:1037BC002E70696F5C6C6962646570735C746565AE
:1037CC006E737934315C6672656572746F732D74C7
:1037DC0065656E73795C7372635C7461736B732E65
:1037EC00630000002E70696F5C6C696264657073B5
:1037FC005C7465656E737934315C66726565727480
:10380C006F732D7465656E73795C7372635C746130
:10381C00736B732E630000002E70696F5C6C6962B1
:10382C00646570735C7465656E737934315C667253
:10383C00656572746F732D7465656E73795C7372E4
:10384C00635C7461736B732E630000002E70696F80
:10385C005C6C6962646570735C7465656E737934F5
:10386C00315C6672656572746F732D7465656E7309
:10387C00795C7372635C7461736B732E630000000C
:10388C002E70696F5C6C6962646570735C746565DD
:10389C006E737934315C6672656572746F732D74F6
:1038AC0065656E73795C7372635C7461736B732E94
:1038BC00630000002E70696F5C6C696264657073E4
:1038CC005C7465656E737934315C667265657274AF
:1038DC006F732D7465656E73795C7372635C746160
:1038EC00736B732E630000002E70696F5C6C6962E1
:1038FC00646570735C7465656E737934315C667283
:10390C00656572746F732D7465656E73795C737213
:10391C00635C7461736B732E630000002E70696FAF
:10392C005C6C6962646570735C7465656E73793424
:10393C00315C6672656572746F732D7465656E7338
:10394C00795C7372635C7461736B732E630000003B
:10395C002E70696F5C6C6962646570735C7465650C
:10396C006E737934315C6672656572746F732D7425
:10397C0065656E73795C7372635C7461736B732EC3
:10398C00630000002E70696F5C6C69626465707313
:10399C005C7465656E737934315C667265657274DE
:1039AC006F732D7465656E73795C7372635C74618F
:1039BC00736B732E630000002E70696F5C6C696210
:1039CC00646570735C7465656E737934315C6672B2
:1039DC00656572746F732D7465656E73795C737243
:1039EC00635C7461736B732E630000002E70696FDF
:1039FC005C6C6962646570735C7465656E73793454
:103A0C00315C6672656572746F732D7465656E7367
:103A1C00795C7372635C7461736B732E630000006A
:103A2C002E70696F5C6C6962646570735C7465653B
:103A3C006E737934315C6672656572746F732D7454
:103A4C0065656E73795C7372635C7461736B732EF2
:103A5C00630000002E70696F5C6C69626465707342
:103A6C005C7465656E737934315C6672656572740D
:103A7C006F732D7465656E73795C7372635C7461BE
:103A8C00736B732E630000002E70696F5C6C69623F
:103A9C00646570735C7465656E737934315C6672E1
:103AAC00656572746F732D7465656E73795C737272
:103ABC00635C7461736B732E630000002E70696F0E
:103ACC005C6C6962646570735C7465656E73793483
:103ADC00315C6672656572746F732D7465656E7397
:103AEC00795C7372635C7461736B732E630000009A
:103AFC002E70696F5C6C6962646570735C7465656B
:103B0C006E737934315C6672656572746F732D7483
:103B1C0065656E73795C7372635C7461736B732E21
:103B2C00630000002E70696F5C6C69626465707371
:103B3C005C7465656E737934315C6672656572743C
:103B4C006F732D7465656E73795C7372635C7461ED
:103B5C00736B732E630000002E70696F5C6C69626E
:103B6C00646570735C7465656E737934315C667210
:103B7C00656572746F732D7465656E73795C7372A1
:103B8C00635C7461736B732E630000002E70696F3D
:103B9C005C6C6962646570735C7465656E737934B2
:103BAC00315C6672656572746F732D7465656E73C6
:103BBC00795C7372635C7461736B732E63000000C9
:103BCC002E70696F5C6C6962646570735C7465659A
:103BDC006E737934315C6672656572746F732D74B3
:103BEC0065656E73795C7372635C7461736B732E51
:103BFC00630000002E70696F5C6C696264657073A1
:103C0C005C7465656E737934315C6672656572746B
:103C1C006F732D7465656E73795C7372635C74611C
:103C2C00736B732E630000002E70696F5C6C69629D
:103C3C00646570735C7465656E737934315C66723F
:103C4C00656572746F732D7465656E73795C7372D0
:103C5C00635C7461736B732E630000002E70696F6C
:103C6C005C6C6962646570735C7465656E737934E1
:103C7C00315C6672656572746F732D7465656E73F5
:103C8C00795C7372635C7461736B732E63000000F8
:103C9C002E70696F5C6C6962646570735C746565C9
:103CAC006E737934315C6672656572746F732D74E2
:103CBC0065656E73795C7372635C7461736B732E80
:103CCC00630000002E70696F5C6C696264657073D0
:103CDC005C7465656E737934315C6672656572749B
:103CEC006F732D7465656E73795C7372635C74614C
:103CFC00736B732E630000002E70696F5C6C6962CD
:103D0C00646570735C7465656E737934315C66726E
:103D1C00656572746F732D7465656E73795C7372FF
:103D2C00635C7461736B732E630000002E70696F9B
:103D3C005C6C6962646570735C7465656E73793410
:103D4C00315C6672656572746F732D7465656E7324
:103D5C00795C7372635C7461736B732E6300000027
:103D6C002E70696F5C6C6962646570735C746565F8
:103D7C006E737934315C6672656572746F732D7411
:103D8C0065656E73795C7372635C7461736B732EAF
:103D9C00630000002E70696F5C6C696264657073FF
:103DAC005C7465656E737934315C667265657274CA
:103DBC006F732D7465656E73795C7372635C74617B
:103DCC00736B732E630000002E70696F5C6C6962FC
:103DDC00646570735C7465656E737934315C66729E
:103DEC00656572746F732D7465656E73795C73722F
:103DFC00635C7461736B732E630000002E70696FCB
:103E0C005C6C6962646570735C7465656E7379343F
:103E1C00315C6672656572746F732D7465656E7353
:103E2C00795C7372635C7461736B732E6300000056
:103E3C002E70696F5C6C6962646570735C74656527
:103E4C006E737934315C6672656572746F732D7440
:103E5C0065656E73795C7372635C7461736B732EDE
:103E6C00630000002E70696F5C6C6962646570732E
:103E7C005C7465656E737934315C667265657274F9
:103E8C006F732D7465656E73795C7372635C7461AA
:103E9C00736B732E630000002E70696F5C6C69622B
:103EAC00646570735C7465656E737934315C6672CD
:103EBC00656572746F732D7465656E73795C73725E
:103ECC00635C7461736B732E630000002E70696FFA
:103EDC005C6C6962646570735C7465656E7379346F
:103EEC00315C6672656572746F732D7465656E7383
:103EFC00795C7372635C7461736B732E6300000086
:103F0C002E70696F5C6C6962646570735C74656556
:103F1C006E737934315C6672656572746F732D746F
:103F2C0065656E73795C7372635C7461736B732E0D
:103F3C00630000002E70696F5C6C6962646570735D
:103F4C005C7465656E737934315C66726565727428
:103F5C006F732D7465656E73795C7372635C7461D9
:103F6C00736B732E630000002E70696F5C6C69625A
:103F7C00646570735C7465656E737934315C6672FC
:103F8C00656572746F732D7465656E73795C73728D
:103F9C00635C7461736B732E630000002E70696F29
:103FAC005C6C6962646570735C7465656E7379349E
:103FBC00315C6672656572746F732D7465656E73B2
:103FCC00795C7372635C7461736B732E63000000B5
:103FDC002E70696F5C6C6962646570735C74656586
:103FEC006E737934315C6672656572746F732D749F
:103FFC0065656E73795C7372635C7461736B732E3D
:10400C00630000002E70696F5C6C6962646570738C
:10401C005C7465656E737934315C66726565727457
:10402C006F732D7465656E73795C7372635C746108
:10403C00736B732E630000002E70696F5C6C696289
:10404C00646570735C7465656E737934315C66722B
:10405C00656572746F732D7465656E73795C7372BC
:10406C00635C7461736B732E630000002E70696F58
:10407C005C6C6962646570735C7465656E737934CD
:10408C00315C6672656572746F732D7465656E73E1
:10409C00795C7372635C7461736B732E63000000E4
:1040AC002E70696F5C6C6962646570735C746565B5
:1040BC006E737934315C6672656572746F732D74CE
:1040CC0065656E73795C7372635C7461736B732E6C
:1040DC00630000002E70696F5C6C696264657073BC
:1040EC005C7465656E737934315C66726565727487
:1040FC006F732D7465656E73795C7372635C746138
:10410C00736B732E630000002E70696F5C6C6962B8
:10411C00646570735C7465656E737934315C66725A
:10412C00656572746F732D7465656E73795C7372EB
:10413C00635C7461736B732E630000002E70696F87
:10414C005C6C6962646570735C7465656E737934FC
:10415C00315C6672656572746F732D7465656E7310
:10416C00795C7372635C7461736B732E6300000013
:10417C002E70696F5C6C6962646570735C746565E4
:10418C006E737934315C6672656572746F732D74FD
:10419C0065656E73795C7372635C7461736B732E9B
:1041AC00630000002E70696F5C6C696264657073EB
:1041BC005C7465656E737934315C667265657274B6
:1041CC006F732D7465656E73795C7372635C746167
:1041DC00736B732E630000002E70696F5C6C6962E8
:1041EC00646570735C7465656E737934315C66728A
:1041FC00656572746F732D7465656E73795C73721B
:10420C00635C7461736B732E630000002E70696FB6
:10421C005C6C6962646570735C7465656E7379342B
:10422C00315C6672656572746F732D7465656E733F
:10423C00795C7372635C7461736B732E6300000042
:10424C002E70696F5C6C6962646570735C74656513
:10425C006E737934315C6672656572746F732D742C
:10426C0065656E73795C7372635C7461736B732ECA
:10427C00630000002E70696F5C6C6962646570731A
:10428C005C7465656E737934315C667265657274E5
:10429C006F732D7465656E73795C7372635C746196
:1042AC00736B732E630000002E70696F5C6C696217
:1042BC00646570735C7465656E737934315C6672B9
:1042CC00656572746F732D7465656E73795C73724A
:1042DC00635C7461736B732E630000002E70696FE6
:1042EC005C6C6962646570735C7465656E7379345B
:1042FC00315C6672656572746F732D7465656E736F
:10430C00795C7372635C7461736B732E6300000071
:10431C002E70696F5C6C6962646570735C74656542
:10432C006E737934315C6672656572746F732D745B
:10433C0065656E73795C7372635C7461736B732EF9
:10434C00630000002E70696F5C6C69626465707349
:10435C005C7465656E737934315C66726565727414
:10436C006F732D7465656E73795C7372635C7461C5
:10437C00736B732E630000002E70696F5C6C696246
:10438C00646570735C7465656E737934315C6672E8
:10439C00656572746F732D7465656E73795C737279
:1043AC00635C7461736B732E630000002E70696F15
:1043BC005C6C6962646570735C7465656E7379348A
:1043CC00315C6672656572746F732D7465656E739E
:1043DC00795C7372635C7461736B732E63000000A1
:1043EC002E70696F5C6C6962646570735C74656572
:1043FC006E737934315C6672656572746F732D748B
:10440C0065656E73795C7372635C7461736B732E28
:10441C00630000002E70696F5C6C69626465707378
:10442C005C7465656E737934315C66726565727443
:10443C006F732D7465656E73795C7372635C7461F4
:10444C00736B732E630000002E70696F5C6C696275
:10445C00646570735C7465656E737934315C667217
:10446C00656572746F732D7465656E73795C7372A8
:10447C00635C7461736B732E630000002E70696F44
:10448C005C6C6962646570735C7465656E737934B9
:10449C00315C6672656572746F732D7465656E73CD
:1044AC00795C7372635C7461736B732E63000000D0
:1044BC002E70696F5C6C6962646570735C746565A1
:1044CC006E737934315C6672656572746F732D74BA
:1044DC0065656E73795C7372635C7461736B732E58
:1044EC00630000002E70696F5C6C696264657073A8
:1044FC005C7465656E737934315C66726565727473
:10450C006F732D7465656E73795C7372635C746123
:10451C00736B732E630000002E70696F5C6C6962A4
:10452C00646570735C7465656E737934315C667246
:10453C00656572746F732D7465656E73795C7372D7
:10454C00635C7461736B732E630000002E70696F73
:10455C005C6C6962646570735C7465656E737934E8
:10456C00315C6672656572746F732D7465656E73FC
:10457C00795C7372635C7461736B732E63000000FF
:10458C002E70696F5C6C6962646570735C746565D0
:10459C006E737934315C6672656572746F732D74E9
:1045AC0065656E73795C7372635C7461736B732E87
:1045BC00630000002E70696F5C6C696264657073D7
:1045CC005C7465656E737934315C667265657274A2
:1045DC006F732D7465656E73795C7372635C746153
:1045EC00736B732E630000002E70696F5C6C6962D4
:1045FC00646570735C7465656E737934315C667276
:10460C00656572746F732D7465656E73795C737206
:10461C00635C7461736B732E630000002E70696FA2
:10462C005C6C6962646570735C7465656E73793417
:10463C00315C6672656572746F732D7465656E732B
:10464C00795C7372635C7461736B732E630000002E
:10465C002E70696F5C6C6962646570735C746565FF
:10466C006E737934315C6672656572746F732D7418
:10467C0065656E73795C7372635C7461736B732EB6
:10468C00630000002E70696F5C6C69626465707306
:10469C005C7465656E737934315C667265657274D1
:1046AC006F732D7465656E73795C7372635C746182
:1046BC00736B732E630000002E70696F5C6C696203
:1046CC00646570735C7465656E737934315C6672A5
:1046DC00656572746F732D7465656E73795C737236
:1046EC00635C7461736B732E630000002E70696FD2
:1046FC005C6C6962646570735C7465656E73793447
:10470C00315C6672656572746F732D7465656E735A
:10471C00795C7372635C7461736B732E630000005D
:10472C002E70696F5C6C6962646570735C7465652E
:10473C006E737934315C6672656572746F732D7447
:10474C0065656E73795C7372635C7461736B732EE5
:10475C00630000002E70696F5C6C69626465707335
:10476C005C7465656E737934315C66726565727400
:10477C006F732D7465656E73795C7372635C7461B1
:10478C00736B732E630000002E70696F5C6C696232
:10479C00646570735C7465656E737934315C6672D4
:1047AC00656572746F732D7465656E73795C737265
:1047BC00635C7461736B732E630000002E70696F01
:1047CC005C6C6962646570735C7465656E73793476
:1047DC00315C6672656572746F732D7465656E738A
:1047EC00795C7372635C7461736B732E630000008D
:1047FC002E70696F5C6C6962646570735C7465655E
:10480C006E737934315C6672656572746F732D7476
:10481C0065656E73795C7372635C7461736B732E14
:10482C00630000002E70696F5C6C69626465707364
:10483C005C7465656E737934315C6672656572742F
:10484C006F732D7465656E73795C7372635C7461E0
:10485C00736B732E630000002E70696F5C6C696261
:10486C00646570735C7465656E737934315C667203
:10487C00656572746F732D7465656E73795C737294
:10488C00635C7461736B732E630000002E70696F30
:10489C005C6C6962646570735C7465656E737934A5
:1048AC00315C6672656572746F732D7465656E73B9
:1048BC00795C7372635C7461736B732E63000000BC
:1048CC002E70696F5C6C6962646570735C7465658D
:1048DC006E737934315C6672656572746F732D74A6
:1048EC0065656E73795C7372635C7461736B732E44
:1048FC00630000002E70696F5C6C69626465707394
:10490C005C7465656E737934315C6672656572745E
:10491C006F732D7465656E73795C7372635C74610F
:10492C00736B732E630000002E70696F5C6C696290
:10493C00646570735C7465656E737934315C667232
:10494C00656572746F732D7465656E73795C7372C3
:10495C00635C7461736B732E630000002E70696F5F
:10496C005C6C6962646570735C7465656E737934D4
:10497C00315C6672656572746F732D7465656E73E8
:10498C00795C7372635C7461736B732E63000000EB
:10499C002E70696F5C6C6962646570735C746565BC
:1049AC006E737934315C6672656572746F732D74D5
:1049BC0065656E73795C7372635C7461736B732E73
:1049CC00630000002E70696F5C6C696264657073C3
:1049DC005C7465656E737934315C6672656572748E
:1049EC006F732D7465656E73795C7372635C74613F
:1049FC00736B732E630000002E70696F5C6C6962C0
:104A0C00646570735C7465656E737934315C667261
:104A1C00656572746F732D7465656E73795C7372F2
:104A2C00635C7461736B732E630000002E70696F8E
:104A3C005C6C6962646570735C7465656E73793403
:104A4C00315C6672656572746F732D7465656E7317
:104A5C00795C7372635C7461736B732E630000001A
:104A6C002E70696F5C6C6962646570735C746565EB
:104A7C006E737934315C6672656572746F732D7404
:104A8C0065656E73795C7372635C7461736B732EA2
:104A9C00630000002E70696F5C6C696264657073F2
:104AAC005C7465656E737934315C667265657274BD
:104ABC006F732D7465656E73795C7372635C74616E
:104ACC00736B732E630000002E70696F5C6C6962EF
:104ADC00646570735C7465656E737934315C667291
:104AEC00656572746F732D7465656E73795C737222
:104AFC00635C7461736B732E630000002E70696FBE
:104B0C005C6C6962646570735C7465656E73793432
:104B1C00315C6672656572746F732D7465656E7346
:104B2C00795C7372635C7461736B732E6300000049
:104B3C002E70696F5C6C6962646570735C7465651A
:104B4C006E737934315C6672656572746F732D7433
:104B5C0065656E73795C7372635C74696D65727391
:104B6C002E6300002E70696F5C6C696264657073F3
:104B7C005C7465656E737934315C667265657274EC
:104B8C006F732D7465656E73795C7372635C746995
:104B9C006D6572732E6300002E70696F5C6C6962B8
:104BAC00646570735C7465656E737934315C6672C0
:104BBC00656572746F732D7465656E73795C737251
:104BCC00635C74696D6572732E6300002E70696F7F
:104BDC005C6C6962646570735C7465656E73793462
:104BEC00315C6672656572746F732D7465656E7376
:104BFC00795C7372635C74696D6572732E6300000B
:104C0C002E70696F5C6C6962646570735C74656549
:104C1C006E737934315C6672656572746F732D7462
:104C2C0065656E73795C7372635C74696D657273C0
:104C3C002E6300002E70696F5C6C69626465707322
:104C4C005C7465656E737934315C6672656572741B
:104C5C006F732D7465656E73795C7372635C7469C4
:104C6C006D6572732E6300002E70696F5C6C6962E7
:104C7C00646570735C7465656E737934315C6672EF
:104C8C00656572746F732D7465656E73795C737280
:104C9C00635C74696D6572732E6300002E70696FAE
:104CAC005C6C6962646570735C7465656E73793491
:104CBC00315C6672656572746F732D7465656E73A5
:104CCC00795C7372635C74696D6572732E6300003A
:104CDC002E70696F5C6C6962646570735C74656579
:104CEC006E737934315C6672656572746F732D7492
:104CFC0065656E73795C7372635C74696D657273F0
:104D0C002E6300002E70696F5C6C69626465707351
:104D1C005C7465656E737934315C6672656572744A
:104D2C006F732D7465656E73795C7372635C7469F3
:104D3C006D6572732E6300002E70696F5C6C696216
:104D4C00646570735C7465656E737934315C66721E
:104D5C00656572746F732D7465656E73795C7372AF
:104D6C00635C74696D6572732E6300002E70696FDD
:104D7C005C6C6962646570735C7465656E737934C0
:104D8C00315C6672656572746F732D7465656E73D4
:104D9C00795C7372635C74696D6572732E63000069
:104DAC002E70696F5C6C6962646570735C746565A8
:104DBC006E737934315C6672656572746F732D74C1
:104DCC0065656E73795C7372635C74696D6572731F
:104DDC002E6300002E70696F5C6C69626465707381
:104DEC005C7465656E737934315C6672656572747A
:104DFC006F732D7465656E73795C7372635C746923
:104E0C006D6572732E6300002E70696F5C6C696245
:104E1C00646570735C7465656E737934315C66724D
:104E2C00656572746F732D7465656E73795C7372DE
:104E3C00635C74696D6572732E6300002E70696F0C
:104E4C005C6C6962646570735C7465656E737934EF
:104E5C00315C6672656572746F732D7465656E7303
:104E6C00795C7372635C74696D6572732E63000098
:104E7C002E70696F5C6C6962646570735C746565D7
:104E8C006E737934315C6672656572746F732D74F0
:104E9C0065656E73795C7372635C74696D6572734E
:104EAC002E6300002E70696F5C6C696264657073B0
:104EBC005C7465656E737934315C667265657274A9
:104ECC006F732D7465656E73795C7372635C746952
:104EDC006D6572732E6300002E70696F5C6C696275
:104EEC00646570735C7465656E737934315C66727D
:104EFC00656572746F732D7465656E73795C73720E
:104F0C00635C6C6973742E63000000002E70696F13
:104F1C005C6C6962646570735C7465656E7379341E
:104F2C00315C6672656572746F732D7465656E7332
:104F3C00795C7372635C6C6973742E63000000009F
:104F4C002E70696F5C6C6962646570735C74656506
:104F5C006E737934315C6672656572746F732D741F
:104F6C0065656E73795C7372635C6C6973742E63C4
:104F7C00000000002E70696F5C6C69626465707370
:104F8C005C7465656E737934315C667265657274D8
:104F9C006F732D7465656E73795C7372635C6C6989
:104FAC0073742E63000000005949454C4400000006
:104FBC006576656E745F74004556454E540000006E
:104FCC002E70696F5C6C6962646570735C74656586
:104FDC006E737934315C6672656572746F732D749F
:104FEC0065656E73795C7372635C706F7274616209
:104FFC006C655C706F72742E630000002E70696FAC
:10500C005C6C6962646570735C7465656E7379342D
:10501C00315C6672656572746F732D7465656E7341
:10502C00795C7372635C706F727461626C655C70D6
:10503C006F72742E630000002E70696F5C6C696275
:10504C00646570735C7465656E737934315C66721B
:10505C00656572746F732D7465656E73795C7372AC
:10506C00635C706F727461626C655C706F72742ECD
:10507C00630000002E70696F5C6C6962646570730C
:10508C005C7465656E737934315C667265657274D7
:10509C006F732D7465656E73795C7372635C706F7E
:1050AC00727461626C655C706F72742E63000000C8
:1050BC002E70696F5C6C6962646570735C74656595
:1050CC006E737934315C6672656572746F732D74AE
:1050DC0065656E73795C7372635C706F7274616218
:1050EC006C655C706F72742E630000002E70696FBB
:1050FC005C6C6962646570735C7465656E7379343D
:10510C00315C6672656572746F732D7465656E7350
:10511C00795C7372635C706F727461626C655C70E5
:10512C006F72742E630000002E70696F5C6C696284
:10513C00646570735C7465656E737934315C66722A
:10514C00656572746F732D7465656E73795C7372BB
:10515C00635C706F727461626C655C706F72742EDC
:10516C00630000002E70696F5C6C6962646570731B
:10517C005C7465656E737934315C667265657274E6
:10518C006F732D7465656E73795C7372635C706F8D
:10519C00727461626C655C706F72742E63000000D7
:1051AC002E70696F5C6C6962646570735C746565A4
:1051BC006E737934315C6672656572746F732D74BD
:1051CC0065656E73795C7372635C706F7274616227
:1051DC006C655C706F72742E630000002E70696FCA
:1051EC005C6C6962646570735C7465656E7379344C
:1051FC00315C6672656572746F732D7465656E7360
:10520C00795C7372635C706F727461626C655C70F4
:10521C006F72742E630000002E70696F5C6C696293
:10522C00646570735C7465656E737934315C667239
:10523C00656572746F732D7465656E73795C7372CA
:10524C00635C706F727461626C655C706F72742EEB
:10525C00630000002E70696F5C6C6962646570732A
:10526C005C7465656E737934315C667265657274F5
:10527C006F732D7465656E73795C7372635C706F9C
:10528C00727461626C655C706F72742E63000000E6
:10529C00756E6B6E6F776E004661756C742049523B
:1052AC00513A20202020307825780D0A000000008B
:1052BC002073703A202020202020202020203078BD
:1052CC0025780D0A00000000206C723A2020202066
:1052DC00202020202020307825780D0A00000000A6
:1052EC0020737461636B65645F72303A2020307890
:1052FC0025780D0A0000000020737461636B6564EF
:10530C005F72313A2020307825780D0A00000000B9
:10531C0020737461636B65645F72323A202030785D
:10532C0025780D0A0000000020737461636B6564BE
:10533C005F72333A2020307825780D0A0000000087
:10534C0020737461636B65645F7231323A2030781C
:10535C0025780D0A0000000020737461636B65648E
:10536C005F6C723A2020307825780D0A000000001E
:10537C0020737461636B65645F70633A20203078CE
:10538C0025780D0A0000000020737461636B65645E
:10539C005F7073723A20307825780D0A0000000097
:1053AC00205F434653523A20202020202020307882
:1053BC0025780D0A0000000020202849414343565F
:1053CC00494F4C2920202020496E737472756374E8
:1053DC00696F6E204163636573732056696F6C61EE
:1053EC0074696F6E0D0A0000202028444143435617
:1053FC00494F4C2920202020446174612041636373
:10540C006573732056696F6C6174696F6E0D0A0059
:10541C002020284D554E53544B45525229202020C4
:10542C004D656D4D616E6765204661756C74206FBE
:10543C006E20556E737461636B696E670D0A0000A4
:10544C002020284D53544B455252292020202020F7
:10545C004D656D4D616E6765204661756C74206F8E
:10546C006E20737461636B696E670D0A0000000037
:10547C002020284D4C5350455252292020202020CA
:10548C004D656D4D616E6765204661756C74206F5E
:10549C006E204650204C617A792053746174650DEE
:1054AC000A0000002020284D4D415256414C4944E1
:1054BC00292020204D656D4D616E67652046617514
:1054CC006C7420416464726573732056616C6964FA
:1054DC000D0A0000202028494255534552522920DC
:1054EC0020202020496E737472756374696F6E206E
:1054FC00427573204572726F720D0A00202028507D
:10550C00524543495345525229202020446174612D
:10551C0020627573206572726F72202861646472E8
:10552C0065737320696E2042464152290D0A0000B2
:10553C00202028494D505245434953455252292069
:10554C004461746120627573206572726F7220629F
:10555C0075742061646472657373206E6F7420724D
:10556C00656C6174656420746F20696E73747275F8
:10557C006374696F6E0D0A00202028554E53544BEE
:10558C004552522920202020427573204661756CAB
:10559C0074206F6E20756E737461636B696E672017
:1055AC00666F7220612072657475726E2066726F00
:1055BC006D20657863657074696F6E0D0A0000006C
:1055CC0020202853544B45525229202020202020A3
:1055DC00427573204661756C74206F6E2073746114
:1055EC00636B696E6720666F722065786365707493
:1055FC00696F6E20656E7472790D0A002020284C3C
:10560C0053504552522920202020202042757320CF
:10561C004661756C74206F6E204650206C617A79EF
:10562C002073746174652070726573657276617431
:10563C00696F6E0D0A000000202028424641525628
:10564C00414C494429202020427573204661756CD9
:10565C007420416464726573732056616C69640DC7
:10566C000A000000202028554E444546494E53540C
:10567C0052292020556E646566696E656420696EDA
:10568C00737472756374696F6E0D0A00202028495B
:10569C004E5653544154452920202020496E737492
:1056AC0072756374696F6E206D616B657320696CC4
:1056BC006C6567616C20757365206F66204550536F
:1056CC00520D0A00202028494E56504329202020F4
:1056DC00202020205573616765206661756C743AD3
:1056EC0020696E76616C6964204558435F5245545D
:1056FC0055524E0D0A0000002020284E4F435029D1
:10570C0020202020202020204E6F20436F70726FAD
:10571C00636573736F720D0A00000000202028551A
:10572C004E414C49474E454429202020556E616C12
:10573C0069676E656420616363657373205573617B
:10574C0067654661756C740D0A00000020202844C2
:10575C00495642595A45524F2920202044697669AE
:10576C006465206279207A65726F0D0A0000000072
:10577C00205F484653523A202020202020203078A9
:10578C0025780D0A0000000020202856454354546B
:10579C00424C292020202020427573204661756CD4
:1057AC0074206F6E20566563205461626C652052C4
:1057BC006561640D0A000000202028464F524345C5
:1057CC004429202020202020466F726365642048E5
:1057DC00617264204661756C740D0A00205F44464A
:1057EC0053523A20202020202020307825780D0A92
:1057FC0000000000205F414653523A202020202018
:10580C002020307825780D0A00000000205F4246E9
:10581C0041523A20202020202020307825780D0A73
:10582C0000000000205F4D4D41523A2020202020E6
:10583C002020307825780D0A000000000A4163749E
:10584C00697665207461736B2028544342293A2091
:10585C0025730D0A0000000041637469766520749D
:10586C0061736B2028737461636B293A2025730D67
:10587C000A0000000D0A537461636B20747261633B
:10588C00653A0D0A000000000A00000009737461FB
:10589C00636B5F617267733D307825780D0A000089
:1058AC00097078546F704F66537461636B3D307838
:1058BC0025780D0A00000000097078537461636B41
:1058CC003D307825780D0A00097078456E644F6676
:1058DC00537461636B3D307825780D0A000000002D
:1058EC000D0A537461636B2074726163653A0D0A1F
:1058FC00000000000A0000002E70696F5C6C696289
:10590C00646570735C7465656E737934315C667252
:10591C00656572746F732D7465656E73795C7372E3
:10592C00635C71756575652E630000002E70696F80
:10593C005C6C6962646570735C7465656E737934F4
:10594C00315C6672656572746F732D7465656E7308
:10595C00795C7372635C71756575652E630000000C
:10596C002E70696F5C6C6962646570735C746565DC
:10597C006E737934315C6672656572746F732D74F5
:10598C0065656E73795C7372635C71756575652E94
:10599C00630000002E70696F5C6C696264657073E3
:1059AC005C7465656E737934315C667265657274AE
:1059BC006F732D7465656E73795C7372635C71754E
:1059CC006575652E630000002E70696F5C6C6962F2
:1059DC00646570735C7465656E737934315C667282
:1059EC00656572746F732D7465656E73795C737213
:1059FC00635C71756575652E630000002E70696FB0
:105A0C005C6C6962646570735C7465656E73793423
:105A1C00315C6672656572746F732D7465656E7337
:105A2C00795C7372635C71756575652E630000003B
:105A3C002E70696F5C6C6962646570735C7465650B
:105A4C006E737934315C6672656572746F732D7424
:105A5C0065656E73795C7372635C71756575652EC3
:105A6C00630000002E70696F5C6C69626465707312
:105A7C005C7465656E737934315C667265657274DD
:105A8C006F732D7465656E73795C7372635C71757D
:105A9C006575652E630000002E70696F5C6C696221
:105AAC00646570735C7465656E737934315C6672B1
:105ABC00656572746F732D7465656E73795C737242
:105ACC00635C71756575652E630000002E70696FDF
:105ADC005C6C6962646570735C7465656E73793453
:105AEC00315C6672656572746F732D7465656E7367
:105AFC00795C7372635C71756575652E630000006B
:105B0C002E70696F5C6C6962646570735C7465653A
:105B1C006E737934315C6672656572746F732D7453
:105B2C0065656E73795C7372635C71756575652EF2
:105B3C00630000002E70696F5C6C69626465707341
:105B4C005C7465656E737934315C6672656572740C
:105B5C006F732D7465656E73795C7372635C7175AC
:105B6C006575652E630000002E70696F5C6C696250
:105B7C00646570735C7465656E737934315C6672E0
:105B8C00656572746F732D7465656E73795C737271
:105B9C00635C71756575652E630000002E70696F0E
:105BAC005C6C6962646570735C7465656E73793482
:105BBC00315C6672656572746F732D7465656E7396
:105BCC00795C7372635C71756575652E630000009A
:105BDC002E70696F5C6C6962646570735C7465656A
:105BEC006E737934315C6672656572746F732D7483
:105BFC0065656E73795C7372635C71756575652E22
:105C0C00630000002E70696F5C6C69626465707370
:105C1C005C7465656E737934315C6672656572743B
:105C2C006F732D7465656E73795C7372635C7175DB
:105C3C006575652E630000002E70696F5C6C69627F
:105C4C00646570735C7465656E737934315C66720F
:105C5C00656572746F732D7465656E73795C7372A0
:105C6C00635C71756575652E630000002E70696F3D
:105C7C005C6C6962646570735C7465656E737934B1
:105C8C00315C6672656572746F732D7465656E73C5
:105C9C00795C7372635C71756575652E63000000C9
:105CAC002E70696F5C6C6962646570735C74656599
:105CBC006E737934315C6672656572746F732D74B2
:105CCC0065656E73795C7372635C71756575652E51
:105CDC00630000002E70696F5C6C696264657073A0
:105CEC005C7465656E737934315C6672656572746B
:105CFC006F732D7465656E73795C7372635C71750B
:105D0C006575652E630000002E70696F5C6C6962AE
:105D1C00646570735C7465656E737934315C66723E
:105D2C00656572746F732D7465656E73795C7372CF
:105D3C00635C71756575652E630000002E70696F6C
:105D4C005C6C6962646570735C7465656E737934E0
:105D5C00315C6672656572746F732D7465656E73F4
:105D6C00795C7372635C71756575652E63000000F8
:105D7C002E70696F5C6C6962646570735C746565C8
:105D8C006E737934315C6672656572746F732D74E1
:105D9C0065656E73795C7372635C71756575652E80
:105DAC00630000002E70696F5C6C696264657073CF
:105DBC005C7465656E737934315C6672656572749A
:105DCC006F732D7465656E73795C7372635C71753A
:105DDC006575652E630000002E70696F5C6C6962DE
:105DEC00646570735C7465656E737934315C66726E
:105DFC00656572746F732D7465656E73795C7372FF
:105E0C00635C71756575652E630000002E70696F9B
:105E1C005C6C6962646570735C7465656E7379340F
:105E2C00315C6672656572746F732D7465656E7323
:105E3C00795C7372635C71756575652E6300000027
:105E4C002E70696F5C6C6962646570735C746565F7
:105E5C006E737934315C6672656572746F732D7410
:105E6C0065656E73795C7372635C71756575652EAF
:105E7C00630000002E70696F5C6C696264657073FE
:105E8C005C7465656E737934315C667265657274C9
:105E9C006F732D7465656E73795C7372635C717569
:105EAC006575652E630000002E70696F5C6C69620D
:105EBC00646570735C7465656E737934315C66729D
:105ECC00656572746F732D7465656E73795C73722E
:105EDC00635C71756575652E630000002E70696FCB
:105EEC005C6C6962646570735C7465656E7379343F
:105EFC00315C6672656572746F732D7465656E7353
:105F0C00795C7372635C71756575652E6300000056
:105F1C002E70696F5C6C6962646570735C74656526
:105F2C006E737934315C6672656572746F732D743F
:105F3C0065656E73795C7372635C71756575652EDE
:105F4C00630000002E70696F5C6C6962646570732D
:105F5C005C7465656E737934315C667265657274F8
:105F6C006F732D7465656E73795C7372635C717598
:105F7C006575652E630000002E70696F5C6C69623C
:105F8C00646570735C7465656E737934315C6672CC
:105F9C00656572746F732D7465656E73795C73725D
:105FAC00635C71756575652E630000002E70696FFA
:105FBC005C6C6962646570735C7465656E7379346E
:105FCC00315C6672656572746F732D7465656E7382
:105FDC00795C7372635C71756575652E6300000086
:105FEC002E70696F5C6C6962646570735C74656556
:105FFC006E737934315C6672656572746F732D746F
:10600C0065656E73795C7372635C71756575652E0D
:10601C00630000002E70696F5C6C6962646570735C
:10602C005C7465656E737934315C66726565727427
:10603C006F732D7465656E73795C7372635C7175C7
:10604C006575652E630000002E70696F5C6C69626B
:10605C00646570735C7465656E737934315C6672FB
:10606C00656572746F732D7465656E73795C73728C
:10607C00635C71756575652E630000002E70696F29
:10608C005C6C6962646570735C7465656E7379349D
:10609C00315C6672656572746F732D7465656E73B1
:1060AC00795C7372635C71756575652E63000000B5
:1060BC002E70696F5C6C6962646570735C74656585
:1060CC006E737934315C6672656572746F732D749E
:1060DC0065656E73795C7372635C71756575652E3D
:1060EC00630000002E70696F5C6C6962646570738C
:1060FC005C7465656E737934315C66726565727457
:10610C006F732D7465656E73795C7372635C7175F6
:10611C006575652E630000002E70696F5C6C69629A
:10612C00646570735C7465656E737934315C66722A
:10613C00656572746F732D7465656E73795C7372BB
:10614C00635C71756575652E630000002E70696F58
:10615C005C6C6962646570735C7465656E737934CC
:10616C00315C6672656572746F732D7465656E73E0
:10617C00795C7372635C71756575652E63000000E4
:10618C002E70696F5C6C6962646570735C746565B4
:10619C006E737934315C6672656572746F732D74CD
:1061AC0065656E73795C7372635C71756575652E6C
:1061BC00630000002E70696F5C6C696264657073BB
:1061CC005C7465656E737934315C66726565727486
:1061DC006F732D7465656E73795C7372635C717526
:1061EC006575652E630000002E70696F5C6C6962CA
:1061FC00646570735C7465656E737934315C66725A
:10620C00656572746F732D7465656E73795C7372EA
:10621C00635C71756575652E63000000160355008F
:10622C0053004200200053006500720069006100B9
:10623C006C00000018035400650065006E007300CC
:10624C0079006400750069006E006F000403090496
:10625C0009026200030100C032080B0002020201B5
:10626C0000090400000102020100052400100105D0
:10627C0024010101042402060524060001070582FD
:10628C000310001009040100020A000000070503B6
:10629C0002400000070584024000000904020002CD
:1062AC00FF6AFF000705810240000107050102405B
:1062BC000001000009026200030100C032080B005B
:1062CC00020202010009040000010202010005247F
:1062DC000010010524010101042402060524060016
:1062EC00010705820310000509040100020A0000E1
:1062FC0000070503020002000705840200020009E2
:10630C0004020002FF6AC7000705810200020107B0
:10631C0005010200020100000A060002EF02014022
:04632C00010000006C
:10633000000000000000000000000000000000005D
:10634000000000000000000000000000000000004D
:10635000F0B40D4B4FF0010C0C4F0D4E0D4D53E8AA
:10636000002F3C6830686A6843E800C10029F6D114
:10637000094D121A4FF47A732868A2FB0020E4FB3F
:106380000301F0BC704700BFD83E0020D43E00207F
:10639000D03E0020001000E0CC3E002009480A4A10
:1063A0000A4B12680A4910B404685B680868002147
:1063B0001B1B5DF8044BA3FB00304FF47A73E2FB28
:1063C00003017047D03E0020D43E0020001000E0C2
:1063D000CC3E00200548064B1B1AD90F01EBA30148
:1063E000491002D0034B03B118477047C02A002060
:1063F000C02A00200000000008B5054B1BB105496C
:106400000548AFF30080BDE80840FFF7E3BF00BFD9
:1064100000000000183D00200008016038B5044667
:1064200049B108460D4606F023FA2368024629467C
:106430005B68204698472046BDE8384002F0D8BF48
:106440000C4D0D4C08B50F21284604F099FC204650
:1064500002F0CEFF0D2003F0CFF901460D20B1FA76
:1064600081F1490903F09EF94FF4966000F038FF7E
:10647000E9E700BF90020020502100200C4D0D4C98
:1064800008B50D2003F0B8F901460D20B1FA81F1ED
:10649000490903F087F90E21284604F071FC2046D3
:1064A00002F0A6FF4FF4FA7000F01AFFE9E700BF10
:1064B00080020020502100202DE9F0433B4D83B0A5
:1064C0003B4C40F2EE283B4FDFF820912E6806F05F
:1064D000DBFB2378002B4BD03B78DA0748D52B68C1
:1064E000D9F800209B1A0E2B42D9324F40F6B7360E
:1064F000DFF8F88006F0C8FB2378002B42D03B7809
:10650000DB073FD52B68D8F800209B1A0E2B39D912
:1065100001210D2003F082F9002401262649274895
:10652000FFF77CFF26492548FFF778FF23464FF405
:10653000807224492448CDE9006400F0A9FC054696
:1065400023464FF4807221492148CDE9006400F0D0
:106550009FFCB5421DD1012821D11E491748FFF7E4
:106560005DFF00F057FD1C491448FFF757FFFEE799
:106570002B6822789B1B4AB1B3F5FA6FB5D806F0A9
:1065800083FBA4E72B68B342B4D9C1E74345F6D9EE
:10659000ABE7124B4D21124A124806F099FB124B01
:1065A0004E210F4A0F4806F093FB00BFD43E002057
:1065B0003341002032410020540D002050210020A2
:1065C0006C0D0020800D00204D0100008C0D00207E
:1065D00011010000E80D0020140E0020980D00208D
:1065E000B80D002058160020C80D0020903F002054
:1065F000704700BF70B502F0D1F8FFF7A9FE164A48
:10660000002304F0A3FC04460D46164603F0CAFA24
:10661000844275F1000315DA001B104BC6F100022D
:1066200065EB45051860C3E901523EB101380A4ADD
:1066300045F1FF35921BC3E900059A60BDE8704043
:1066400002F0D2B8201A054B65F1000583E861001D
:10665000BDE8704002F0C8B840420F00802C002016
:10666000704700BF0A4610B5EFF3108C72B60A49A6
:106670000A4C08688318A34206D2094CA34203D3EC
:106680000B608CF3108810BD8CF310880549064808
:1066900006F0FEFA06F000FB7425002000600720DB
:1066A000604100208833006075160060FFF750BE1F
:1066B00070B500F10C0C4FF00A0E45682DB9BEF113
:1066C000010EFBD17246104670BD83689B6863451E
:1066D00008BF43691C699B689C4508BF43691A69E8
:1066E0002AB1166C8E4202D8166D8E4203D29442A5
:1066F000F1D18360E3E78360104670BD2DE9F0417E
:10670000044602F04BF8454A454D136801331360C7
:106710002B68002B4DD0434B1B68002B41D0E36B03
:10672000414E4248012242499A4007683A4302607A
:106730000A6801320A6062655A0106EB4313B158D8
:106740009A68B1F15A3F5BD1D969B1F15A3F57D13B
:106750006168B1F15A3F5AD1E169B1F15A3F56D15E
:10676000D1685868C4E903210130D668211DB160A1
:10677000D160A361586002F037F82A4B1B6873B1EF
:106780002A68E36BD26B9A4209D24FF0E0234FF0B4
:106790008052C3F8042DBFF34F8FBFF36F8FBDE856
:1067A000F0812A68E36BD26B1F4E9A42B9D82C60F5
:1067B000B7E72C601368012BB1D11B4E374606F5A5
:1067C000A0783846203701F0AFFEB845F9D1DFF8A0
:1067D0009080184F404601F0A7FE384601F0A4FE15
:1067E000154801F0A1FE154801F09EFE144801F085
:1067F0009BFE144BC3F80080134B1F60E36B90E7C4
:10680000124B40F63301124A124806F061FA124B5D
:1068100040F633010E4A114806F05AFA9C3F002018
:10682000303D002064400020443D0020AC3F00206B
:10683000A83F00201040002044400020F0400020ED
:10684000D0400020383D00203C3D0020640B00205B
:10685000D4050020AC330060340C0020E03300602D
:10686000F03F00202DE9F843354C0546354A0F46E8
:106870002668354B354CD2F800800022D3F80090C2
:106880002368206883F8AD21043001F0DBFE40B9B5
:10689000236801222E49DB6B9A400B6823EA02032E
:1068A0000B606B1C27D137B32A4B19689A68B1F17A
:1068B0005A3F36D1D969B1F15A3F32D1216849687E
:1068C000B1F15A3F34D12168C969B1F15A3F2FD192
:1068D000D06825682168EA6008612168D0680431C1
:1068E000816020685968246804300131D0605960A3
:1068F000A361BDE8F8832368761921689E6005D3FB
:1069000048460431BDE8F84301F05EBE404604311C
:1069100001F05AFE104B1A68B242EAD91E60BDE877
:10692000F8830E4B42F2A8110D4A0E4806F0D0F93A
:106930000D4B42F2A8110A4A0C4806F0C9F900BFF3
:1069400010410020383D00203C3D0020303D00201B
:10695000AC3F0020D040002038400020200A00201A
:106960009805002014340060B00A0020483400600C
:1069700010B50446783005F015FF94F8AC3123B11A
:10698000012B11D0022B08D110BD206C05F0F6FBB5
:106990002046BDE8104005F0F1BB064B41F66911F9
:1069A000054A064806F094F92046BDE8104005F077
:1069B000E5BB00BFE80C0020B8050020B034006043
:1069C000F8B50D4C2368B3B10C4F0D4E01F0E6FE47
:1069D0007B691D69281D01F035FE3368013B33607A
:1069E0002368013B236001F0FFFE2846FFF7C0FF4C
:1069F0002368002BEAD1F8BDA03F0020F040002022
:106A00009C3F0020094C4FF0E0264FF0805508B520
:106A1000FFF7D6FF6368012B05D9C6F8045DBFF305
:106A20004F8FBFF36F8FFFF71BFEF1E7443D002050
:106A30002C4B002270B51A60FFF738FE2A4B2B4A08
:106A40001860156819682A4CA94205D91E68206883
:106A5000416F491B31444167186823681060216801
:106A600022680968126C1B6C914203D91A68B2F152
:106A7000A53F20D021682068443106F031F91D4B34
:106A80001B68B3FA83F3DBB21B4AC3F11F0302EBAB
:106A900043115B014868F0B188680C3380681A4480
:106AA0009042886014D00369144A236023682368E5
:106AB0007833136070BD5A68B2F1A53FDAD19A6895
:106AC000B2F1A53FD6D1DB68B3F1A53FD2D1D6E76D
:106AD00048698860E7E70A4B41F22F41094A0A48B2
:106AE00006F0F6F81C410020843F0020803F002083
:106AF000303D0020AC3F0020443D002078250020A0
:106B000034140020F0040020E43400602DE9F04744
:106B10000A9C4FEA820A07460D465246A521206C80
:106B20009846AAF1040A089EDDF8249005F0E8FDD5
:106B3000236C534423F0070AC4F850A07DB105F13B
:106B4000FF3C05F1090104F1430E1CF8015F0EF84A
:106B5000015F0DB18C45F8D1002384F84D30092E2A
:106B600038D8201DE663E665C6F10A0601F0F0FCA0
:106B700004F1200001F0ECFC4FF4907200216662F9
:106B800004F1780064612463012605F0B9FD154B1A
:106B90003946002703F16805E367D0334246C4F85D
:106BA00080505046C4F884300F4D104BC4E9465312
:106BB0000F4BC4F820310B23C4E94467A4F82431F7
:106BC00006F08AF82060B9F1000F01D0C9F8004042
:106BD000BDE8F087074B40F27A71074A074806F094
:106BE00077F800BFBC3B00200E33CDAB34126DE60E
:106BF000ECDE05001C0D002020060020183500608A
:106C0000684B1A6801322DE9F04F1A6083B0002AF0
:106C10007AD0DFF8C891D9F800309A42C0F090805D
:106C2000614F3B685D68002D69D00025CA46DFF8DA
:106C3000B0C14FF0010BA846DFF8A8E191460195DD
:106C40003B685B691B6999688945C0F0A6809A69B1
:106C50001C1DD3E90310C86081609168A14251688E
:106C600001F1FF3108BF9060C3F8188051605A6B82
:106C700082B1D3E90A10C86003F12000DE6AB16076
:106C800091688142516801F1FF3108BF9660C3F8F5
:106C900034805160D96BDCF800000BFA01F202433A
:106CA000CCF800204A015EF802600EEB4112B6F10A
:106CB0005A3F906851D1D669B6F15A3F4DD15E68BE
:106CC000B6F15A3F5FD1DE69B6F15A3F5BD1C66873
:106CD000D8601E61C5685668AC60C46001369A61B0
:106CE000324B56601B68019ADB6B994288BF0122C8
:106CF0003B685B680192002BA2D11546D1464FF04C
:106D0000FF33C9F800301CE0274B19684968002997
:106D100032D127491C680868186026480C60016851
:106D20000131016019684968F1B9DFF8B0904FF09E
:106D3000FF33C9F80030D9F800309A42BFF470AF81
:106D400000251D4B1B682BB31C4B1B68002B0CBF75
:106D50002846012003B0BDE8F08F194B41F2D6213F
:106D6000184A194805F0B4FF1B68DFF870905B699A
:106D70005B68C9F800304EE7144B41F29221114A8A
:106D8000134805F0A5FF134B41F2D6210D4A1248D6
:106D900005F09EFF01F0AEFDD6E7019DCAF8001098
:106DA000CFE700BF10410020383D0020303D0020DB
:106DB0003C3D00203C400020404000201C41002081
:106DC0004C1900200405002080350060D4180020F4
:106DD0004C350060141A0020B435006038400020A3
:106DE000AC3F0020443D00202DE9F04387B00E4623
:106DF0000021DDF83C80109C0491B8F1000F24D0F4
:106E000054B399464FF4D87317460593059A9A429E
:106E100029D105462046059B05F072FC28460E9DAB
:106E2000C4F840804B460095022502943A4684F807
:106E3000AC5104AD31460195FFF768FE2046FFF7DF
:106E40005DFC049807B0BDE8F0830A4B40F207519F
:106E5000094A0A4805F03CFF094B4FF4A161064A74
:106E6000084805F035FF084B4FF4A261024A074875
:106E700005F02EFFDC16002038060020E835006003
:106E8000FC1600201C3600601817002050360060E9
:106E90002DE9F043074685B090001646884699468E
:106EA00005F064F9D0B1054601214FF4D87005F022
:106EB00015F90446A8B105644B460D9D324641467E
:106EC000384601950C9D02940095FFF71FFE204661
:106ED000FFF714FC012005B0BDE8F0834FF0FF3050
:106EE000F9E7284605F04AF94FF0FF30F3E700BF15
:106EF000F8B50446374E01F051FC002C3ED0271D5A
:106F0000384601F09FFB68B9E26B334B03EB421349
:106F10005B683BB93149012303FA02F20B6823EAAB
:106F200002030B60636B1BB104F1200001F08AFBCC
:106F30002B4A2C4D1368013313603368A3422B682E
:106F400026D0294A1368013B1360284B1A685268FF
:106F50007AB11A68264B526952681A6001F044FCF3
:106F60002046FFF705FD2B6813B13368A3421CD000
:106F7000F8BD1F4B4FF0FF321A60EFE73468002C6A
:106F8000BDD11C4B40F6B2011B4A1C4805F0A0FEC7
:106F9000002BD6D039461A4801F0E2FA194A136894
:106FA0000133136001F020FCDDE7174B1B6853B978
:106FB0004FF0E0234FF08052C3F8042DBFF34F8F02
:106FC000BFF36F8FF8BD114B40F62B110A4A1048E2
:106FD00005F07EFE303D0020443D0020AC3F002007
:106FE000A83F0020644000209C3F0020383D002046
:106FF0003840002054120020C8050020843600606C
:10700000F0400020A03F0020A43F00206C12002090
:10701000B836006010B500238AB04921274AADF880
:107020002430CDE9073307AB8DF81C1012F8014F5F
:1070300003F8014F002CF9D106AA05A904A8CDE94F
:10704000044405F041FE234607A90094DDE904024B
:10705000CDE90120069A1A48FFF7C6FE194B1860C1
:1070600018B9194B1B680AB010BD01F0B1F901281D
:1070700008D00130F5D1154B40F6C361144A1548CC
:1070800005F026FE4FF0200383F31188BFF36F8FC6
:10709000BFF34F8F104B114A1B68114978331360AF
:1070A0004FF0FF330F4A0B600F4B10601C6005F070
:1070B000FBFD054B1B680AB010BD00BF1814002073
:1070C000D506000030400020E825002020140020D4
:1070D00064050020603A0060303D002078250020E3
:1070E000384000206440002010410020024A13680C
:1070F00001331360704700BFA43F00202DE9F04F1B
:10710000664C83B001F04AFB2368002B00F0A78097
:107110002368013B23602068002840F08A80604B90
:107120001B68002B00F085805E4E7368002B68D0D2
:107130005D4F4FF00108DFF8A4E18146DFF898B118
:1071400073691B695A6B03F12005D3E90A01C16019
:1071500088609068A84208BF91605168C3F8349075
:1071600001395160986903F1040C3D68D3E90321AA
:10717000D1608A6082686245426808BF8160013AD6
:10718000D96BC3F81890426008FA01F22A433A60BA
:107190004A015EF802500EEB4112B5F15A3F906879
:1071A0004FD1D569B5F15A3F4BD15D68B5F15A3F22
:1071B0004ED1DD69B5F15A3F4AD1C568D8601D612D
:1071C000556805F1010ADBF80050ED6B0195C568C3
:1071D000C5F808C0C0F80CC09A61019BC2F804A0B1
:1071E000994202D9314BC3F800807368002BA7D1B4
:1071F0002F4B1A685268002A4AD12E4B4FF0FF32AB
:107200001A602D4E294F3568002D30D04FF00108FF
:1072100006E0FFF7F5FC08B1C7F80080013D25D076
:107220002368002BF5D033680133336001F062FB33
:10723000F4E70020019001F0D7FA019803B0BDE80F
:10724000F08F1E4B40F6D5711D4A1E4805F040FDDB
:107250001D4B40F6D5711A4A1C4805F039FD1C4BF0
:1072600040F6C171164A1B4805F032FD35603B6897
:10727000002BDED04FF0E0234FF080521649096812
:10728000C3F8042DBFF34F8FBFF36F8F0120D1E7F9
:107290001A68084B526952681A60B2E7A43F00208E
:1072A0009C3F002044400020AC3F00201C410020B7
:1072B000383D002038400020404000204C1900207C
:1072C00054050020C83A0060141A0020FC3A0060FF
:1072D000941F0020943A0060303D0020443D00207F
:1072E00008B560B10F4B1A6801321A601B68012B98
:1072F00010D10021FFF7B6FAFFF700FF48B94FF0B1
:10730000E0234FF08052C3F8042DBFF34F8FBFF33B
:107310006F8F08BD044B40F6A511044A044805F0E0
:10732000D7FC00BFA43F0020601700208C05002080
:10733000CC3B0060014B1868704700BF1041002033
:1073400008B14430704708B5054B186808B144309F
:1073500008BD044B41F28B01034A044805F0B8FC18
:10736000303D00205412002044050020003C006005
:1073700008B5054B186800B108BD044B41F2AE11C9
:10738000034A044805F0A4FC30400020A81800205F
:1073900018050020043D006008B5074B1B681BB9A9
:1073A000BDE80840FFF72CBC044A136801331360A2
:1073B00001F0A0FA002008BDA43F002040400020BA
:1073C000044B1B681BB1044B01221A607047FFF786
:1073D0002FBB00BFA43F00201C41002010B558B1B6
:1073E000094B0C461968203101F0EEF820460121C6
:1073F000BDE81040FFF736BA044B41F2B541044AEC
:10740000044805F065FC00BF303D002088120020D4
:10741000D8040020703E0060F8B5002842D08C46A9
:10742000016803468568B1F15A3F2DD1C169B1F1B8
:107430005A3F29D11F4C2168096AB1F15A3F2AD11C
:107440002168896BB1F15A3F25D1002A1146226883
:10745000EE6808BF6046956218BF4FF0FF302268A3
:10746000D662266822682768203602F120045A680E
:1074700002F1010CEA689660EC607B63C3F804C01B
:10748000BDE8F840FFF7EEB90B4B41F2FF410B4A64
:107490000B4805F01DFC0B4B41F2FF41074A0A481F
:1074A00005F016FC094B41F2F341044A084805F087
:1074B0000FFC00BF303D0020C012002088040020D7
:1074C000A83F006040130020DC3F006088120020CD
:1074D000743F006043691B6970B5002B76D05A6B0E
:1074E00003F120040025D3E90A01C1608860906897
:1074F000A042484808BF91605168006801395D6347
:10750000516030B3444A10689168B0F15A3F6BD172
:10751000D069B0F15A3F67D1186AB0F15A3F71D1C2
:10752000986BB0F15A3F6DD1C868C3E90A10C868BA
:107530008460CC60D96B5A63384B50681B6801304B
:10754000DB6B506099423FD90123354A18461360DE
:1075500070BDD3E903109A691C1DC8600026186924
:10756000304D81609168A142D96B08BF906050682E
:107570009E6101385060012228688A400243480118
:107580002A60294A155802EB4112B5F15A3F90681A
:1075900023D1D569B5F15A3F1FD15D68B5F15A3F86
:1075A00029D1DD69B5F15A3F25D1C568D8601D6183
:1075B000C6685568B460C46001359A61174B556060
:1075C0001B68DB6B9942BFD8002070BD174B41F29E
:1075D0002A51174A174805F07BFB174B41F23051EF
:1075E000134A164805F074FB154B41F24451104AFA
:1075F000144805F06DFB144B41F230510C4A13480E
:1076000005F066FB124B41F24451094A114805F05E
:107610005FFB00BFA43F002044400020303D00201D
:107620001C410020AC3F0020443D0020981C00205D
:107630003004002010400060A81C0020444000607E
:10764000441E0020AC400060841D00207840006093
:10765000DC1E0020E0400060034A044B12681B68F7
:10766000C0E90023704700BF3C40002010410020CB
:10767000F0B583B0002835D00D46002939D0044636
:1076800001F08CF81E4A1F4B17681968666891F85C
:10769000AD0150B11B680022012083F8AD2101909B
:1076A00001F0A2F8019803B0F0BD2B68591CF6D088
:1076B000DFF868C02168DCF80000814205D0BE42D6
:1076C00003D8002301202B60E9E7B81B8342F8D9D7
:1076D000DB1BDCF800101268002033442B60C4E987
:1076E0000012DCE7084B41F2DA51084A084805F07D
:1076F000EFFA084B41F2DB51044A074805F0E8FA7B
:1077000010410020303D00200C140020C403002054
:1077100018420060CC1600204C4200603C40002023
:10772000014B01221A6070471C410020014B186870
:10773000704700BF303D0020054B1B6833B1054B3F
:107740001868B0FA80F04009400070470120704787
:1077500064400020A43F0020F8B50446B8B1334D82
:10776000C36B2A68D26B934212D2426A002A04DBAE
:107770002A68D26BC2F10A0242622D4EA26906EB60
:1077800043139A420CD02B680120DB6BE363F8BDF6
:107790002B68C06DDB6B98422CBF00200120F8BD28
:1077A000271D384600F04EFF224A40B32B680120C7
:1077B0001568DB6B5901E363715806EB431600FA59
:1077C00003F3B1F15A3F43EA05031360B3681ED1D6
:1077D000F269B2F15A3F1AD16268B2F15A3F1DD133
:1077E000E269B2F15A3F19D1DA68E3602261726846
:1077F000D96801328F60DF60A6617260F8BDE36B0B
:1078000001219940136823EA01031360CEE70A4B74
:1078100041F61D21094A0A4805F05AFA094B41F67A
:107820001D21064A084805F053FA00BF303D0020EC
:10783000443D0020AC3F0020F41A002060030020EB
:107840001C430060D41B00205043006088B1F8B591
:10785000334B04461B68834246D11B6E002B4AD033
:10786000C16B013BC26D0366914200D01BB1002089
:10787000F8BD00207047051D284600F0E3FE2949A9
:1078800030B90122E06B0B68824023EA02030B60EF
:10789000E36D01200F68C3F10A025E01E3636262D7
:1078A000214A965902EB431200FA03F3B6F15A3F0C
:1078B00043EA07030B60936824D1D169B1F15A3FC1
:1078C00020D16168B1F15A3F23D1E169B1F15A3F4A
:1078D0001FD1D968E36021615168DE680131B5606C
:1078E000DD60A2615160F8BD104B41F66321104A82
:1078F000104805F0EDF9104B41F664210C4A0F4891
:1079000005F0E6F90E4B41F68521094A0D4805F0D0
:10791000DFF90D4B41F68521054A0C4805F0D8F9F1
:10792000303D0020AC3F0020443D0020C41A002020
:107930001803002084430060DC1A0020B843006074
:107940004C190020EC430060141A00202044006011
:1079500070B1036E70B50446002B4AD0C06DE26B67
:10796000814238BF0146012B01D18A4201D170BD4D
:1079700070472E4B1B68A34242D0636AE163002B21
:1079800002DBC1F10A016162294DA36905EB4212D4
:107990009342ECD1261D304600F054FEE36B0122E9
:1079A00024499A4018B9086820EA0200086008686B
:1079B00002430A605A0105EB4313A9589A68B1F1D2
:1079C0005A3F24D1D969B1F15A3F20D16168B1F150
:1079D0005A3F23D1E169B1F15A3F1FD1D168C4E9BF
:1079E0000321D1688E605968D6600131A361596066
:1079F00070BD114B41F6C121104A114805F068F9DC
:107A0000104B41F6DC210D4A0F4805F061F90F4B90
:107A100041F60431094A0E4805F05AF90D4B41F67A
:107A20000431064A0C4805F053F900BF303D0020F0
:107A3000443D0020AC3F0020DC1A002078060020E6
:107A400054440060F4130020884400604C19002066
:107A5000BC440060141A0020F0440060034B186816
:107A600010B1036E01330366704700BF303D002044
:107A700003282DE9F04383B063D8384D1E460446F1
:107A800017462B68034493F8A831022B01D00A9BB8
:107A900033BB00F083FE2EB12B6804F1660253F86D
:107AA000223033602B68234493F8A831022B0CD08A
:107AB00000202B6800220190234483F8A82100F0C5
:107AC00093FE019803B0BDE8F0832B68012003EB1F
:107AD0008403D3F8982122EA0702C3F89821E8E743
:107AE0001F4A884613680133136000F057FE2B6865
:107AF000234493F8A831022B2AD02B684FF00109B8
:107B000003EB8403D3F8982122EA0802C3F89821F2
:107B10002B68234483F8A89100F066FE49460A9832
:107B2000FEF7A0FEFFF7EAFA0028B2D14FF0E023FB
:107B30004FF08052C3F8042DBFF34F8FBFF36F8F08
:107B4000A7E7084B41F67B61074A084805F0C0F8F3
:107B500000F04AFEFFF7D2FA9BE700BF303D00205D
:107B6000A43F0020E80F0020600600205845006078
:107B70002DE9F041032982B0DDF8208000F29280E7
:107B80000446002800F095800D4617461E4600F07A
:107B900005FEB8F1000F05D005F1660354F8233057
:107BA000C8F800306319022193F8A82183F8A811BE
:107BB000D3B2042E00F29B80DFE806F009535E0684
:107BC0000300022B00F08A80663544F82570012BF3
:107BD0003FD1A369251D00204B4ED4E90312D6F8EE
:107BE00000C0CA6091609968A942E16B08BF9A60C1
:107BF0005A68A0610120013A5A604B01434AD758A4
:107C000000FA01F302EB411243EA0C03B7F15A3FC9
:107C10003360936854D1D669B6F15A3F50D1666843
:107C2000B6F15A3F53D1E669B6F15A3F4FD1DE68FB
:107C3000E36026615668DF680136BD60DD60636B16
:107C4000A2615660002B4BD1314B1B68DB6B994214
:107C50001DD80120019000F0C7FD019802B0BDE8D9
:107C6000F08104EB8505012BD5F8982142EA070243
:107C7000C5F89821ADD0ECE704EB8505012BD5F8CC
:107C8000982102F10102C5F89821A2D0E1E74FF056
:107C9000E0234FF08052C3F8042DBFF34F8FBFF3A2
:107CA0006F8FD7E71B4B41F6EF611B4A1B4805F06E
:107CB0000FF81B4B41F6F061174A1A4805F008F817
:107CC000194B41F63171144A184805F001F8184B68
:107CD00041F63171104A174804F0FAFF0020B9E765
:107CE000154B41F634710C4A144804F0F1FF144A64
:107CF0001268002A3FF46BAF124B41F62571064A19
:107D0000114804F0E5FF00BFAC3F0020443D0020D7
:107D1000303D00207C1700204C0600208C45006080
:107D200090170020C04500604C19002028460060D4
:107D3000141A00205C460060C017002090460060C6
:107D400010410020A0170020F44500602DE9F0410B
:107D5000DDF81880002800F0BF8003290D4600F2EE
:107D6000C28016461F46044600F06EFDEFF3118CEC
:107D70004FF0200383F31188BFF36F8FBFF34F8F52
:107D8000B8F1000F05D005F1660354F82330C8F8A8
:107D900000306019022290F8A83180F8A821D8B2EA
:107DA000042F00F2CC80DFE807F00A4B56060300F0
:107DB000022800F09F8005F1660144F82160012847
:107DC00004D001208CF31188BDE8F081636B002B97
:107DD00040F09280604B1B68002B47D05F4B1968C6
:107DE0009A68B1F15A3F40F09580D969B1F15A3F94
:107DF00040F09080216AB1F15A3F40F09280A16B2F
:107E0000B1F15A3F40F08D80D16804F12000C4E9FF
:107E10000A21596801315960D1688860D060E26BED
:107E200063634F4B1B68DB6B9A42CAD9079B13B144
:107E30000123079A136001234A4A18461360C1E7D9
:107E400004EB85010128D1F8983143EA0603C1F813
:107E50009831B6D1BAE704EB85010128D1F8983101
:107E600003F10103C1F89831ABD1AFE7A369201D3D
:107E7000D4E90312CA609160996881423A4908BF07
:107E80009A6000220D68A2615A68013A5A60012383
:107E9000E26B93402B430B605101344B5D5803EB75
:107EA0004213B5F15A3F99682DD1DD69B5F15A3FBA
:107EB00029D16568B5F15A3F3AD1E569B5F15A3F24
:107EC00036D1CD68E16025615D68CE680135B0606E
:107ED000C860A3615D60A4E7254B41F66971254A3E
:107EE000254804F0F5FE254B41F66A71214A2448E5
:107EF00004F0EEFE002065E7224B41F6BF711D4AFB
:107F0000214804F0E5FE214B41F6C471194A20488E
:107F100004F0DEFE1F4B41F6DA71164A1E4804F0EB
:107F2000D7FE1E4B41F6DA71124A1D4804F0D0FE0E
:107F30001C4B41F6C4710F4A1B4804F0C9FE1B4B91
:107F40001B68002B3FF43BAF194B41F6B471094A53
:107F5000184804F0BDFE00BFA43F002044400020AC
:107F6000303D00201C410020AC3F0020443D00205B
:107F700090170020F0050020C44600607C17002008
:107F8000F8460060C0170020604700604C190020D0
:107F900094470060441E0020FC4700600018002049
:107FA00030480060141A0020C847006010410020CB
:107FB000A01700202C470060284B1A6870B50646B1
:107FC00082B01AB11A68126C824219D94FF0E023BC
:107FD000D3F8043DDBB2002B3CD0214D0A24013CF8
:107FE00028463146203DFEF763FB84B10028F6D0D9
:107FF0004FF0E023D3F8043DDBB22BB302B070BDE9
:108000001A68126D8242E1D3186802B070BD002870
:10801000EED1144B1868FEF74BFB0028E8D1124B49
:108020001868FEF745FB0028E2D11048FEF740FB38
:108030000028DDD10E48FEF73BFB4FF0E023D3F8DC
:10804000043DDBB2002BD9D1019000F0CDFB0198AB
:1080500002B070BD00F0A2FBBFE700BF303D0020C2
:10806000643E0020383D00203C3D0020F0400020D0
:10807000D0400020F0B5124C83B000F08FFB256893
:1080800025B103B0BDE8F04000F0AEBB0D4F0E4E81
:10809000384600F049FA304600F046FA0B4A00959F
:1080A000102117600A200A4A0A4B16600A4A00F09B
:1080B0000FFD206003B0BDE8F04000F095BB00BFAD
:1080C00014410020B03F0020D03F0020343D00206C
:1080D000403D002068400020DC3E00202DE9F041BA
:1080E0001F4F05460E463B685B691C6904F1040896
:1080F000404600F0A7FA94F830305A070DD423F028
:108100000103204684F83030A36ABDE8F0411847E7
:1081100062451BD81D46A36A9847226AA6EB050C48
:1081200020466461AB182CBF012100219E42A36050
:10813000EED2AE4201D20029ECD03868414600F0C0
:1081400043FAA36A2046BDE8F0411847054B414673
:10815000186800F039FAA36A2046BDE8F0411847D4
:10816000343D0020403D00202DE9F04F914E85B078
:10817000DFF854824FF0000A8F4FDFF850923368D7
:108180005D68002D00F0D7805B695D68FEF7AEFF8B
:10819000FFF7D0F8D8F80030044698426AD38542F9
:1081A000C8F8000000F2F680FEF7A8FF2146284636
:1081B000FFF794FFCDE900AACDE902AA00226946A3
:1081C000386800F003FE0028D9D0009B002BC0F2D5
:1081D000A080029C002CF1D0A36913B1201D00F0F7
:1081E00031FAFFF7A7F8D8F800300546984212D3C5
:1081F000009BC8F80050013B082BDFD8DFE803F0F4
:10820000151579638015157963005B694FF0FF31AF
:108210005868FFF763FF33685A68002AF5D1D9F828
:108220000020C9F800303260E2E794F830C0019ACB
:10823000216A4CF001006461531884F830002CBFAF
:1082400001200020AB42A3606CD8AA1A914200F230
:10825000A3801CF0040F23D12CF0010384F83030EC
:10826000A36A20469847A9E75B694FF0FF31586839
:10827000FFF734FF33685A68002AF5D1D9F8002097
:10828000C8F80040C9F800303260FEF737FF91E7C8
:10829000EB1A8B4278D3A36A20469847216A5B4643
:1082A00013EB010B64612CBF012200225D45C4F871
:1082B00008B0EDD29D4201D2002AECD0211D3068D9
:1082C00000F082F9CCE794F83020019B42F00102E3
:1082D000236284F83020002B64D02B44211D64617C
:1082E000AB42A36094BFD9F80000306800F06CF98D
:1082F00064E794F8303023F0010384F830305DE710
:1083000094F830309A073BD523F0010384F83030DD
:1083100054E7019BDDE902019847009B002BFFF623
:108320004DAF56E7AA4201D9002892D0211D3068EE
:1083300000F04AF942E7FEF7D9FEFEF7FBFFD8F856
:1083400000300446834295D8D9F80030C8F8004080
:108350005A68B2FA82F25209291B386800F018FFF5
:10836000FEF7CCFE00287FF425AF4FF0E0234FF05E
:108370008052C3F8042DBFF34F8FBFF36F8F19E7FF
:10838000204603F0FBFE19E7211DD9F8000000F09C
:108390001BF965E70022DFE7211DD9F8000000F096
:1083A00013F90BE7054B40F20E41054A054804F06E
:1083B0008FFC00BF343D0020144100202C0D002014
:1083C000F80300203C4B006034400020403D00207A
:1083D00030B589B0FFF74EFE114B1B68CBB10024BE
:1083E00007AA06A905A80925CDE9054404F060FC03
:1083F0002346079A0095DDE90501CDE901100949F9
:108400000948FEF7F1FC094B186010B1012009B0D2
:1084100030BD074B4FF4A371064A074804F058FCDF
:1084200014410020CC1F0020391E000018410020FC
:10843000D41F00204C040020704B00602DE9F04157
:10844000804634200D4616461F4603F08FFE044634
:10845000A8B1002380F83030A5B1FFF70BFE069BD2
:10846000201DC4F80080A362C4E9085700F070F82A
:108470002EB194F8303043F0040384F830302046B5
:10848000BDE8F081034B40F2A911034A034804F010
:108490001FFC00BFB01F0020AC030020A44B0060F5
:1084A00010B5134C84B023688BB180B105290290BC
:1084B000CDE9001214DCFFF73FF902284FF000036A
:1084C00008D0694620681A4600F048FB00E000200A
:1084D00004B010BD069A6946206800F03FFBF7E73C
:1084E000044B4FF4EB71044A044804F0F1FB00BF65
:1084F00014410020DC1F002078030020404C006065
:1085000008B5054B186800B108BD044B40F22121A5
:10851000034A044804F0DCFB18410020002000203E
:1085200030030020A84C00604FF05A3300F10C02D9
:1085300000210360C36110B44FF0FF34C0E90112A1
:10854000C0E90334C0E905225DF8044B704700BF61
:108550004FF05A330022036042618361704700BFCD
:1085600002688368B2F15A3F10B516D1C269B2F100
:108570005A3F12D10A68B2F15A3F14D18A69B2F156
:108580005A3F10D1DC684268C1E902340132DC682C
:10859000A160D9604861426010BD064B7321064A54
:1085A000064804F095FB064B7421034A054804F085
:1085B0008FFB00BF80100020F4020020E44E00601A
:1085C000F0100020184F006038B503684D68B3F113
:1085D0005A3F20D1C369B3F15A3F1CD10B68B3F1A4
:1085E0005A3F1ED18B69B3F15A3F1AD16B1C0FD081
:1085F00000F10C031C469B685A68AA42FAD94268EB
:108600008B600132D960CC60A1604861426038BDA6
:108610008469A368F3E7064B9621064A064804F0EE
:1086200057FB064B9721034A054804F051FB00BF56
:1086300080100020C80200204C4F0060F010002085
:10864000804F0060426910B49468D0E902138442FC
:108650005DF8044BCB6099604FF0000108BF936058
:1086600053684161013B18465360704700F062BE99
:1086700000B54FF0FF3483B0002300941A4619462A
:108680001846FFF7F5F900F0F9FDF5E700B50A2403
:1086900083B0002300941A4619461846FFF7E8F9FC
:1086A00004F0FEFAF5E700BF30B5002383B0154CA7
:1086B0004FF4807214491548CDE900312146FEF788
:1086C000E7FB01221249002304F108000091114642
:1086D000FFF7B4FE0546FEF72DFE002302460121FA
:1086E00000932846FFF7DCFE0A4D082000234FF4D4
:1086F000807204F11001CDE900050748FEF7C8FBC0
:1087000003B030BDB44F00609C3800205D230000F2
:108710003D230000A038002041230000064B1968CB
:108720000868B0E8F04F80F30988BFF36F8F4FF00F
:10873000000080F311887047303D0020EFF309807E
:10874000BFF36F8F144B1A681EF0100F08BF20ED97
:10875000108A20E9F04F10602DE909004FF0200049
:1087600080F31188BFF34F8FBFF36F8FFEF728FEA2
:108770004FF0000080F3118809BC19680868B0E860
:10878000F04F1EF0100F08BFB0EC108A80F309887C
:10879000BFF36F8F70470000303D002008B54FF0E9
:1087A000200383F31188BFF36F8FBFF34F8F0A4A03
:1087B00013680133012B136000D008BD4FF0E02394
:1087C000D3F8043DDBB2002BF7D0044B40F2F71195
:1087D000034A044804F07CFAE425002074110020C8
:1087E00064040020AC510060084A08B513682BB13E
:1087F000013B13600BB983F3118808BD044B4FF4A0
:10880000FF71044A044804F063FA00BFE425002025
:10881000B811002004030020E851006008B54FF0B3
:10882000200383F31188BFF36F8FBFF34F8FFEF7E1
:10883000B3FD28B14FF0E0234FF08052C3F8042D70
:10884000002383F3118808BD08B5EFF305830F2BD0
:1088500005D90F490F4A5B5C12789A420AD84FF04B
:10886000E0230D4AD3F80C3D126803F4E063934211
:1088700007D808BD094B4FF46271094A094804F052
:1088800027FA094B4FF46671054A084804F020FAAC
:10889000F0E300E0314100207C3F0020CC110020BB
:1088A000D402002024520060F811002060520060C1
:1088B000EFF311814FF0200383F31188BFF36F8F23
:1088C000BFF34F8F044A13780133DBB2012B1370CF
:1088D00008BF5170704700BF60210020044A137820
:1088E000013BDBB2137013B9537883F311887047DF
:1088F000602100200449054A4968054B1960136846
:1089000001331360704700BF001000E0D43E002028
:10891000D03E002070B51546826D0446066D2AB91A
:10892000056865B301361046266570BD7DB940689F
:1089300000F0B4FF6368A26D1344A26893426360C1
:1089400019D32268013628466260266570BDC0686A
:1089500000F0A4FFA26DE36851429B1A2268934283
:10896000E36002D2A3680B44E360022D0DD0013610
:108970000020266570BD01362846266570BD8068DA
:108980000136FEF763FFA560CEE7012E4FF0000031
:1089900038BF0126C8E700BF70B50546FFF7FEFEE9
:1089A00095F85D305CB2002C14DD05F1300603E073
:1089B000631EDAB25CB26AB16B6B304653B1FEF73C
:1089C00089FD0028F4D0FEF7ABFE631EDAB25CB27C
:1089D000002AF1D1FF2385F85D30FFF705FFFFF78F
:1089E000DDFE95F85C305CB2002C14DD05F110065C
:1089F00003E0631EDAB25CB26AB16B69304653B110
:108A0000FEF768FD0028F4D0FEF78AFE631EDAB296
:108A10005CB2002AF1D1FF2385F85C30BDE87040DC
:108A2000FFF7E2BE70B540B3456D0446F5B1826D07
:108A3000A2FB0525D5B90E46FFF7B0FE22682565D5
:108A40006260D4E9153101FB03F3591A13440A4457
:108A5000A360FF23E26084F85C3084F85D3026BBBD
:108A600063698BB9FFF7C0FE012070BD134B4FF453
:108A7000B671134A134804F02BF9134B40F2371127
:108A80000F4A124804F024F904F11000FEF722FD09
:108A90000028E7D04FF0E0234FF08052C3F8042DB8
:108AA000BFF34F8FBFF36F8FDCE704F11000FFF7C8
:108AB0003BFD04F13000FFF737FDD3E7BC14002085
:108AC000C404002038590060B41400200459006028
:108AD00030B583B09DF8185023B3E0B11C46C2B145
:108AE000C9B1B2B168230193019B682B21D1002940
:108AF00008BF2246A165012160652260204684F8F6
:108B00005E10019BFFF78EFF204684F8645003B08F
:108B100030BD0029E6D00A4B4FF4D871094A0A4803
:108B200004F0D6F8094B4FF4C271064A084804F025
:108B3000CFF8084B4FF4CB71024A074804F0C8F84D
:108B4000A8140020A8040020D45900607C14002040
:108B50006C5900608C140020A05900602DE9F0438E
:108B600085B00192002800F0978089460446984617
:108B7000002900F09880B8F1020F00F09F80FEF706
:108B8000DBFD002800F0A580A8F102060025B6FA5A
:108B900086F62F46760907E0FFF726FE2046FFF708
:108BA000FBFEFEF7ABFA0125FFF7F8FD226D636DC2
:108BB0009A4243D3002E41D1019B002B5DD0002D62
:108BC00038D0FFF711FEFEF791FAFFF7E7FD94F8B2
:108BD0005C30FF2B01D184F85C7094F85D30FF2B82
:108BE00001D184F85D70FFF7FFFD01A902A8FEF72F
:108BF0003FFD002847D1FFF7D1FD226D636D9A42FA
:108C0000CAD1FFF7F1FD019904F11000FEF7E6FB70
:108C10002046FFF7C1FEFEF771FA0028C3D14FF0DE
:108C2000E0234FF08052C3F8042DBFF34F8FBFF302
:108C30006F8FB8E702A8FEF70FFDC2E7424649462C
:108C40002046FFF767FE636B33B958B9FFF7CCFDD9
:108C5000012005B0BDE8F08304F13000FEF73AFCD6
:108C60000028F3D04FF0E0234FF08052C3F8042DDA
:108C7000BFF34F8FBFF36F8FE8E7FFF7B5FD3046C7
:108C800005B0BDE8F0832046FFF786FEFEF736FA12
:108C9000002005B0BDE8F083134B40F2B931134A10
:108CA000134804F015F8836D002B3FF464AF114BAB
:108CB00040F2BA310D4A104804F00AF8636D012BF6
:108CC0003FF45DAF0D4B40F2BB31084A0C4803F056
:108CD000FFFF019B002B3FF457AF0A4B40F2BE3120
:108CE000024A094803F0F4FFB4140020980300205E
:108CF0000C5B0060E0140020405B00603815002031
:108D0000745B006088150020A85B006070B582B0BD
:108D1000F9B168230193019B682B21D10C460026F1
:108D2000012105462460204684F85E10019BC4E9B9
:108D30001516FFF777FE334632463146204684F853
:108D40006450A6602660E660FFF708FF204602B088
:108D500070BD074B4FF4C271064A074803F0B8FFD5
:108D6000064B4FF4CB71034A054803F0B1FF00BF37
:108D70007C140020A80400206C5900608C14002092
:108D8000A059006038B5A0B185680446FEF7CEFC56
:108D9000854201D0002038BDE368013BE3600BB1A0
:108DA000012038BD1A4619462046FFF7D7FE01209C
:108DB00038BD034B40F2FE21024A034803F088FF0E
:108DC0005C16002014040020DC5B00602DE9F043F9
:108DD00085B00192002800F083800E4604460029E9
:108DE00000F08580FEF7A8FC002800F08B80FFF7DC
:108DF000D5FC256D002D5ED1019B002B37D02F4671
:108E000004F130084FF0E02902A8FEF725FCFFF737
:108E1000EBFCFEF76BF9FFF7C1FC94F85C30FF2B1D
:108E200001D184F85C7094F85D30FF2B01D184F897
:108E30005D70FFF7D9FC01A902A8FEF719FCE0B9A3
:108E4000FFF7ACFC236D2BBBFFF7CEFC019940462E
:108E5000FEF7C4FA2046FFF79FFDFEF74FF908B36F
:108E6000FFF79CFC256D35BB019B002BCFD1FFF795
:108E7000BBFC002005B0BDE8F0832046FFF78CFD69
:108E8000FEF73CF9FFF78AFC236D002BEFD0FFF7CC
:108E9000ABFCE5E7FFF7A8FC2046FFF77DFDFEF7FA
:108EA0002DF9DDE74FF08053C9F8043DBFF34F8F34
:108EB000BFF36F8FD4E7A26D42B1E168A36811449C
:108EC0009942E16029D2304600F0E8FC013D636937
:108ED00025652BBBFFF788FC012005B0BDE8F083BA
:108EE000184B40F2EC51184A184803F0F1FE836D1C
:108EF000002B3FF477AF164B4FF4BE61124A154872
:108F000003F0E6FE019B002B3FF471AF124B40F2E1
:108F1000F5510D4A114803F0DBFE2168E160D2E70C
:108F200004F11000FEF7D6FA0028D3D04FF0E0236A
:108F30004FF08052C3F8042DBFF34F8FBFF36F8FF4
:108F4000C8E700BF6416002050030020B05D006039
:108F500070160020E45D006088150020185E006037
:108F6000F0B585B00191002800F08B80866D044635
:108F7000002E40F09B80FEF7DFFB0546002800F046
:108F80009C8035460027FFF709FC236D002B7FD11D
:108F9000019B002B00F08680002D45D0FFF724FCBC
:108FA000FEF7A4F8FFF7FAFB94F85C30FF2B01D131
:108FB00084F85C7094F85D30FF2B01D184F85D700B
:108FC000FFF712FC01A902A8FEF752FBF8B9FFF760
:108FD000E5FB236D63BBFFF707FC2368002B47D03D
:108FE000019904F13000FEF7F9F92046FFF7D4FCAF
:108FF000FEF784F848B94FF0E0234FF08052C3F8F1
:10900000042DBFF34F8FBFF36F8F0125BBE72046C1
:10901000FFF7C2FCFEF772F8FFF7C0FB236D83B1C8
:109020000125FFF7E1FBAEE702A8FEF715FBB5E768
:10903000FFF7DAFB2046FFF7AFFC0125FEF75EF8ED
:10904000A1E7FFF7D1FB16B9304605B0F0BDFFF739
:10905000A5FB616B19B1636C5968C1F10A01002667
:10906000A068FEF775FCFFF7BFFB304605B0F0BD0A
:10907000FFF794FBA068FEF76FFB0646FFF7B4FB13
:10908000AEE71E4B40F285611D4A1E4803F020FEEC
:10909000013B226823652AB3636993B90126FFF770
:1090A000A3FBD1E71E46FFF79FFBCDE7164B40F22F
:1090B0008961134A154803F00BFE019BB3B90646BC
:1090C00060E704F11000FEF705FA0028E6D04FF043
:1090D000E0234FF08052C3F8042DBFF34F8FBFF34E
:1090E0006F8FDBE7FEF7BAFCA060D5E7084B40F2D4
:1090F0008E61034A074803F0EBFD00BF64160020B1
:109100009C0600204C5E0060DC150020805E006044
:1091100088150020B45E006070B5A0B18668044672
:109120000D46FEF703FB864208D029462046FFF78E
:1091300017FF10B1E3680133E36070BDE3680120FD
:109140000344E36070BD034B40F23A31024A0348E6
:1091500003F0BEFD5C160020DC030020E85E00602A
:1091600008B538B190F85E3003B108BDBDE80840DD
:1091700003F004B8034B40F6D701034A034803F059
:10918000A7FD00BFB4140020780400208C610060AB
:1091900070B504460E461546FFF700FB94F85C30A8
:1091A000FF2B02D1002384F85C3094F85D30FF2B54
:1091B00002D1002384F85D30FFF716FB236D23B145
:1091C0002046BDE87040FFF7E7BB04F130002A46B7
:1091D0003146FEF721F92046BDE87040FFF7DCBBC1
:1091E000EFF3108272B6437F5BB9017F012930B47F
:1091F0000BD0032913D00123437702B962B630BCE8
:1092000070470AB962B670477047124C2168B1B115
:10921000114943610B68086083615861EBE70F4DAA
:109220000F492C688CB143610B68836158614FF022
:10923000E0234FF080540860C3F8044DDBE7064B91
:1092400020601860C0E90511D5E7C0E90544286031
:10925000EDE700BF6C38002078380020743800201B
:109260007038002090F81CC04160BCF1020FC26051
:1092700001D183681847FFF7B3BF00BF70B5EFF3A4
:10928000108272B60C4C206880B10C4E00254369E8
:10929000236073B19D6102B962B6836845779847D0
:1092A000EFF3108272B620680028F0D102B962B6DE
:1092B00070BD3360EFE700BF7438002070380020C5
:1092C000FFF7DCBF1A4A1368FBB1196830B40568B0
:1092D0008D4210D2491B00248360C4601960D8609D
:1092E0001060022330BC0375704702601C68A24204
:1092F00011D3214615461C469B686A1A002BF4D1EF
:10930000C0E902340260A060EBE7C0E90233022347
:10931000106003757047491B836002222144DC689A
:10932000C460D860C468A0601960027530BC704722
:1093300064380020F8B5214D2C6834B30026204F46
:1093400005E0836898476368C3B92C68ECB122686C
:10935000002A2FD1A36803B1DA6020692B6003686B
:1093600026751B68BB4221D1037F4660022BC46077
:10937000E7D0FFF735FF6368002BE6D02046236077
:10938000FFF7A0FF2C68002CE1D1EFF3108272B63A
:109390000C4B00211C68196002B962B62CB1204642
:1093A000A468FFF78FFF002CF9D1F8BD22460021F9
:1093B0009847C8E7013A2260E7E700BF6438002019
:1093C000352F0000683800200449054A4968054BDC
:1093D0001960136801331360704700BF001000E08C
:1093E000D43E0020D03E0020084601F0B3BC00BFB0
:1093F00000B5036883B040F60D2C022201A95B681A
:10940000ADF804C0984703B05DF804FBA249A34B34
:1094100088422DE9F047A24C5E699A69D4F80C8025
:109420001BD9A04B984240F20281C31A9E491B0AE5
:10943000A1FB031340F22761DB0903EB830303EB7A
:10944000830303F2E2438B4228BF0B46A3F5487720
:10945000964BA3FB0737FF0804E0954FB8428CBF3B
:109460000E2706278D4908F01F09D1F88030B9452D
:1094700043F0C003C1F880300CD228F01F08A1F5DA
:10948000F82148EA0708C1F80C800B68002BFCDAC9
:1094900008F01F0916F0007324D186490C6986492B
:1094A000A14300F0EA8082F4805134464FF48055A5
:1094B00014F0605F04D026F060561E43774B5E6167
:1094C00011F4405F07D022F4405274492A438A6164
:1094D0008B6C1A07FCD446F00076704A5661936C88
:1094E0009B06FCD4754CA04200F2CE804FF0010CDC
:1094F0000146634603FB011203F1010E0CF1010565
:10950000A24218D8BEF1080F4FF0010340F08D8041
:10951000BCF1040F00F291800A18A24200F2A4806C
:1095200005FB00F1AC4603F1010E03FB01120CF147
:109530000105A242E6D90CF1FF318C0286EA8121B5
:109540005F4810445F4A90427FD9DFF8A4A16C22A3
:109550005D48584DB0FBFEF0D5F800E0B0FBFCF0E4
:10956000DFF890C10EEA0C0CD44509D042F4005249
:109570004FF4805CC5F800C02A602A68002AFCDA33
:10958000464A156905F007059D4203D01361936CA7
:10959000DD03FCD411F4E05F09D026F4E05604F4B6
:1095A000E0543E4A26435661936C9907FCD44749E0
:1095B000474A014491423CD8464BC909A3FB0131BB
:1095C000090B4B1E1B0286EA030212F4407F06D0F1
:1095D00026F4407603F44073304A334353612F4AF4
:1095E000536923F000735361936C9B06FCD43A4B90
:1095F0004F45A3FB00234FF0FF324FEA9343B0FBEC
:10960000F1F1B2FBF3F3354A1060354A1160354A87
:10961000136008D228F01F08214A48EA0707D760DC
:109620001368002BFCDABDE8F087734662E7122767
:1096300018E74FF440730421C5E70CF1FF312048CF
:1096400007238C02104486EA8121274ADFF8A8A06C
:10965000A2FB0020020D2548362A38BF362202FB25
:1096600000F042EA0A0A74E74FEA8C24002386EAF3
:109670008C214FF0010EAC4662E71D4686F0C054C7
:1096800011464FF0C05313E700244FF0010C02467F
:1096900031462346E64653E700A4781F00C00F403A
:1096A000000008400046C32323B24C001F85EB5145
:1096B00000366E0100800D4040300080FFB19F26D3
:1096C000808D5B00FF7EF64D00643F4D7FD1F0083A
:1096D0007F17B42C9F10E50083DE1B434C21002034
:1096E00048210020CC3E0020819F5E16001BB70061
:1096F0006C2000807F3001800020008000B970471E
:109700002DE9F84F01218146214C224D224E54E88B
:10971000003F2A68306844E80013002BF7D11F4946
:109720004B684FF47A7BDFF878A01B1A01270BFBFC
:1097300002F8DAF80020A3FB02325A4594BF9044A5
:10974000D84454E8003F2A68306844E80073002B8E
:10975000F7D14B68DAF800C01B1A0BFB02F2A3FB2F
:109760000C3CBCF57A7F94BF624402F57A72A2EB9E
:109770000802B2F57A7F06D3B9F1010908F57A78C3
:10978000DFD1BDE8F88F03F07FFA0449D9E700BFC5
:10979000D83E0020D43E0020D03E0020001000E043
:1097A000CC3E0020362816D80201104B03EB0010E7
:1097B0009B5810B4C2685C68144205D061B95DF86A
:1097C000044BC3F888207047836851B1084A5DF89C
:1097D000044B1A60704770475DF8044BC3F884204F
:1097E0007047044A5DF8044B1A607047B0060020C9
:1097F00038F001003830010036280BD8064B020142
:1098000003EB00109A58C36892681A4214BF0120F3
:109810000020704700207047B0060020362829D865
:10982000164B0201012903EB00109A5810B453683B
:10983000C4680ED004290CD023EA04035360836863
:10984000A9B1022917D003290CBF0D4A0D4A1A608D
:1098500007E0234301295360836808D040F63802AB
:109860001A60436815225DF8044B1A60704738226D
:109870001A60F6E77047044A1A60F2E7B006002063
:10988000383001003800010038F0010008B5FCF75D
:1098900013FEFCF7ADFE03F0F7F9FAE7844641EA60
:1098A000000313F003036DD1403A41D351F8043B58
:1098B00040F8043B51F8043B40F8043B51F8043BAA
:1098C00040F8043B51F8043B40F8043B51F8043B9A
:1098D00040F8043B51F8043B40F8043B51F8043B8A
:1098E00040F8043B51F8043B40F8043B51F8043B7A
:1098F00040F8043B51F8043B40F8043B51F8043B6A
:1099000040F8043B51F8043B40F8043B51F8043B59
:1099100040F8043B51F8043B40F8043B51F8043B49
:1099200040F8043B51F8043B40F8043B403ABDD2B8
:10993000303211D351F8043B40F8043B51F8043B5A
:1099400040F8043B51F8043B40F8043B51F8043B19
:1099500040F8043B103AEDD20C3205D351F8043BE9
:1099600040F8043B043AF9D2043208D0D2071CBFB5
:1099700011F8013B00F8013B01D30B8803806046DE
:10998000704700BF082A13D38B078DD010F0030354
:109990008AD0C3F10403D21ADB071CBF11F8013BC4
:1099A00000F8013B80D331F8023B20F8023B7BE713
:1099B000043AD9D3013A11F8013B00F8013BF9D23E
:1099C0000B7803704B7843708B78837060467047D8
:1099D00001F1FF3C70B56646002400E00134B0FBA5
:1099E000F2F502FB1503092B03F1370E03F13003E7
:1099F0005FFA8EFE98BF5FFA83FE9042284606F813
:109A000001EFEBD2631C0022C818CA547CB1624635
:109A10001CF8015F10F8016DA1EB0C0302328CF809
:109A20000060013B521A057023449A42EFDB08465E
:109A300070BD00BF00230F2248F2B82C194610B5A4
:109A40004FF470444FF4806EA0F88C414FF46044A2
:109A5000A0F88E210A46A0F89031B0F888319BB268
:109A600043F0F003A0F8883101EB4103013100EB32
:109A7000431304299C80A3F806E05A841A865A806E
:109A80005A81A3F80EC05A82DA825A83DA83EBD164
:109A9000B0F888319BB243F00F03A0F88831B0F8DA
:109AA00088319BB243F47063A0F8883110BD00BFC9
:109AB000374B384A996F384841F47F0170B5996740
:109AC00041F20106D3F8801045F6C05543F2260452
:109AD0000A43C3F88020FFF7ADFF00F58040FFF791
:109AE000A9FF00F58040FFF7A5FF00F58040FFF7D4
:109AF000A1FF0022A0F503104FF00F0E114600EB5E
:109B000042134FEA421C01329981042A5981A3F879
:109B10000EE09E82DD8020F80C1019829C81EED12F
:109B200000221E484FF00F0E41F20106114645F685
:109B3000C05543F2260400EB42134FEA421C0132A7
:109B40009981042A5981A3F80EE09E82DD8020F8D5
:109B50000C1019829C81EED1002211480F2641F28F
:109B60000105114645F6C05443F2260E00EB4213A0
:109B70004FEA421C01329981042A5981DE819D827B
:109B8000DC8020F80C101982A3F80CE0EED170BD37
:109B900000C00F40000003FC00C03D4000001E401C
:109BA00000401E40074A506A936A19468446506A2C
:109BB000936A9942F9D18445F7D1DB0B43EA4040DF
:109BC000704700BF00400D4072B6EFF30583524C62
:109BD000C4F884301EF0040F0CBFEFF30882EFF3DB
:109BE00009824FF0E0234D4E4D4DD3F8280DD3F8A8
:109BF0002C1DC4E92201D3F8341DD3F8383DC4E943
:109C000024139369C4F89830D369C4F89C3000F0E9
:109C1000A5F884ED280AFFF7C5FF0B214FF0FF32AE
:109C2000C4F8A4000B46C4F880103E49301D5A40C9
:109C3000202402F00103013C01FB03F383EA5202FA
:109C4000F7D1A84202D073680646EFE7324BC3F85B
:109C5000A820BFF34F8F4FF0E0233049324AC3F8BA
:109C6000701FC3F8702FBFF34F8FBFF36F8F2F4A52
:109C700002252F48D36E2F4943F44053D366056025
:109C8000D3692D4823F07F0343F04003D3610B6871
:109C900083423DD8264D00214FF0E0234FF0FF32A4
:109CA00029600126C5F808112449C5F80011C5F836
:109CB0000861C3F88021C3F88421C3F88821C3F860
:109CC0008C21C3F8902101E000F03AF9D5F80C316D
:109CD000002BF9D00134C5F80C614F2CF4D9184B86
:109CE000022018494FF00042C1F840015A63D5F8EC
:109CF0000C313BB9144815490D4A0163D2F80C31B7
:109D0000002BFAD04FF0E023114AC3F80C2DFEE7E8
:109D1000FFF77CFBBEE700BF00FF272080FF272066
:109D2000A8FF27202083B8EDA0FF272000C00F4008
:109D3000004008404C210020803DCD0B009F2400B6
:109D400000900D4000002E4000800F40F100AD0B50
:109D50000400FA0530BFFDE7FFF736BF124AD2F81C
:109D600080305B07FBD5D2F880301048C3F30B235B
:109D70000F4990ED007A07EE903A91ED006AB8EE47
:109D8000477A0C4AF8EEE77A0B4BD2ED006A77EE91
:109D9000C77A93ED007AB8EE477A67EE867A87EE57
:109DA000A60A37EE400A704700810D40BC3E0020F5
:109DB000C43E0020C83E0020C03E0020836BF0B4AB
:109DC0001BB1536843F40043536072B6446B3CB319
:109DD0001A4B2260D3F8B0410C421DD1184E77685F
:109DE00004E07468E41BB4F5166F0BD2D3F840415D
:109DF00044F48044C3F84041D3F8B851D3F840410B
:109E00006404EED50D4007D10C4CC0E90225D4F80E
:109E1000B0310B43C4F8B031426362B6F0BC704756
:109E2000064DC0E90224D5F8B0310B43C5F8B03176
:109E30000263426362B6F0BC704700BF00002E4070
:109E4000001000E070B5056B9DB106462A4600245F
:109E500003E012680134012A0CD0536813F0800328
:109E6000F7D032632CB12846B36B2D689847013C7C
:109E7000F9D170BDC6E90C33F4E700BF30B4D9B9ED
:109E80001F4C204B0021204A01254FF00110996002
:109E90001D60C4E9023180245C60C2F8BC01D2F8C4
:109EA000B0311A482B43C2F8B0310160D2F8B0315A
:109EB000002BFBD130BC70470904154B104C012519
:109EC00041F080019860104A596000F580511D6092
:109ED000D96000F50051A364196100F5405100F507
:109EE0008040596100219861E164D2F8B03143F4B7
:109EF0008033C2F8B031D2F8B031002BFBD1C0E7CB
:109F000000000020C02A002000002E40FC3C002061
:109F1000E02A0020084901220B7802FA00F023EA27
:109F20000000087030B9054AD2F8483123F08003A8
:109F3000C2F84831704700BF2D41002000002E407C
:109F40002DE9F04F974C83B0D4F84471FB07C4F867
:109F5000447153D5D4F8AC21002A4AD0924EDFF890
:109F600060A2DFF87492DFF874B2DFF87482C4F88C
:109F7000AC21D6E90A20D4F8403143F40053C4F8A8
:109F80004031D4F840319D04F5D5D4F8403123F464
:109F90000053C4F840314FF00113C4F8B431D4F881
:109FA000B45115F00115FAD193B28446CAF80050A5
:109FB000B3F5086F00F0CF8100F2DB8040F2023190
:109FC0008B4200F0E78100F29A80822B00F0CB8177
:109FD000B3F5817F40F08A8010F0780F83B200F0F3
:109FE00003824FF00113C4F8C031D4F8AC21002A29
:109FF000BDD16C4AD2F8BC31002B42D17E0616D5B9
:10A00000684BD3F8AC21C3F8AC21D3F8BC21C3F81A
:10A01000BC21D3F8B041002CFBD14FF0FF32C3F884
:10A02000B421D3F8843100F02DFD604B1C60FC019D
:10A0300003D55F4B1B6803B19847B80103D55D4B4F
:10A040001B6803B19847790708D5564BD3F884317C
:10A0500013F4007347D0584B01221A70514BD3F8B8
:10A0600048311A060AD53B0608D5544A13782BB155
:10A07000013BDBB21370002B00F0728203B0BDE82D
:10A08000F08F4F49C2F8BC310868034240F0D181DB
:10A09000464A14681C40B1D05FEA144810D0424EC2
:10A0A0004FF0010998FAA8F5B5FA85F506EBC51049
:10A0B00009FA05F54030FFF7C5FE38EA0508F1D189
:10A0C000A4B2002C9AD0384E4FF0010894FAA4F5AF
:10A0D000B5FA85F506EBC51008FA05F5FFF7B2FEEF
:10A0E000AC43F3D18AE7344A1370B7E7802B7FF48F
:10A0F00078AF344802210580FFF7C0FE75E7B3F55D
:10A10000A06F00F00B81A3F5D063012B3FF669AF80
:10A110002D4B5D68002D3FF464AF1FFA8CFC4FEAB5
:10A12000124E04E01D690C33002D3FF45AAF1A881B
:10A130007245F7D15A886245F4D14FEA1E22032AAC
:10A1400000F0A5811A89000C824228BF0246BEF5A4
:10A15000007F40F0A181184B1C4918781C4B0192DC
:10A16000002818BF19461B48FFF798FB194D019AA4
:10A17000E1E142F221218B427CD033D942F22131FC
:10A180008B4200F081804FF6C0018B427FF429AFF3
:10A1900010F47F4F83B27FF424AF43F46E4363F334
:10A1A0000F0CB5E700002E4000000020003D00200D
:10A1B000943F0020983F002034410020354100208A
:10A1C000FC3C0020843E0020FC0F00205C6200600C
:10A1D000C062006000002020F43C00205DCFC6B8C3
:10A1E000C0012E40B3F5106F66D042F221018B42C0
:10A1F0007FF4F7AE030C072B7FF4F3AEB24BB349F9
:10A20000F560D960B249B360C3F80890C1E9002095
:10A2100001221A60AF4A5A60AF4A1A61D4F8B011ED
:10A2200041F00101C4F8B01102F5805102F500526D
:10A2300059619A61D4F8B031002BFBD1A74AF3647D
:10A2400093600123B264136048F2800353604FF0BF
:10A250000113C4F8BC31D4F8B03143F48033C4F8EE
:10A26000B0314FF48033CAF80030D4F8B031002B4D
:10A27000FBD1BAE680B238B9994BC2F307421968EC
:10A28000984B1960984B1A70944B00229A60F264B4
:10A290000122B3641A6080225A604FF00113C4F89F
:10A2A000BC31D4F8B03143F48033C4F8B031D4F8C1
:10A2B000B031002BFBD198E6C2F307428B4B1A70EA
:10A2C0008B4BC4F8C8318B4BC4F8CC318A4BC4F8E3
:10A2D000D03100F0D9FB80222946884802F010FADC
:10A2E000874B8022C6F8A0B0C6F8E0307B4BF564FF
:10A2F0005A600122B3649D601A604FF00113C4F8E4
:10A30000BC31D4F8B03143F48033C4F8B031CAF86A
:10A310000050D4F8B031002BFBD166E66F4B012121
:10A32000F564196080219D60B36459604FF001139A
:10A33000C4F8BC31D4F8B03143F48033C4F8B03140
:10A34000D4F8B031002BFBD1130C5B0643F08073C3
:10A35000C4F8543149E6654B01216A481B78037003
:10A36000FFF78CFD41E683B210F078007FF439AE40
:10A3700003F07F0258F82210624A1080180600F19C
:10A380009E80CB0701D50123137002215D48FFF7A2
:10A3900075FD2AE610F0780F83B27FF422AE03F049
:10A3A0007F0213F0800F58F8223014BF43F480333B
:10A3B00043F0010348F822300022484BF2649A60CF
:10A3C0000122B3641A6080225A604FF00113C4F86E
:10A3D000BC31D4F8B03143F48033C4F8B031D4F890
:10A3E000B031002BFBD100E603F07F0213F0800FA9
:10A3F00058F8223014BF23F4803323F0010348F8C7
:10A4000022300022354BF2649A600122B3641A6054
:10A4100080225A604FF00113C4F8BC31D4F8B03137
:10A4200043F48033C4F8B031D4F8B031002BFBD101
:10A43000DBE50020086026490C88486842F22101CB
:10A440008C427FF425AE80B200287FF421AE2E49E5
:10A450002E4C03C9A18086284FEA11412060A171CA
:10A460007FF416AE72B62A48017841F008010170F7
:10A47000D2F848110D0605D480200143C2F84401EA
:10A48000C2F8481162B6234A5021117000E6000C50
:10A490002A78824228BF0246BEF5E06F44D11E4BA7
:10A4A0001E4D18781E491F4B0192002818BF1946EF
:10A4B0002846FFF7F3F907236B70019A3BE0C903C5
:10A4C0003FF561AF61E700BFE02A0020F44C0020B7
:10A4D000F037002080000700F45C0020C02A002034
:10A4E000D43E0020903F0020324100203341002024
:10A4F0000200CC00C80002000200C800800000205A
:10A500001993D574843E0020F43C0020883F00203D
:10A510002D41002035410020344100200000202042
:10A52000C06200605C6200602946104D01922846BE
:10A53000FFF7B4F9019A25F01F031544BFF34F8FBD
:10A540004FF0E021C1F8703F20339D42FAD8BFF3AD
:10A550004F8FBFF36F8F05481146FFF78FFC44E51F
:10A560000320FFF7D7FC02F0ABFB00BF0000202068
:10A570002DE9F0471F46831E022B01D9BDE8F08765
:10A58000DFF84C9015460C463C2209EBC0180646F5
:10A590004FEAC01A002108F10400240402F0B0F8C8
:10A5A000B5FA85F20123520944EA427449F80A4097
:10A5B000C8F83870C8F80830002FDFD0034AB3401D
:10A5C00011680B431360BDE8F08700BF003D002019
:10A5D000000000202DE9F0470D46811E022901D917
:10A5E000BDE8F087C701DFF84C909246044640373B
:10A5F0003C2200211E4609EB07082D0408F1040047
:10A6000002F07EF8BAFA8AF2520945EA427249F833
:10A6100007200122C8F83860C8F80820002EDFD0D3
:10A62000034B10341968A2400A431A60BDE8F08752
:10A63000003D00200000002012048160C36101F58C
:10A64000405342F0800210B40124426001F50052F0
:10A65000046001F5805401F58041C46081615DF8BA
:10A66000044BC0E904237047831E0A46022B00D91D
:10A670007047064B00F110014FF0010C03EBC010C6
:10A680000CFA01F14030FFF799BB00BF0000002039
:10A69000831E0A46022B00D970470121024B8140DC
:10A6A00003EBC010FFF78ABB000000204068704732
:10A6B000124A134BD2F8200220F07F40984210B586
:10A6C00084B002D200EB800040000E4C01A90A22A7
:10A6D000FFF77EF901A90023204611F8012B013371
:10A6E0003AB10A2B20F8022FF7D11623237004B0B9
:10A6F00010BD5B00DBB2237004B010BD00441F40EE
:10A7000080969800CC25002000F0DCBA00F0ACBAAE
:10A7100000F010BB00F0CABA00F066BB00F03CBB12
:10A720000846114600F02CBBF8B5144C4FF0E0255C
:10A73000134E4FF4003204EB4024124F06EB401648
:10A740000346C5F88C2121463A883046FFF774FF4E
:10A750003B882344BFF34F8FC5F85C4F2034A3429E
:10A76000FAD8BFF34F8FBFF36F8F03203146FFF747
:10A770008FFF4FF40033C5F80C31F8BD8000202066
:10A78000002B002020410020244B2DE9F0411C88A3
:10A790004368C569C3F30E43E41A002C24DD204945
:10A7A00020480A780078D3B21F4E82421F4807D053
:10A7B00010F8038036F81870C7F50072944218D963
:10A7C0000133002226F81540082B194E88BF134686
:10A7D00026F8152098BFDAB2C554164B0A701A68CD
:10A7E00014441C60BDE8F0812846BDE8F041FFF745
:10A7F0009BBF07EB4820104922462744084401EB41
:10A800004521FFF74BF80B4A284626F818701368C5
:10A810002344BDE8F0411360FFF786BF20410020CC
:10A820002B4100202C410020903E0020B03E002013
:10A83000A03E00208C3E0020800020201D4B1A7876
:10A84000002A36D102F0FF031B4A12788AB32DE9A1
:10A85000F0411A4D2A8852B3194EC2F50068194FBB
:10A860003278194C07EB421704EBC22442463846B3
:10A870002146FFF7E1FE04EB0802BFF34F8F4FF0D4
:10A88000E023C3F8704F2034A242FAD8BFF34F8FB1
:10A89000BFF36F8F04203946FFF7E6FE33780133AC
:10A8A000DBB2032B88BF0023337000232B80BDE86D
:10A8B000F0817047304100203341002022410020C8
:10A8C0002F410020002C0020801020202DE9F04F87
:10A8D00085B0CDE90110002900F0BF800023604C55
:10A8E000DFF89881DFF898A15E4F009301235E4A5C
:10A8F00023705E4B1978B8F8003002EB4119002B39
:10A9000040F0A7801E461D469B464846FFF7CEFEF8
:10A9100010F0800000F08C80BFF34F8F9AF8003069
:10A9200084F800B005B93E68002B7DD13B689B1BC5
:10A93000782B00F287804E4B1B78002B74D002F0EE
:10A94000A3F90122B8F8003015462270002BDCD0A4
:10A95000464AC3F5006011781A4600EBC120454D08
:10A96000C9022844019D954217D20393DDE90151A4
:10A970002A46FEF793FF039B4FF040425B1BA8F86B
:10A9800000303D4BC3F88420BFF34F8F0098002365
:10A990002844237005B0BDE8F08F364BCD180299DE
:10A9A000FEF77CFF00234FF4006229464846FFF77C
:10A9B00043FEBFF34F8F05F1200205F5006393427C
:10A9C00034BF012340234FF0E02205EB4313C2F8CC
:10A9D000705F2035AB42FAD1BFF34F8FBFF36F8F5B
:10A9E00004204946FFF740FE204A13780133DBB2CA
:10A9F000032B84BF00231D4A1370B8F80030019A5E
:10AA0000D11A009A1A4401910092029A1A44002322
:10AA10000292194AA8F80030C2F88430BFF34F8F71
:10AA2000237000297FF462AF009805B0BDE8F08F75
:10AA30004FF400620D4B8AF8000019781346A8F80D
:10AA400000208AE7012300988AF8003005B0BDE8AD
:10AA5000F08F1A46C3F500607FE70198E5E700BF75
:10AA600030410020D43E0020002C00202F41002047
:10AA7000334100208010202000002E402241002081
:10AA80002E410020704700BF2D4B002180222D4811
:10AA900070B51B7800242C4D8B422C4E0CBF4023EC
:10AAA0004FF400732B80338001F02AFE284A2146A0
:10AAB000284B14704FF4807227481C8001F020FE50
:10AAC000264A1021264B0220C2E90044C2E9024472
:10AAD000244AC3E900441470234AC3E90244234BC7
:10AAE0001C70234614602246FFF774FD224631880D
:10AAF00003201F4BFFF73CFD234601222988042039
:10AB0000FFF768FD20460134FFF70EFE082CF9D14F
:10AB1000184B00214A221848184C0460C3F88410CE
:10AB2000C3F88020D3F84821154942F08072C3F859
:10AB3000482121B1134A137843F00103137070BD0B
:10AB400034410020002C002024410020204100201E
:10AB50002F41002022410020002B0020903E0020A9
:10AB6000A03E00202B4100208C3E00202C410020E4
:10AB70005944000000002E40943F00200D45000085
:10AB800000000000364100202DE9F04F4FF0E02397
:10AB90004FF40032DFF8C8A083B0C3F88C218B4695
:10ABA0009AF8004000294FD08046E4B20027DFF831
:10ABB000B490264BABEB070225491B78A34204F166
:10ABC00001043FD0092C234B404628BF00241E5DC2
:10ABD00039F816C00CEB462319441F4B33F81650B6
:10ABE000A5EB0C05AA421CD20CEB462C18491B4CB9
:10ABF00061440192FEF752FE216839F8165058461A
:10AC0000019AA1EB0B012A44394429F8162021604E
:10AC10004FF0E0234FF40032C3F80C2103B0BDE83D
:10AC2000F08F2A462F44FEF739FE0C49E3B2304636
:10AC30000A68A844521B0A608AF80030FFF774FDC6
:10AC4000BB45B6D83846E3E70846E1E72B4100208C
:10AC500080002020B03E0020903E00208C3E00204E
:10AC60002C410020A03E00200B4B0C4A1278197892
:10AC7000D3B28A420DD0013309480A4A092B0A4946
:10AC800028BF0023C35C31F8131002EB4323585C48
:10AC900070474FF0FF3070472B4100202C410020BF
:10ACA000B03E002080002020A03E0020044B10B5C4
:10ACB0001C680CB1204610BD01F0E6FF204610BD17
:10ACC0008C3E00202DE9F84F144E154D33782A782C
:10ACD000934221D0DCB2DFF85090DFF850B0DFF8BB
:10ACE0005080104F0134082C5FFA84FA01D90024F7
:10ACF000A24619F80400DBF8003038F8102037F8C5
:10AD00001010521A9B1ACBF80030FFF70DFD86F891
:10AD100000A02B78A342E5D1BDE8F88F2C4100209C
:10AD20002B410020A03E0020B03E00208C3E0020A1
:10AD3000903E002000B583B001210DF10700FFF720
:10AD400023FF20B19DF8070003B05DF804FB4FF02E
:10AD5000FF30F9E7094B00B583B01B788DF8070089
:10AD60003BB101210DF10700FFF7B0FD03B05DF825
:10AD700004FB03F0FF0003B05DF804FB3341002047
:10AD8000044B1B7803F0FF020BB1FFF79FBD104689
:10AD9000704700BF334100202DE9F0410024DFF867
:10ADA000448001230D4D27460D4E88F8003033783E
:10ADB00028462035A34204F1010405D0FFF776FCB4
:10ADC000030658BF07F50067042CF0D1BFF34F8F7F
:10ADD0000023384688F80030BDE8F081002C0020C0
:10ADE0002F410020304100202DE9F8431D4B1B78F6
:10ADF00013B11D4D2A880AB9BDE8F8831B4EC2F570
:10AE000000691B4933784A461A4C01EB43181A4F24
:10AE100004EBC324012340463B7021460023FFF787
:10AE20000BFC04EB0902BFF34F8F4FF0E023C3F894
:10AE3000704F2034A242FAD8BFF34F8FBFF36F8F09
:10AE400004204146FFF710FC33780133DBB2032BBB
:10AE500088BF0023337000232B80BFF34F8F3B70DC
:10AE6000BDE8F88333410020224100202F4100201B
:10AE7000002C0020801020203041002008B5D0E9AF
:10AE800000325BB1BAB10F4BA3FB0213DB0803EB3B
:10AE90004303B2EB83030AD1012008BD094BA3FB96
:10AEA0000213DB0803EB4303B2EB830301D0D21A96
:10AEB0004260F02AF0D801F0A3FC1C2203460020D7
:10AEC0001A6008BDABAAAAAA70B5044638B319B176
:10AED000B2FA82F67609A2B9206800B36268F2B1CC
:10AEE000184B194902FB03F3B1EBB30F17D3A36857
:10AEF000E3B90022012322606260A260E26018468A
:10AF000070BD1D46049BC0E90012C360FFF7B6FF89
:10AF100003460028F3D06DB90123184670BD01F037
:10AF20006FFC162200230260184670BD002101F05C
:10AF3000E7FBDEE7626831462068A56001F0E0FBD0
:10AF40000123DCE7ABAAAAAA5555551553B94AB94E
:10AF5000002908BF00281CBF4FF0FF314FF0FF3021
:10AF600001F0BAB8ADF1080C6DE904CE00F006F8B6
:10AF7000DDF804E0DDE9022304B070472DE9F04775
:10AF8000089E0D4604460F46002B4AD18A4294463D
:10AF900065D9B2FA82F343B102FA03FCC3F120028D
:10AFA0009F4020FA02F217439C404FEA1C4E1FFAC2
:10AFB0008CF5B7FBFEF1220C0EFB117742EA07423B
:10AFC00001FB05F090420AD91CEB020201F1FF37A8
:10AFD00080F01C81904240F2198102396244121AB9
:10AFE000A4B2B2FBFEF00EFB102244EA024400FBC6
:10AFF00005F5A5420AD91CEB040400F1FF3280F0EC
:10B000000781A54240F204816444023840EA0140CD
:10B01000641B00211EB1DC400023C6E90043BDE8EB
:10B02000F0878B4208D9002E00F0ED800021C6E9A0
:10B0300000050846BDE8F087B3FA83F1002949D13D
:10B04000AB4202D3824200F2F880841A65EB03021D
:10B0500001201746002EE2D0C6E90047DFE702B91B
:10B06000FFDEB2FA82F3002B40F090808A1A4FEA9A
:10B070001C471FFA8CFE0121B2FBF7F507FB1520D8
:10B08000220C42EA00420EFB05F0904208D91CEB6C
:10B09000020205F1FF3802D2904200F2CB80454611
:10B0A000121AA4B2B2FBF7F007FB102244EA0244E2
:10B0B0000EFB00FEA64508D91CEB040400F1FF328C
:10B0C00002D2A64500F2BB801046A4EB0E0440EA73
:10B0D00005409FE7C1F120078B4022FA07FC4CEAAC
:10B0E000030C05FA01F420FA07F3FD404FEA1C496E
:10B0F0002343B5FBF9F81FFA8CFE09FB18551C0C0D
:10B1000044EA054408FB0EF5A54202FA01F200FAF2
:10B1100001F00BD91CEB040408F1FF3A80F08880A1
:10B12000A54240F28580A8F102086444641B9DB2E8
:10B13000B4FBF9F309FB134445EA044403FB0EFE98
:10B14000A64508D91CEB040403F1FF356CD2A645D3
:10B150006AD9023B644443EA0843A3FB0295A4EB8B
:10B160000E04AC42C846AE4656D353D056B1B0EBEF
:10B17000080264EB0E0404FA07F7CA40CC401743F8
:10B18000C6E9007418460021BDE8F087C3F120012C
:10B1900002FA03FC20FA01F225FA01F19D402A434C
:10B1A0004FEA1C471FFA8CFEB1FBF7F007FB1015A6
:10B1B000110C41EA054100FB0EF58D4204FA03F43F
:10B1C00008D91CEB010100F1FF382FD28D422DD997
:10B1D00002386144491B92B2B1FBF7F507FB151128
:10B1E00042EA014205FB0EF1914208D91CEB020232
:10B1F00005F1FF3816D2914214D9023D6244521A29
:10B2000045EA004138E73146304608E73946E6E688
:10B210001046FBE64845A9D2B9EB020865EB0C0ED7
:10B22000013BA3E74546EAE72B4694E74046D1E7D2
:10B23000D0467BE7023D624432E708460AE76444B1
:10B24000023842E703685A004CBF43F0004323F042
:10B2500000431844704700BF2DE9F84329B34F1E3F
:10B26000044615463E464FF0000808EB060101EB88
:10B27000D171491004EBC1094846FFF7E3FF0346CB
:10B28000C80008308F42204409D0AB4209D8FFF7EC
:10B29000D9FF0138A8420AD201F10108E5E7AB4223
:10B2A00005D9884501D04E1EDFE74FF0000948461A
:10B2B000BDE8F883012807D0022807D0044B0028F6
:10B2C0000CBF18460020704702487047024870477C
:10B2D000455600004D5600005556000030B5224B33
:10B2E00083B004468D1E43B301A92846AFF3008006
:10B2F000F0B101992A46FFF7AFFF0146C0B1FFF751
:10B30000A1FF4B68A064012B2BD0002B01F104009E
:10B3100025DBFFF797FF002323650368E064002B1C
:10B3200012DBFFF78FFF03460020236103B030BD1F
:10B3300000230920236103B030BD0C4B0C49C91A0E
:10B34000C91018460191D5E7C3F30360FFF7B2FFB8
:10B35000031E0CBF09200020236103B030BD012370
:10B36000DAE700230520E0E700000000C4690000E0
:10B37000706A00000368DA0710B5044606D49B071C
:10B3800000F1480009D500F06DFC2368590709D584
:10B390001A070ED5DB0613D510BD00F05BFC236841
:10B3A0005907F5D404F1D00000F064FC23681A07B3
:10B3B000F0D404F5A87000F065FC2368DB06EBD43C
:10B3C00004F5E870BDE8104000F0A0BC034600683A
:10B3D00000B11844704700BF704700BF70B5044605
:10B3E0000E46316C2046FFF779FF054688B9326C6E
:10B3F0006261236932462146012098470828F0D02F
:10B40000072806D12846316CFFF7E6FF301D00F013
:10B4100015FCFEF79FFC00BF2DE9F0470D1DD0F88D
:10B420000C80D0F81890074614460FCDADF5727D0C
:10B430000DF10C0CACE80F000FCDACE80F000FCDF8
:10B44000ACE80F0095E80F0002AE4FF0000E8CE85C
:10B450000F00C6F800E020E0336C7B614FF4F0721F
:10B4600031467AA8FEF71AFA3B697AAA394650465D
:10B470009847889B73642146CDE9006905463B46A1
:10B480003A460120C0470446E0B94FF4F0727AA969
:10B490003046FEF703FA082D1AD1316C3846FFF713
:10B4A0001DFF09345FFA84FA05460028D4D0B36B37
:10B4B00073643A46CDE900693B464AF01001012029
:10B4C000C04700B1092528460DF5727DBDE8F0871B
:10B4D000072DF7D12046316CFFF77EFF03A800F05F
:10B4E000ADFB00BFF0B5CB6B0B6401F1040C0E4655
:10B4F0000546BCE80F00F9B001AC0FC4BCE80F0072
:10B500000FC4BCE80F000FC49CE80F004FF0FF37DA
:10B5100084E80F00009706E02B696A4629469847A1
:10B520000828044608D110992846FFF7D7FE0028BE
:10B53000F2D0092079B0F0BD6846FFF71BFF062C5A
:10B54000F7D131462846FFF749FF00BFC160D96BEC
:10B550008261196400221946FFF75EBF70B5C668A4
:10B5600043690B64AEB903690A4604460D460146B9
:10B5700002209847072805D008280FD129462046E1
:10B58000FFF72CFF3046296CFFF726FF281D00F03F
:10B5900055FB0122FFF740FFFEF7DCFBFEF7DAFB6D
:10B5A000C26822B1CA6B0A640022FFF735BFFFF7F9
:10B5B00099BF00BF012912D009D873B90F2A0CD83E
:10B5C00000EB820218465368009A136070470339F3
:10B5D000012994BF012002207047022070470846CD
:10B5E000704700BF00B585B00A46002303A900914B
:10B5F0001946FFF7DFFF039805B05DF804FB00BFB5
:10B60000012912D009D873B90F2A0CD8009900EB80
:10B61000820209685160184670470339012994BFB6
:10B62000012002207047022070470846704700BF83
:10B6300010B584B0002303AC039200940A46194667
:10B64000FFF7DEFF04B010BD70B5D36B136402F1D9
:10B65000040C05460C46BCE80F00ADF50E7D0DF15F
:10B660005C0EAEE80F00BCE80F00AEE80F00BCE8CF
:10B670000F00AEE80F009CE80F004FF0FF368EE899
:10B680000F00169610E0FFF7D3FF214616A8A84733
:10B69000034616AA6946082083B9049B98470528E3
:10B6A00006460CD0092809D026996846FFF716FEF1
:10B6B00003466A460C2116A8002BE4D0092616A8DA
:10B6C000FFF758FE30460DF50E7D70BD2DE9F04FA9
:10B6D000CC6C89B01E4654F8043B06940D461746C0
:10B6E00000F00308002E79D01A0C8DF81D201B04E1
:10B6F000D2B2059304EB820402238DF81C302B6D2B
:10B70000B8F1020F08BFAC6B13F001030CD005A910
:10B71000384600F095FB18B9082009B0BDE8F08F55
:10B72000092009B0BDE8F08FD4F800A0BAF1000FED
:10B73000EDD0019300F008030293022E4AD0B4F832
:10B7400000A0B4F802900434AB6C29F0010B0F2177
:10B7500038469B44FFF746FF834539D82AF001025B
:10B760005A44824294BF002201224FEA490303F067
:10B7700002030AF0010A43EA0A03012B4BD0022B11
:10B7800032D0002BCCD1B8F1000F02D0002A40F00B
:10B79000CD800434D4F800A0BAF1000FCDD105A9B2
:10B7A000384600F04DFB0028BAD1019B002BB3D0E6
:10B7B0000F213846FFF716FF0E2102463846FFF7E5
:10B7C00037FF38466A4A0F21FFF732FF0720A8E704
:10B7D0000022CAE7D4F804900834B5E71B020593A9
:10B7E0008DF81D60032388E7D4F8009029F0004B02
:10B7F000B8F1000F46D12AB1029B002B5BD0BBF100
:10B80000000F73D0B9F1000F00DA04340BF1010B13
:10B8100004EB8B04BEE7B8F1000F19D1B2B1616837
:10B820002268881C4FEAD2723FF47AAF05F15803C0
:10B830000131049300F08E80201DFFF7C7FD04AB9B
:10B8400001462846AFF30080002859D10834A1E70B
:10B850000D213846D5F82090FFF7C4FE8145F5D17B
:10B86000AB6A9C42F2D12046FFF7ECFC0F21024666
:10B870003846FFF7DDFE38462A460021FFF7D8FE9E
:10B8800007204EE70D213846D5F820A0FFF7AAFE85
:10B890008245B7D1AB6A9C42B4D104230022C5E9EA
:10B8A0000B23E318C5F828B06B632368002B59DB22
:10B8B00001230193AAE7994605F15803CDF80C80BE
:10B8C00004F1040AB0461E460EE050460496FFF707
:10B8D0007DFD0022014604AB284609F101090AF169
:10B8E000040AAFF30080D8B9D945EED10D2138460E
:10B8F000FFF778FE049B2862C5E90934062010E7AB
:10B9000081460D213846FFF76DFEB9F1020F04BFE5
:10B910002B46049A286214BF049B43F82C2FEBE7B4
:10B920004646D4F80090DDF80C806BE72046FFF720
:10B9300089FC04340246AC6328461446AFF3008009
:10B9400000283FF4EDAE384622460F21FFF770FE87
:10B950000720E6E60D2138460193FFF743FE019BE1
:10B960002862C9E70BF1010004EB80007CE700BF0F
:10B97000000000000023FFF7A9BE00BF0123FFF76E
:10B98000A5BE00BF0223FFF7A1BE00BF2DE9F04313
:10B990000646C3B091461C46042900F29B80DFE8AE
:10B9A00001F07B56992E0300002C40F09380102A62
:10B9B00000F290800368DC0600F1F38020AF384687
:10B9C00000F0AEF9B46B394600234FF0010C0CFACD
:10B9D00003F212EA090F204603F1010303D050F8E5
:10B9E000042B0A600446042B01F10401EFD1384610
:10B9F000B46300F08BF9002043B0BDE8F083032C62
:10BA000068D194B204EB1243102B4FEA124961D86B
:10BA100003681D0700F1CD8020AF384600F054F9CF
:10BA2000B26B07EBC90154B10B46D01A01EBC4014C
:10BA3000E4001D5843F8045B8B42FAD12244384697
:10BA4000B26300F01FF9002043B0BDE8F083012C81
:10BA50004FEA12481FFA82F938D0052C3AD108EB88
:10BA60000903202B36D8B8F10F0F76D9B9F1000FA2
:10BA700040F083800F2B0BD83368D80708D53046A9
:10BA800023F0010343F0020340F8483B00F0EEF8D6
:10BA9000002043B0BDE8F083E4B9876B23461FFA6A
:10BAA00082FC0120341D00FA03F212EA0C0F394621
:10BAB00004D051F8042B44F823200F460133102BF7
:10BAC000F1D119F40050E3D1B76304E008EB0903A6
:10BAD000102B03D9022043B0BDE8F083B8F10F0F5B
:10BAE000F8D83368DA0706D5304623F0030340F868
:10BAF000483B00F0B3F820AF38464D4600F0AEF8B2
:10BB0000B26B002D5ED04FF0000907EBC80102EBCD
:10BB1000C503043952F8040B41F8040F9A42F9D1D5
:10BB2000B9F1000F54D06F464146102938BF10219B
:10BB300007EBC101843903EBC90253F8045B41F8F8
:10BB4000045F9A42F9D1012C3BD0B8F10F0FB263D8
:10BB500058D9384600F08EF89AE7102B54D932683D
:10BB6000D707A3F1100909D522F00103304643F0AD
:10BB7000020340F8483B00F079F83268530739D4A3
:10BB8000B8F10F0F02D820A800F070F86F463846C1
:10BB9000C8F1100500F072F8002DB26B28DD20AF5F
:10BBA000B3E723F01003036000F5E87000F0B8F885
:10BBB00004E723F00803036000F5A87000F084F8A0
:10BBC0002AE720AF0432B263384600F043F85FE75B
:10BBD000012CF7D0B8F10F0FB2633FF659AF3846DA
:10BBE00000F040F8B9F1000F3FF452AF6F46B0E7F4
:10BBF000134699E7304622F0040240F8D02B00F0BB
:10BC00003DF8BDE720AFEAE73368D90708D523F050
:10BC10000103304643F0020340F8483B00F026F8A9
:10BC200020AF38464D4600F021F8B26B002D7FF46E
:10BC30006AAF384600F016F82AE700BF00F1340179
:10BC400091E838009C46A6464CF8045D90E8FF0F4A
:10BC5000E54600BD90EC210B704700BF80EC210B46
:10BC6000704700BF90EC200B704700BF80EC200BAA
:10BC7000704700BFD0EC200B704700BFC0EC200B1A
:10BC8000704700BFF0EC0201F0EC0211F0EC022171
:10BC9000F0EC0231F0EC0241F0EC0251F0EC026108
:10BCA000F0EC0271F0EC0281F0EC0291F0EC02A1F8
:10BCB000F0EC02B1F0EC02C1F0EC02D1F0EC02E1E8
:10BCC000F0EC02F1704700BFE0EC0201E0EC021181
:10BCD000E0EC0221E0EC0231E0EC0241E0EC025148
:10BCE000E0EC0261E0EC0271E0EC0281E0EC029138
:10BCF000E0EC02A1E0EC02B1E0EC02C1E0EC02D128
:10BD0000E0EC02E1E0EC02F1704700BFB0FC018121
:10BD1000B0FC0191B0FC01A1B0FC01B1704700BFC3
:10BD2000A0FC0181A0FC0191A0FC01A1A0FC01B13B
:10BD3000704700BFEC4600B52DE900502DE9FF1F0C
:10BD40004FF000032DE90C0001A9FFF7CBFBDDF854
:10BD500040E012B0704700BFEC4600B52DE900503E
:10BD60002DE9FF1F4FF000032DE90C0001A9FFF79B
:10BD7000F5FBDDF840E012B0704700BFEC4600B5BF
:10BD80002DE900502DE9FF1F4FF000032DE90C00B5
:10BD900001A9FFF705FCDDF840E012B0704700BFD5
:10BDA000EC4600B52DE900502DE9FF1F4FF00003D0
:10BDB0002DE90C0001ABFFF7C9FBDDF840E012B044
:10BDC000704700BFEC4600B52DE900502DE9FF1F7C
:10BDD0004FF000032DE90C0001AAFFF735FCDDF858
:10BDE00040E012B0704700BF027A03467AB9427A47
:10BDF000A2B14168013A10B44272086803220C1DD6
:10BE00001A7202025C60000E10BC1A607047006873
:10BE1000013A1A7202021A60000E7047B020704791
:10BE200000B585B0002303AA009219460C22FFF743
:10BE3000C1FB039805B05DF804FB00BFFFF7F0BF3E
:10BE40002DE9F04385B007460E464FF0000803ADDC
:10BE50003046FFF7C9FFB028044600F0CB80030648
:10BE600040D500F0F003802B56D0B02B7DD01CD8ED
:10BE7000902B00F09380A02B13D1C34303F0070352
:10BE80004FF47F621A41010702F47F624FF0000312
:10BE900048BF42F4804219463846FFF777FD002834
:10BEA000D6D0092005B0BDE8F083C02B4BD1C62801
:10BEB00000F08980C72800F0A28000F0F803C02BB2
:10BEC00000F0BC80C82800F0BF80C928E9D1304606
:10BED000FFF78AFF020300F00F0002F47022013026
:10BEE000024339E08300DBB203F104090023194661
:10BEF00000950D223846FFF75DFB039B60064CBFA3
:10BF0000A3EB09034B440393002300950D2219462C
:10BF10003846FFF775FB9BE704023046FFF764FFE6
:10BF20002043B0F5004FBCD004010023A2B2194653
:10BF30003846FFF72BFD0028B3D114F4004F18BF8B
:10BF40004FF0010884E700F0F803D02BA9D100F0EE
:10BF50000702013242F40022052301213846FFF78F
:10BF600015FD00283FF474AF9BE7B12837D0B22805
:10BF700000F08780B32856D000F0FC03B42B90D09B
:10BF800000F00702013242F400220123194638462C
:10BF9000FFF7FCFC00283FF45BAF82E700F00D03E5
:10BFA0000D2B3FF47EAF002300F00F0219460095E1
:10BFB0003846FFF7FFFA002300950D221946384650
:10BFC000FFF71EFB44E73046FFF70EFF020300F0C9
:10BFD0000F0002F47022013002430323D6E73046FB
:10BFE000FFF702FF024600283FF45BAF10F0F003BA
:10BFF000CCD056E7B8F1000F32D0002052E73046DF
:10C00000FFF7F2FE024600283FF44BAF10F0F00FAE
:10C010007FF447AF002304213846FFF7B7FC002820
:10C020003FF416AF3DE73046FFF7DEFE020300F0B7
:10C030000F0002F4702201300243A6E700F00F0265
:10C04000013242F42022C8E73046FFF7CDFE00F06F
:10C05000F00200F00F031032013343EA02327BE7B3
:10C0600003AC43460E22414600943846FFF7A2FA3D
:10C07000009443460F2241463846FFF7C1FA404636
:10C0800010E700230D22194600953846FFF792FA73
:10C090003046FFF7A9FE0206039C4FF002090CD5BB
:10C0A00000F07F0000FA09F0044430460394FFF7E3
:10C0B0009BFE030609F10709F2D400F07F0303FA9F
:10C0C00009F304F5017423441DE700BF08B5FFF729
:10C0D000B5FE806C08BD00BF704700BF10B4044CB3
:10C0E00003460A4620685DF8044B194600F002B882
:10C0F0007825002038B5A1FB02148CBB00F046F86F
:10C100000546E0B150F8042C22F00302043A242A38
:10C1100017D8132A1AD91B2AC0E900441DD9242A8A
:10C1200014BF00F1100200F118024FF00003C0E943
:10C13000024404BF04614461C2E9003393602846AD
:10C1400038BD214600F0DCFA284638BD02460023FF
:10C15000C2E900339360284638BD00F10802F6E7D3
:10C1600000F04EFB0C2300250360E8E7024B01467C
:10C17000186800F00BB800BF78250020024B01467C
:10C18000186800F033BC00BF782500202DE9F04F7F
:10C1900001F10B06162E83B0044624D8102900F2B4
:10C1A000BA80FCF785FB102618220220B54F3A44CE
:10C1B000A2F1080153688B4200F0BA805A68D9682E
:10C1C00022F003021A449D68E9608D60516841F0D5
:10C1D00001012046516003F10805FCF77FFB28466A
:10C1E00003B0BDE8F08F36F0070600F19480B1424D
:10C1F00000F29180FCF75CFBB6F5FC7FC0F09A8101
:10C20000730A00F08F80042B00F26F81B30903F1F1
:10C21000390003F1380CC3009A4F3B44A3F10805E1
:10C220005B689D4206D10CE0002980F22781DB6823
:10C230009D4206D05A6822F00302911B0F29F3DDBC
:10C2400060463D69DFF850C265457CD06A6822F0DF
:10C250000302931B0F2B00F37B81002BC7E904CC57
:10C2600080F26C81B2F5007F80F01A81D308796882
:10C2700001334FEA521E012202FA0EF20A4357F826
:10C2800033E0C5F808E007EBC3010839E9607A60DC
:10C2900047F83350CEF80C50831001219940914259
:10C2A00057D8114206D120F003004900114200F195
:10C2B0000400FAD007EBC0094D468646D5F80C803D
:10C2C000454508D11DE1002B80F22481D8F80C806F
:10C2D000454500F01681D8F8042022F00302931B94
:10C2E0000F2BF0DD2046D8E9025408EB060146F09A
:10C2F0000106C8F80460EC60A56043F00104C7E9DA
:10C300000411C1E902CC4C6048F80230FCF7E6FAAF
:10C3100008F1080502E00C2323600025284603B03D
:10C32000BDE8F08F4FF4007340204FF03F0C73E7EF
:10C33000D3689A4208BF02307FF440AF3D69DFF80E
:10C3400058C1654582D17A68831001219940914294
:10C35000A7D9BD686B6823F003094E4503D8A9EB44
:10C3600006030F2B7ADCDFF834B1474BDBF80020F3
:10C370001B680132334405EB090A00F0338103F5F1
:10C3800080530F3323F47F6828F00F08414620467E
:10C39000FAF768F9411C024600F0F380824500F28A
:10C3A000EE803A4B196841441960084600F04E810E
:10C3B000DBF80010019301311BBFA2EB0A01091841
:10C3C000CBF80020196012F0070B00F01781CBF1B9
:10C3D00008010A44CBF5805190440831A1EB0801D3
:10C3E000C1F30B0A514620460092FAF73BF9421C72
:10C3F000DDE9002300F04F81801A00EB0A0819687C
:10C40000BA6048F001005144BD425060196000F02C
:10C410002981B9F10F0F40F227816868A9F10C0C4E
:10C420002CF0070C00F0010040EA0C0068604FF0AF
:10C43000050E05EB0C00BCF10F0FC0E901EE00F298
:10C44000328150681546124B1A688A4238BF19600B
:10C45000104B1A688A4238BF196094E0AA1943F059
:10C46000010346F001066E602046BA605360FCF797
:10C4700035FA0835284603B0BDE8F08FD9681A446C
:10C48000A1E600BF64210020B83B0020883B0020CB
:10C49000B03B0020B43B00206C2100206C25002024
:10C4A000B2F5206F4FEA522363D3142B00F2B7800A
:10C4B00003F15C01C9005B3307EB010E7958AEF163
:10C4C000080E8E4500F091804B6823F003039342E1
:10C4D00002D989688E45F7D1D1F80CE07A68C5E9B0
:10C4E000021ECEF80850CD60D6E6142B59D9542B35
:10C4F00000F29D80330B03F16F0003F16E0CC3005B
:10C500008AE60EF1010E1EF0030F05F108057FF417
:10C51000D5AE51E0424445465368D8F80C1043F07C
:10C520000103536055F8083F2046D9608B60FCF743
:10C53000D5F9F3E6F00806F1080237E62A4420466A
:10C54000536843F0010353600835FCF7C7F9E5E68B
:10C55000A919204646F0010643F001046E60C7E9C0
:10C560000411C1E902CC4C60AB50FCF7B7F90835B7
:10C57000D4E6930903F13901C90038339CE7BD4281
:10C580005FD0BD68686820F003084645A8EB060345
:10C5900002D80F2B3FF762AF2046FCF79FF900252A
:10C5A000BCE603F15C0003F15B0CC30034E659F810
:10C5B00008394B4540F0968010F0030F00F1FF3032
:10C5C000F5D17B6823EA01037B60490099423FF67D
:10C5D000C0AE19B9BDE649000EF1040E1942FAD0F9
:10C5E000704667E603F11008D0E69A104FF0010894
:10C5F0007B6808FA02F21A437A6070E702EB0801DE
:10C600004942C1F30B0A514620460092FAF72AF834
:10C61000431CDDE900237FF4EFAEDA46EFE6542B4E
:10C6200025D8130B03F16F01C9006E3344E7B3F54E
:10C63000AA7F25D8F30B03F1780003F1770CC30030
:10C64000EAE5294B186840441860B1E6CAF30B0CC0
:10C65000BCF1000F7FF4ACAEBD68C84448F00100E7
:10C660006860F0E61546EEE60123536094E7B3F503
:10C67000AA7F23D8D30B03F17801C90077331BE7D6
:10C6800040F25452934223D8B30C03F17D0003F1DE
:10C690007C0CC300C0E5ABF1080BD844A8EB020842
:10C6A0004FF0000AABE605F108012046009300F0C8
:10C6B0009DF9BD68009B68681968C4E640F2545152
:10C6C0008B420BD8930C03F17D01C9007C33F3E658
:10C6D0004FF47E737F204FF07E0C9DE54FF47E710A
:10C6E0007E23E9E67B6870E7883B002010B5034BAA
:10C6F0000446196800F0ACFA204610BD78250020E9
:10C70000830730B548D0541E002A3FD0CAB2034632
:10C7100001E0013C3AD303F8012B9D07F9D1032C2A
:10C720002DD9CDB245EA05250F2C45EA054536D968
:10C73000A4F1100222F00F0C03F1200EE6444FEAA0
:10C74000121C03F1100242E9045542E9025510326D
:10C750007245F8D10CF1010214F00C0F03EB021238
:10C7600004F00F0C13D0ACF1040323F003030433E3
:10C77000134442F8045B9342FBD10CF003042CB148
:10C78000C9B21C4403F8011B9C42FBD130BD644676
:10C790001346002CF4D1F9E703461446BFE71A46C6
:10C7A000A446E0E7154B1B68834225D0416C70B569
:10C7B000054681B100268C593CB1214624682846A3
:10C7C00000F014F9002CF8D1696C0436802EF2D1F7
:10C7D000284600F00BF9A96B11B1284600F006F9C4
:10C7E000E96C11B1284600F001F96B6B1BB12846CA
:10C7F000BDE87040184770BD704700BF7825002025
:10C80000014B1868704700BF7825002070B50D4EA9
:10C810000D4D761BB61006D0002455F8043B0134AC
:10C820009847A642F9D1094E094D761B00F044FA0B
:10C83000B61006D0002455F8043B01349847A642B0
:10C84000F9D170BD48320060483200604C3200605F
:10C8500048320060000000000000000000000000FE
:10C8600000000000000000000000000000000000C8
:10C8700090F800F06DE9024520F007016FF0000C20
:10C8800010F0070491F820F040F049804FF00004C8
:10C890006FF00700D1E9002391F840F000F10800A3
:10C8A00082FA4CF2A4FA8CF283FA4CF3A2FA8CF3DB
:10C8B0004BBBD1E9022382FA4CF200F10800A4FA42
:10C8C0008CF283FA4CF3A2FA8CF3E3B9D1E9042396
:10C8D00082FA4CF200F10800A4FA8CF283FA4CF3CD
:10C8E000A2FA8CF37BB9D1E9062301F1200182FA87
:10C8F0004CF200F10800A4FA8CF283FA4CF3A2FA8D
:10C900008CF3002BC6D0002A04BF04301A4612BA9A
:10C91000B2FA82F2FDE8024500EBD2007047D1E99D
:10C92000002304F00305C4F100004FEAC50514F02C
:10C93000040F91F840F00CFA05F562EA05021CBFFD
:10C9400063EA050362464FF00004A9E7F8B5244FF7
:10C950000C460646FBF7ACFFBB685D68C4F57E611C
:10C960000F3125F003054B1923F47F6323F00F03E8
:10C97000A3F58054B4F5805F07DB00213046F9F75A
:10C9800071FEBB682B44984204D03046FBF7A6FFEB
:10C990000020F8BD61423046F9F764FE01300DD049
:10C9A000104ABB682D1B45F001055D6013683046D9
:10C9B0001B1B1360FBF792FF0120F8BD00213046DE
:10C9C000F9F750FEBA68831A0F2BDEDD43F001033E
:10C9D0005360054B03491B68C01A0860D5E700BFC8
:10C9E00064210020883B00206C250020002961D0B4
:10C9F000F8B50C460646FBF75BFF54F8042C7B4F5A
:10CA0000A4F1080522F0010105EB010CB868DCF87F
:10CA10000430604523F0030300F08B80D207CCF88C
:10CA2000043032D454F8082CAD1A1144AA6807F126
:10CA3000080082426AD00CEB0304D4F804E0EC68EE
:10CA4000D4601EF0010FA26000F0978041F0010356
:10CA50006B60CCF80010B1F5007F35D27868CB0858
:10CA60000122490901338A40024357F833107A60A2
:10CA700007EBC302083AC5E9021247F83350CD600C
:10CA80003046BDE8F840FBF729BF0CEB03025268C3
:10CA9000D00710D4194407F10800DCF808308342AD
:10CAA00073D0DCF80C20DA60936041F001036B6016
:10CAB0006950D0E7704741F00103B1F5007F44F8B9
:10CAC000043CCCF80010C9D3B1F5206F4FEA5123D4
:10CAD00048D28B0903F1390003F13802C300F8187A
:10CAE000FB580838984259D05A6822F003028A420B
:10CAF00002D99B689842F7D1D868C5E902308560B1
:10CB0000DD603046BDE8F840FBF7E8BE0CEB030201
:10CB10005268D20763D40B44DCE90212CA60916008
:10CB200043F001026A603046EB50BDE8F840FBF785
:10CB3000D5BE0B44D10707D454F8082CAD1A1344C2
:10CB4000D5E90212CA60916043F001026A60284A86
:10CB5000BD6012689A4293D8264B30461968FFF799
:10CB6000F5FE8DE7142B0AD9542B1FD80B0B03F1BC
:10CB70006F0003F16E02C300B1E719448DE703F1C2
:10CB80005C0003F15B02C300A9E741F00103C7E9C0
:10CB90000455C5E902006B60695071E7796892102D
:10CBA000012404FA02F20A437A60A6E7B3F5AA7FE9
:10CBB00006D8CB0B03F1780003F17702C3008EE7B0
:10CBC00040F25452934206D88B0C03F17D0003F1DE
:10CBD0007C02C30083E74FF47E737E227FE741F03F
:10CBE00001036B60CCF800104AE700BF642100200D
:10CBF00070250020B83B0020134B9C4610B503F570
:10CC0000806E5CF8083F5C6824F003040F2C21461A
:10CC1000D4BF00200120DCF80C30634508D05A68EE
:10CC2000DB6822F003026345114400F10100F6D1F4
:10CC30000CF1080CE645EED1044B1A685860521A04
:10CC4000C3E907215C6210BD64210020883B0020FD
:10CC500070B50C4C054608460E46FBF729FEFFF75B
:10CC6000CBFF0FCCAC46ACE80F000FCCACE80F000C
:10CC700094E803008CE803003046FBF72FFE2846BB
:10CC800070BD00BF883B00205FF800F00D1B006006
:10CC90005FF800F07D1600605FF800F0011A006098
:10CCA0005FF800F0B92000605FF800F05D1D0060E3
:10CCB0005FF800F0D11B00605FF800F0CD3000603D
:10CCC0005FF800F0253000605FF800F0B51B0060F1
:10CCD0005FF800F0091A00605FF800F08D1C00603A
:10CCE0005FF800F0811B0060000000000000000001
:04CCF000F8B500BFD4
:10CCF40008B10181B0B00084000000007CE2FF7F35
:10CD040001000000D4E5FF7FB0A9028064E6FF7F44
:10CD1400B0B0A880B4E6FF7F01000000BCE6FF7F4E
:10CD2400B0B0AA80F0E6FF7FAE71B280B4E7FF7FB7
:10CD3400AB3F388014E8FF7F010000001CE8FF7F50
:10CD4400B0B0AA8058E8FF7F01000000F8E8FF7F38
:10CD5400AA0DB28074E9FF7FB0AF088014ECFF7FA6
:10CD64000100000024ECFF7FAD3F0280CCEEFF7F8A
:10CD740001000000A8F0FF7F00840480BCF0FF7F66
:10CD840001000000B8F0FF7FB0AD04803CF3FF7FEA
:0CCD940060FFFF7F40F3FF7F0100000004
:10CDA0000000000000000000000000000000000083
:10CDB0000000000000000000000000000000000073
:10CDC0000000000000000000000000000000000063
:10CDD0000000000000000000000000000000000053
:10CDE0000000000000000000000000000000000043
:10CDF0000000000000000000000000000000000033
:10CE00000000000000000000000000000000000022
:10CE10000000000000000000000000000000000012
:10CE20000000000000000000000000000000000002
:10CE300000000000000000000000000000000000F2
:10CE400000000000000000000000000000000000E2
:10CE500000000000000000000000000000000000D2
:10CE600000000000000000000000000000000000C2
:10CE700000000000000000000000000000000000B2
:10CE800000000000000000000000000000000000A2
:10CE90000000000000000000000000000000000092
:10CEA0000000000000000000000000000000000082
:10CEB0000000000000000000000000000000000072
:10CEC0000000000000000000000000000000000062
:10CED0000000000000000000000000000000000052
:10CEE0000000000000000000000000000000000042
:10CEF0000000000000000000000000000000000032
:10CF00000000000000000000000000000000000021
:10CF10000000000000000000000000000000000011
:10CF20000000000000000000000000000000000001
:10CF300000000000000000000000000000000000F1
:10CF400000000000000000000000000000000000E1
:10CF500000000000000000000000000000000000D1
:10CF600000000000000000000000000000000000C1
:10CF700000000000000000000000000000000000B1
:10CF800000000000000000000000000000000000A1
:10CF90000000000000000000000000000000000091
:10CFA0000000000000000000000000000000000081
:10CFB0000000000000000000000000000000000071
:10CFC0000000000000000000000000000000000061
:10CFD0000000000000000000000000000000000051
:10CFE0000000000000000000000000000000000041
:10CFF0000000000000000000000000000000000031
:10D000000000000000000000000000000000000020
:10D010000000000000000000000000000000000010
:10D020005B3530306D735D20746F67676C65000031
:10D030005B313230306D735D20746F67676C6500F3
:10D040000000000000000000B9300000F1430000C3
:10D05000ED430000E9430000E5430000E143000028
:10D06000DD430000D9430000764C697374496E7348
:10D070006572740076506F727456616C6964617485
:10D0800065496E746572727570745072696F7269F9
:10D0900074790000764C697374496E7365727445D7
:10D0A0006E64000076506F727445786974437269DB
:10D0B000746963616C000000785461736B5072692D
:10D0C0006F72697479446973696E68657269740016
:10D0D0007854696D657247657454696D6572446111
:10D0E000656D6F6E5461736B48616E646C650000B2
:10D0F00078517565756552656365697665000000F0
:10D10000785461736B5072696F72697479496E6893
:10D1100065726974000000007854696D6572476536
:10D120006E65726963436F6D6D616E6446726F6D9B
:10D130005461736B00000000785175657565476533
:10D140006E6572696353656E6400000070727649A3
:10D150006E697469616C6973654E657754696D6554
:10D1600072000000785461736B436865636B466FAF
:10D170007254696D654F75740000000078517565D3
:10D18000756554616B654D7574657852656375722C
:10D19000736976650000000070727650726F636587
:10D1A00073735265636569766564436F6D6D616E17
:10D1B00064730000785175657565476976654D75CE
:10D1C0007465785265637572736976650000000056
:10D1D000785461736B52656D6F766546726F6D45FD
:10D1E00076656E744C697374000000007854696D44
:10D1F000657243726561746554696D6572546173DB
:10D200006B00000076506F7274456E7465724372E5
:10D2100069746963616C0000765175657565446574
:10D220006C65746500000000765461736B506C612E
:10D2300063654F6E4576656E744C697374526573A1
:10D2400074726963746564007851756575654765C6
:10D250006E65726963437265617465537461746964
:10D260006300000078517565756547656E65726984
:10D270006352657365740000765461736B506C6122
:10D2800063654F6E4576656E744C6973740000007B
:10D29000765461736B537769746368436F6E74651A
:10D2A00078740000785461736B496E6372656D65C4
:10D2B0006E745469636B0000785461736B476574D6
:10D2C00049646C655461736B48616E646C65000001
:10D2D0007072765461736B457869744572726F72BF
:10D2E0000000000070635461736B4765744E616D9C
:10D2F00065000000785461736B526573756D65410C
:10D300006C6C0000765461736B5374617274536378
:10D31000686564756C65720076506F7274456E64F2
:10D320005363686564756C657200000076546173C0
:10D330006B44656C6179000070727641646443757A
:10D340007272656E745461736B546F44656C61796D
:10D3500065644C697374000070727644656C657422
:10D360006554434200000000765461736B44656C61
:10D37000657465007072764164644E6577546173BC
:10D380006B546F52656164794C69737400000000DE
:10D39000785461736B47656E657269634E6F74692B
:10D3A000667946726F6D49535200000078506F7273
:10D3B0007453746172745363686564756C6572004C
:10D3C000707276496E697469616C6973654E6577D0
:10D3D0005461736B00000000707276437265617473
:10D3E000655374617469635461736B00785461733D
:10D3F0006B47656E657269634E6F7469667900008C
:10D40000785461736B47656E657269634E6F7469BA
:10D410006679576169740000765461736B50726964
:10D420006F72697479446973696E68657269744171
:10D430006674657254696D656F75740078517565B1
:10D44000756553656D6170686F726554616B6500D9
:10D4500000000042C8801F40B8821F400800000042
:10D4600000000042C4801F40B4821F40040000003E
:10D4700000C0004224801F4014821F4010000000A2
:10D4800000C0004228801F4018821F40200000007A
:10D4900000C000422C801F401C821F404000000042
:10D4A00000C0004234801F4024821F400001000061
:10D4B0000040004264811F4054831F40000400006C
:10D4C0000040004280811F4070831F400000020026
:10D4D000004000427C811F406C831F40000001001F
:10D4E0000040004268811F4058831F400008000030
:10D4F000004000423C811F402C831F40010000007F
:10D500000040004244811F4034831F40040000005B
:10D510000040004240811F4030831F400200000055
:10D520000040004248811F4038831F40080000002F
:10D530000000004204811F40F4821F4000000400EC
:10D540000000004208811F40F8821F4000000800D0
:10D550000000004218811F4008831F400000800027
:10D560000000004214811F4004831F40000040005F
:10D570000000004200811F40F0821F4000000200B6
:10D5800000000042FC801F40EC821F4000000100B0
:10D590000000004224811F4014831F40000000044B
:10D5A0000000004228811F4018831F40000000082F
:10D5B000000000421C811F400C831F40000000013E
:10D5C0000000004220811F4010831F400000000225
:10D5D00000000042EC801F40DC821F400010000071
:10D5E00000000042F0801F40E0821F400020000049
:10D5F0000000004234811F4024831F40000000408F
:10D600000000004238811F4028831F400000008036
:10D610000080004294801F4084821F40000004006C
:10D6200000C0004290801F4080821F4000000080A8
:10D6300000800042A8801F4098821F4000008000A8
:10D6400000800042A4801F4094821F4000004000E0
:10D65000004000426C811F405C831F4000100000AE
:10D6600000C0004230801F4020821F408000000028
:10D6700000400042B0811F40A0831F4000000020F6
:10D6800000400042AC811F409C831F4000000010FE
:10D690000040004284811F4074831F40000004004A
:10D6A0000040004288811F4078831F40000008002E
:10D6B000000000422C811F401C831F40000000100E
:10D6C0000000004230811F4020831F4000000020E6
:10D6D000000000420C811F40FC821F40000010002F
:10D6E0000000004210811F4000831F400000200006
:10D6F00000800042C8811F40B8831F4000800000A6
:10D7000000800042C4811F40B4831F4000400000DD
:10D7100000800042C0811F40B0831F4000200000F5
:10D7200000800042BC811F40AC831F4000100000FD
:10D7300000800042D0811F40C0831F4000000200D3
:10D7400000800042CC811F40BC831F4000000100CC
:10D7500000C0004274801F4064821F40000000012E
:10D7600000C0004280801F4070821F4000000008FF
:10D7700000C0004284801F4074821F4000000010DF
:10D7800000C000426C801F405C821F4000004000CF
:10D7900000C000427C801F406C821F4000000004DB
:10D7A00000C0004278801F4068821F4000000002D5
:10D7B00000C0004288801F4078821F400000002087
:10D7C000282028202820267853757370656E64659C
:10D7D000645461736B4C697374202920292D3E7841
:10D7E0004C697374496E7465677269747956616CBB
:10D7F000756531203D3D20307835613561356135C5
:10D8000061554C2029202626202820282028202643
:10D810007853757370656E6465645461736B4C699D
:10D820007374202920292D3E784C697374496E74D5
:10D8300065677269747956616C756532203D3D206B
:10D8400030783561356135613561554C20290000EE
:10D850002820282028202628207078437572726599
:10D860006E745443422D3E7853746174654C6973F1
:10D87000744974656D2029202920292D3E784C6932
:10D8800073744974656D496E74656772697479560D
:10D89000616C756531203D3D2030783561356135ED
:10D8A000613561554C202920262620282028202853
:10D8B00020262820707843757272656E7454434236
:10D8C0002D3E7853746174654C6973744974656D49
:10D8D0002029202920292D3E784C697374497465CC
:10D8E0006D496E7465677269747956616C756532DD
:10D8F000203D3D2030783561356135613561554CCD
:10D90000202900002820282028202628207078524E
:10D91000656164795461736B734C697374735B20D4
:10D92000282070784E657754434220292D3E757823
:10D930005072696F72697479205D2029202920292D
:10D940002D3E784C697374496E7465677269747999
:10D9500056616C756531203D3D203078356135610B
:10D9600035613561554C2029202626202820282085
:10D970002820262820707852656164795461736B81
:10D98000734C697374735B20282070784E657754EC
:10D99000434220292D3E75785072696F72697479FF
:10D9A000205D2029202920292D3E784C6973744957
:10D9B0006E7465677269747956616C756532203D65
:10D9C0003D2030783561356135613561554C202910
:10D9D0000000000028202820282026282028207049
:10D9E000784E657754434220292D3E7853746174F4
:10D9F000654C6973744974656D2029202920292D8F
:10DA00003E784C6973744974656D496E74656772CC
:10DA100069747956616C756531203D3D20307835EB
:10DA200061356135613561554C2029202626202835
:10DA30002028202820262820282070784E6577541A
:10DA4000434220292D3E7853746174654C69737488
:10DA50004974656D2029202920292D3E784C697351
:10DA6000744974656D496E7465677269747956613D
:10DA70006C756532203D3D2030783561356135610A
:10DA80003561554C2029000070785443422D3E7575
:10DA900063537461746963616C6C79416C6C6F631E
:10DAA00061746564203D3D202820282075696E74CE
:10DAB000385F7420292032202900000075785072C8
:10DAC000696F72697479203C2031300028207078A9
:10DAD00054696D65722D3E7854696D65725065723A
:10DAE000696F64496E5469636B73203E203020294E
:10DAF000000000003D3D3D2030315F626C696E6B7F
:10DB00005F72746F73203D3D3D000000437265619C
:10DB100074696E67207461736B732E2E2E00000083
:10DB2000426C696E6B35303000000000426C696EEB
:10DB30006B313230300000006F6B31203D3D2028CA
:10DB4000202820282042617365547970655F742015
:10DB50002920312029202900766F6964207365749B
:10DB600075702829000000006F6B32203D3D202891
:10DB7000202820282042617365547970655F7420E5
:10DB800029203120292029005374617274696E673D
:10DB9000207363686564756C65722E206C6F6F709E
:10DBA00028292077696C6C206E6576657220727505
:10DBB0006E2E00004552524F523A207363686564DE
:10DBC000756C65722065786974656420E2809420C4
:10DBD00068616C742E000000757843726974696323
:10DBE000616C4E657374696E67203D3D207E3055D3
:10DBF0004C0000007578437269746963616C4E650E
:10DC00007374696E67203D3D2031303030554C00D3
:10DC100028202A28202820766F6C6174696C652082
:10DC200075696E7433325F74202A2029203078455C
:10DC3000303030656430302029202920213D2028D3
:10DC40002030783431304643323731554C2029006A
:10DC500028202A28202820766F6C6174696C652042
:10DC600075696E7433325F74202A2029203078451C
:10DC7000303030656430302029202920213D202893
:10DC80002030783431304643323730554C2029002B
:10DC900075634D617853797343616C6C5072696F31
:10DCA00072697479000000002820282032203C3C52
:10DCB00020282038202D2034202920292026202803
:10DCC000207E75634D61785072696F726974795600
:10DCD000616C756520292029203D3D2030550000CC
:10DCE0007078566563746F725461626C655B20284E
:10DCF0002031312029205D203D3D2076506F727407
:10DD000053564348616E646C6572000070785665C6
:10DD100063746F725461626C655B2028203134201B
:10DD200029205D203D3D2078506F727450656E64EF
:10DD3000535648616E646C6572000000705F7374C6
:10DD400061636B5F6172677300000000766F6964E6
:10DD5000206672656572746F733A3A7072696E7498
:10DD60005F737461636B5F74726163652854617380
:10DD70006B48616E646C655F742900007374616345
:10DD80006B5F6172677300007578496E64657854E3
:10DD90006F576169744F6E203C2034000001000011
:10DDA0007C250020120000000006000024630060B3
:10DDB0000A00000000020000C06200606200000073
:10DDC000000700005C62006062000000EE030000DB
:10DDD000B825002012000000000004EE902500206D
:10DDE00028000000000300005862006000000000EE
:10DDF00001030904406200600000000002030904FE
:10DE0000286200600000000003030904CC25002004
:10DE10000000000000000000000000000000000002
:10DE20002820282070784C69737420292D3E784C66
:10DE3000697374496E7465677269747956616C753B
:10DE40006531203D3D203078356135613561356182
:10DE5000554C2029202626202820282070784C691F
:10DE6000737420292D3E784C697374496E7465670C
:10DE70007269747956616C756532203D3D20307849
:10DE80003561356135613561554C20290000000050
:10DE90002820282070784E65774C69737449746522
:10DEA0006D20292D3E784C6973744974656D496EF7
:10DEB0007465677269747956616C756531203D3D92
:10DEC0002030783561356135613561554C20292028
:10DED0002626202820282070784E65774C69737498
:10DEE0004974656D20292D3E784C697374497465B9
:10DEF0006D496E7465677269747956616C756532C7
:10DF0000203D3D2030783561356135613561554CB6
:10DF100020290000282028202A28202820766F6C1D
:10DF20006174696C652075696E7433325F74202A80
:10DF30002029203078653030306564303420292045
:10DF400029202620282030784646554C2029202993
:10DF5000203D3D203000000075784372697469638C
:10DF6000616C4E657374696E67000000756343757C
:10DF70007272656E745072696F72697479203E3D79
:10DF80002075634D617853797343616C6C5072698D
:10DF90006F72697479000000282028202A28202820
:10DFA00020766F6C6174696C652075696E743332AC
:10DFB0005F74202A202920307845303030454430A5
:10DFC0004320292029202620282030783037554C1E
:10DFD000203C3C2038554C20292029203C3D2075F0
:10DFE0006C4D617850524947524F555056616C758F
:10DFF00065000000707854434220213D2028287697
:10E000006F6964202A293029000000007578536365
:10E01000686564756C657253757370656E6465646C
:10E02000203D3D203000000070784576656E744CD0
:10E030006973740075785363686564756C657253B1
:10E04000757370656E64656420213D2028205542FB
:10E05000617365547970655F742029203055000024
:10E0600028202820282070784576656E744C6973C6
:10E0700074202920292D3E784C697374496E74658B
:10E08000677269747956616C756531203D3D203049
:10E09000783561356135613561554C20292026265A
:10E0A0002028202820282070784576656E744C69D9
:10E0B0007374202920292D3E784C697374496E743D
:10E0C00065677269747956616C756532203D3D20D3
:10E0D00030783561356135613561554C2029000056
:10E0E0002820282028202628207078437572726501
:10E0F0006E745443422D3E784576656E744C697358
:10E10000744974656D2029202920292D3E784C6999
:10E1100073744974656D496E746567726974795674
:10E12000616C756531203D3D203078356135613554
:10E13000613561554C2029202626202820282028BA
:10E1400020262820707843757272656E745443429D
:10E150002D3E784576656E744C6973744974656DAF
:10E160002029202920292D3E784C69737449746533
:10E170006D496E7465677269747956616C75653244
:10E18000203D3D2030783561356135613561554C34
:10E1900020290000707854434220213D20707843AC
:10E1A000757272656E745443420000007078546951
:10E1B0006D654F757400000049444C450000000037
:10E1C0007852657475726E20213D2028202D3120F3
:10E1D0002900000028202820262820707852656118
:10E1E00064795461736B734C697374735B207578D5
:10E1F000546F705072696F72697479205D202920A4
:10E20000292D3E75784E756D6265724F664974654D
:10E210006D732029203E2030000000007078537478
:10E220006174696351756575650000007853697A9A
:10E2300065203D3D2073697A656F662820517565BC
:10E2400075655F742029000070784E65775175659B
:10E250007565000070785175657565007852657454
:10E2600075726E20213D20282028202820426173CD
:10E2700065547970655F7420292030202920290099
:10E28000212820282070764974656D546F5175657A
:10E290007565203D3D202828766F6964202A293045
:10E2A000292029202626202820707851756575653B
:10E2B0002D3E75784974656D53697A6520213D203E
:10E2C00028205542617365547970655F7420292058
:10E2D0003055202920290000212820282078436F4C
:10E2E0007079506F736974696F6E203D3D202820EE
:10E2F000282042617365547970655F74202920324B
:10E30000202920292026262028207078517565751F
:10E31000652D3E75784C656E67746820213D20310F
:10E32000202920290000000021282028207854617D
:10E33000736B4765745363686564756C6572537479
:10E340006174652829203D3D2028202820426173E2
:10E3500065547970655F7420292030202920292098
:10E360002626202820785469636B73546F5761699F
:10E370007420213D2030202920290000707851751B
:10E380006575652D3E75784974656D53697A6520AC
:10E390003D3D2030000000002128202820707851C9
:10E3A000756575652D3E706348656164203D3D204F
:10E3B0002828766F6964202A2930292029202626DA
:10E3C000202820707851756575652D3E752E78531F
:10E3D000656D6170686F72652E784D7574657848EB
:10E3E0006F6C64657220213D202828766F69642057
:10E3F0002A293029202920290000000070784D7535
:10E40000746578002820707851756575652029003D
:10E4100021282028202820707642756666657220A3
:10E4200029203D3D202828766F6964202A2930293B
:10E4300020292026262028202820707851756575EF
:10E440006520292D3E75784974656D53697A65207C
:10E45000213D2028205542617365547970655F74B1
:10E460002029203055202920290000007078546987
:10E47000636B73546F576169740000007075785353
:10E480007461636B42756666657220213D202828A1
:10E49000766F6964202A2930290000007078546161
:10E4A000736B42756666657220213D202828766F61
:10E4B0006964202A293029007853697A65203D3D16
:10E4C0002073697A656F6628205443425F7420295F
:10E4D00000000000707850726576696F757357613F
:10E4E0006B6554696D65000028207854696D654935
:10E4F0006E6372656D656E74203E20305520290074
:10E5000075785363686564756C657253757370656F
:10E510006E646564203D3D20315500007578496E7C
:10E52000646578546F4E6F74696679203C203400BE
:10E53000785461736B546F4E6F7469667900000094
:10E54000785469636B436F756E74203D3D202820BD
:10E550005469636B547970655F7420292030000022
:10E560002820282026282070785443422D3E7845C4
:10E5700076656E744C6973744974656D2029202921
:10E580002D3E7078436F6E7461696E65722029202C
:10E590003D3D202828766F6964202A293029000013
:10E5A00028202820282026282070785443422D3EF9
:10E5B000784576656E744C6973744974656D20296D
:10E5C000202920292D3E784C6973744974656D4962
:10E5D0006E7465677269747956616C756531203D3A
:10E5E0003D2030783561356135613561554C2029E4
:10E5F000202626202820282028202628207078540D
:10E6000043422D3E784576656E744C697374497447
:10E61000656D2029202920292D3E784C6973744985
:10E6200074656D496E7465677269747956616C754D
:10E630006532203D3D203078356135613561356189
:10E64000554C20290000000028207849646C65544E
:10E6500061736B48616E646C65735B2030205D2074
:10E66000213D202828766F6964202A293029202915
:10E6700000000000282028202820282070784465E9
:10E680006C617965645461736B4C69737420292DD6
:10E690003E75784E756D6265724F664974656D732F
:10E6A000203D3D2028205542617365547970655F97
:10E6B00074202920302029203F2028202820426152
:10E6C0007365547970655F74202920312029203AC0
:10E6D000202820282042617365547970655F74207A
:10E6E0002920302029202920290000002820282046
:10E6F0002820262820707852656164795461736BF4
:10E70000734C697374735B202820707854434220E3
:10E71000292D3E75785072696F72697479205D2079
:10E7200029202920292D3E784C697374496E74651F
:10E73000677269747956616C756531203D3D203092
:10E74000783561356135613561554C2029202626A3
:10E7500020282028202820262820707852656164EF
:10E76000795461736B734C697374735B20282070E8
:10E770007854434220292D3E75785072696F726932
:10E780007479205D2029202920292D3E784C697339
:10E7900074496E7465677269747956616C75653217
:10E7A000203D3D2030783561356135613561554C0E
:10E7B0002029000028202820282026282028207012
:10E7C0007854434220292D3E7853746174654C6916
:10E7D00073744974656D2029202920292D3E784CB9
:10E7E0006973744974656D496E746567726974798B
:10E7F00056616C756531203D3D203078356135615D
:10E8000035613561554C20292026262028202820D6
:10E8100028202628202820707854434220292D3E85
:10E820007853746174654C6973744974656D2029FB
:10E83000202920292D3E784C6973744974656D49EF
:10E840006E7465677269747956616C756532203DC6
:10E850003D2030783561356135613561554C202971
:10E86000000000007078544342203D3D2070784302
:10E87000757272656E7454434200000070785443A0
:10E88000422D3E75784D75746578657348656C6486
:10E8900000000000282028202820262820707852F8
:10E8A000656164795461736B734C697374735B2035
:10E8B000282070784D75746578486F6C6465725463
:10E8C000434220292D3E75785072696F72697479C0
:10E8D000205D2029202920292D3E784C6973744918
:10E8E0006E7465677269747956616C756531203D27
:10E8F0003D2030783561356135613561554C2029D1
:10E9000020262620282028202820262820707852FB
:10E91000656164795461736B734C697374735B20C4
:10E92000282070784D75746578486F6C64657254F2
:10E93000434220292D3E75785072696F726974794F
:10E94000205D2029202920292D3E784C69737449A7
:10E950006E7465677269747956616C756532203DB5
:10E960003D2030783561356135613561554C202960
:10E970000000000028202820282026282028207099
:10E98000784D75746578486F6C64657254434220A5
:10E99000292D3E7853746174654C697374497465AC
:10E9A0006D2029202920292D3E784C6973744974E3
:10E9B000656D496E7465677269747956616C7565C9
:10E9C00031203D3D20307835613561356135615507
:10E9D0004C202920262620282028202820262820D0
:10E9E000282070784D75746578486F6C6465725432
:10E9F000434220292D3E7853746174654C697374C9
:10EA00004974656D2029202920292D3E784C697391
:10EA1000744974656D496E7465677269747956617D
:10EA20006C756532203D3D2030783561356135614A
:10EA30003561554C202900007078556E626C6F630B
:10EA40006B65645443420000282028202820262893
:10EA500020707852656164795461736B734C69738B
:10EA600074735B2028207078556E626C6F636B65E1
:10EA70006454434220292D3E75785072696F726943
:10EA80007479205D2029202920292D3E784C697336
:10EA900074496E7465677269747956616C75653115
:10EAA000203D3D2030783561356135613561554C0B
:10EAB00020292026262028202820282026282070CB
:10EAC0007852656164795461736B734C69737473C4
:10EAD0005B2028207078556E626C6F636B656454A0
:10EAE000434220292D3E75785072696F726974799E
:10EAF000205D2029202920292D3E784C69737449F6
:10EB00006E7465677269747956616C756532203D03
:10EB10003D2030783561356135613561554C2029AE
:10EB200000000000282028202820262820282070E7
:10EB300078556E626C6F636B656454434220292D77
:10EB40003E7853746174654C6973744974656D20C3
:10EB500029202920292D3E784C6973744974656DEC
:10EB6000496E7465677269747956616C7565312098
:10EB70003D3D2030783561356135613561554C203A
:10EB80002920262620282028202820262820282042
:10EB90007078556E626C6F636B65645443422029D4
:10EBA0002D3E7853746174654C6973744974656D56
:10EBB0002029202920292D3E784C697374497465D9
:10EBC0006D496E7465677269747956616C756532EA
:10EBD000203D3D2030783561356135613561554CDA
:10EBE0002029000028202820282026282078506569
:10EBF0006E64696E6752656164794C69737420292B
:10EC0000202920292D3E784C697374496E746567FC
:10EC10007269747956616C756531203D3D2030789C
:10EC20003561356135613561554C20292026262016
:10EC30002820282028202628207850656E64696EB8
:10EC40006752656164794C697374202920292029F1
:10EC50002D3E784C697374496E7465677269747976
:10EC600056616C756532203D3D20307835613561E7
:10EC700035613561554C20290000000028202820EE
:10EC800028202628207078556E626C6F636B65644F
:10EC90005443422D3E784576656E744C69737449D1
:10ECA00074656D2029202920292D3E784C697374C4
:10ECB0004974656D496E7465677269747956616CE3
:10ECC000756531203D3D20307835613561356135E0
:10ECD00061554C202920262620282028202820265F
:10ECE00028207078556E626C6F636B656454434284
:10ECF0002D3E784576656E744C6973744974656D04
:10ED00002029202920292D3E784C69737449746587
:10ED10006D496E7465677269747956616C75653298
:10ED2000203D3D2030783561356135613561554C88
:10ED30002029000075785363686564756C657253AB
:10ED4000757370656E64656420213D203055000048
:10ED500028207854696D6572506572696F64496ED8
:10ED60005469636B73203E2030202900546D72205B
:10ED7000537663007852657475726E0078436F6DD8
:10ED80006D616E644944203C202820282042617334
:10ED900065547970655F74202920362029000000B1
:10EDA00028207854696D65725461736B48616E6494
:10EDB0006C6520213D202828766F6964202A29303F
:10EDC000292029000000000000000000BC3B0020BA
:10EDD000243C00208C3C00200000000000000000CB
:10EDE0000000000000000000000000000000000023
:10EDF0000000000000000000000000000000000013
:10EE00000000000000000000000000000000000002
:10EE100000000000000000000000000000000000F2
:10EE200000000000000000000000000000000000E2
:10EE300000000000000000000000000000000000D2
:10EE400000000000000000000000000000000000C2
:10EE500000000000000000000000000000000000B2
:10EE600001000000000000000E33CDAB34126DE64F
:10EE7000ECDE05000B0000000000000000000000B8
:10EE80000000000000000000000000000000000082
:10EE90000000000000000000000000000000000072
:10EEA0000000000000000000000000000000000062
:10EEB0000000000000000000000000000000000052
:10EEC0000000000000000000000000000000000042
:10EED0000000000000000000000000000000000032
:10EEE00000000000000000000029DE07007B9A17E8
:10EEF000A802002000000000E8030000000000005D
:10EF000000FF00000000000000000000642100205D
:10EF1000642100206C2100206C210020742100203D
:10EF2000742100207C2100207C21002084210020ED
:10EF3000842100208C2100208C210020942100209D
:10EF4000942100209C2100209C210020A42100204D
:10EF5000A4210020AC210020AC210020B4210020FD
:10EF6000B4210020BC210020BC210020C4210020AD
:10EF7000C4210020CC210020CC210020D42100205D
:10EF8000D4210020DC210020DC210020E42100200D
:10EF9000E4210020EC210020EC210020F4210020BD
:10EFA000F4210020FC210020FC210020042200206C
:10EFB000042200200C2200200C2200201422002019
:10EFC000142200201C2200201C22002024220020C9
:10EFD000242200202C2200202C2200203422002079
:10EFE000342200203C2200203C2200204422002029
:10EFF000442200204C2200204C22002054220020D9
:10F00000542200205C2200205C2200206422002088
:10F01000642200206C2200206C2200207422002038
:10F02000742200207C2200207C22002084220020E8
:10F03000842200208C2200208C2200209422002098
:10F04000942200209C2200209C220020A422002048
:10F05000A4220020AC220020AC220020B4220020F8
:10F06000B4220020BC220020BC220020C4220020A8
:10F07000C4220020CC220020CC220020D422002058
:10F08000D4220020DC220020DC220020E422002008
:10F09000E4220020EC220020EC220020F4220020B8
:10F0A000F4220020FC220020FC2200200423002067
:10F0B000042300200C2300200C2300201423002014
:10F0C000142300201C2300201C23002024230020C4
:10F0D000242300202C2300202C2300203423002074
:10F0E000342300203C2300203C2300204423002024
:10F0F000442300204C2300204C23002054230020D4
:10F10000542300205C2300205C2300206423002083
:10F11000642300206C2300206C2300207423002033
:10F12000742300207C2300207C23002084230020E3
:10F13000842300208C2300208C2300209423002093
:10F14000942300209C2300209C230020A423002043
:10F15000A4230020AC230020AC230020B4230020F3
:10F16000B4230020BC230020BC230020C4230020A3
:10F17000C4230020CC230020CC230020D423002053
:10F18000D4230020DC230020DC230020E423002003
:10F19000E4230020EC230020EC230020F4230020B3
:10F1A000F4230020FC230020FC2300200424002062
:10F1B000042400200C2400200C240020142400200F
:10F1C000142400201C2400201C24002024240020BF
:10F1D000242400202C2400202C240020342400206F
:10F1E000342400203C2400203C240020442400201F
:10F1F000442400204C2400204C24002054240020CF
:10F20000542400205C2400205C240020642400207E
:10F21000642400206C2400206C240020742400202E
:10F22000742400207C2400207C24002084240020DE
:10F23000842400208C2400208C240020942400208E
:10F24000942400209C2400209C240020A42400203E
:10F25000A4240020AC240020AC240020B4240020EE
:10F26000B4240020BC240020BC240020C42400209E
:10F27000C4240020CC240020CC240020D42400204E
:10F28000D4240020DC240020DC240020E4240020FE
:10F29000E4240020EC240020EC240020F4240020AE
:10F2A000F4240020FC240020FC240020042500205D
:10F2B000042500200C2500200C250020142500200A
:10F2C000142500201C2500201C25002024250020BA
:10F2D000242500202C2500202C250020342500206A
:10F2E000342500203C2500203C250020442500201A
:10F2F000442500204C2500204C25002054250020CA
:10F30000542500205C2500205C250020FFFFFFFF26
:10F31000000002008041002028200020120100028D
:10F32000EF020140C01683048002010203010000C5
:10F33000280000000001040001000000000000009F
:10F34000020157494E5553420000000000000000E2
:10F35000000000000000000012034D0053004600B2
:10F360005400310030003000F80000000C030000B1
:10F37000000000000000000000000000000000008D
:10F3800000000000AAAAAAAA0900000000000000CC
:10F39000000000000000000000000000000000006D
:10F3A000000000000000000000000000000000005D
:10F3B000000000000000000000000000000000004D
:10F3C000000000000000000000000000000000003D
:10F3D000000000000000000000000000000000002D
:10F3E000000000000000000000000000000000001D
:10F3F000000000000000000000000000000000000D
:10F4000000000000000000000000000000000000FC
:10F4100000000000000000000000000000000000EC
:10F4200000000000000000000000000000000000DC
:10F4300000000000000000000000000000000000CC
:10F4400000000000000000000000000000000000BC
:10F4500000000000000000000000000000000000AC
:10F46000000000000000000000000000000000009C
:10F47000000000000000000000000000000000008C
:10F48000000000000000000000000000000000007C
:10F49000000000000000000000000000000000006C
:10F4A000000000000000000000000000000000005C
:10F4B000000000000000000000000000000000004C
:10F4C000000000000000000000000000000000003C
:10F4D000000000000000000000000000000000002C
:10F4E000000000000000000000000000000000001C
:10F4F000000000000000000000000000000000000C
:10F5000000000000000000000000000000000000FB
:10F5100000000000000000000000000000000000EB
:10F5200000000000000000000000000000000000DB
:10F5300000000000000000000000000000000000CB
:10F5400000000000000000000000000000000000BB
:10F5500000000000000000000000000000000000AB
:10F56000000000000000000000000000000000009B
:10F57000000000000000000000000000000000008B
:10F58000000000000000000000000000000000007B
:10F59000000000000000000000000000000000006B
:10F5A000000000000000000000000000000000005B
:10F5B000000000000000000000000000000000004B
:10F5C000000000000000000000000000000000003B
:10F5D000000000000000000000000000000000002B
:10F5E000000000000000000000000000000000001B
:10F5F000000000000000000000000000000000000B
:10F6000000000000000000000000000000000000FA
:10F6100000000000000000000000000000000000EA
:10F6200000000000000000000000000000000000DA
:10F6300000000000000000000000000000000000CA
:10F6400000000000000000000000000000000000BA
:10F6500000000000000000000000000000000000AA
:10F66000000000000000000000000000000000009A
:10F67000000000000000000000000000000000008A
:10F68000000000000000000000000000000000007A
:10F69000000000000000000000000000000000006A
:10F6A000000000000000000000000000000000005A
:10F6B000000000000000000000000000000000004A
:10F6C000000000000000000000000000000000003A
:10F6D000000000000000000000000000000000002A
:10F6E000000000000000000000000000000000001A
:10F6F000000000000000000000000000000000000A
:10F7000000000000000000000000000000000000F9
:10F7100000000000000000000000000000000000E9
:10F7200000000000000000000000000000000000D9
:10F7300000000000000000000000000000000000C9
:10F7400000000000000000000000000000000000B9
:10F7500000000000000000000000000000000000A9
:10F760000000000000000000000000000000000099
:10F770000000000000000000000000000000000089
:10F780000000000000000000000000000000000079
:10F790000000000000000000000000000000000069
:10F7A0000000000000000000000000000000000059
:10F7B0000000000000000000000000000000000049
:10F7C0000000000000000000000000000000000039
:10F7D0000000000000000000000000000000000029
:10F7E0000000000000000000000000000000000019
:10F7F0000000000000000000000000000000000009
:10F8000000000000000000000000000000000000F8
:10F8100000000000000000000000000000000000E8
:10F8200000000000000000000000000000000000D8
:10F8300000000000000000000000000000000000C8
:10F8400000000000000000000000000000000000B8
:10F8500000000000000000000000000000000000A8
:10F86000FFFFFFFFFFFFFFFFFFFFFFFFFFFFFFFFA8
:10F87000FFFFFFFFFFFFFFFFFFFFFFFFFFFFFFFF98
:10F88000FFFFFFFFFFFFFFFFFFFFFFFFFFFFFFFF88
:10F89000FFFFFFFFFFFFFFFFFFFFFFFFFFFFFFFF78
:10F8A000FFFFFFFFFFFFFFFFFFFFFFFFFFFFFFFF68
:10F8B000FFFFFFFFFFFFFFFFFFFFFFFFFFFFFFFF58
:10F8C000FFFFFFFFFFFFFFFFFFFFFFFFFFFFFFFF48
:10F8D000FFFFFFFFFFFFFFFFFFFFFFFFFFFFFFFF38
:10F8E000FFFFFFFFFFFFFFFFFFFFFFFFFFFFFFFF28
:10F8F000FFFFFFFFFFFFFFFFFFFFFFFFFFFFFFFF18
:10F90000FFFFFFFFFFFFFFFFFFFFFFFFFFFFFFFF07
:10F91000FFFFFFFFFFFFFFFFFFFFFFFFFFFFFFFFF7
:10F92000FFFFFFFFFFFFFFFFFFFFFFFFFFFFFFFFE7
:10F93000FFFFFFFFFFFFFFFFFFFFFFFFFFFFFFFFD7
:10F94000FFFFFFFFFFFFFFFFFFFFFFFFFFFFFFFFC7
:10F95000FFFFFFFFFFFFFFFFFFFFFFFFFFFFFFFFB7
:10F96000FFFFFFFFFFFFFFFFFFFFFFFFFFFFFFFFA7
:10F97000FFFFFFFFFFFFFFFFFFFFFFFFFFFFFFFF97
:10F98000FFFFFFFFFFFFFFFFFFFFFFFFFFFFFFFF87
:10F99000FFFFFFFFFFFFFFFFFFFFFFFFFFFFFFFF77
:10F9A000FFFFFFFFFFFFFFFFFFFFFFFFFFFFFFFF67
:10F9B000FFFFFFFFFFFFFFFFFFFFFFFFFFFFFFFF57
:10F9C000FFFFFFFFFFFFFFFFFFFFFFFFFFFFFFFF47
:10F9D000FFFFFFFFFFFFFFFFFFFFFFFFFFFFFFFF37
:10F9E000FFFFFFFFFFFFFFFFFFFFFFFFFFFFFFFF27
:10F9F000FFFFFFFFFFFFFFFFFFFFFFFFFFFFFFFF17
:10FA0000FFFFFFFFFFFFFFFFFFFFFFFFFFFFFFFF06
:10FA1000FFFFFFFFFFFFFFFFFFFFFFFFFFFFFFFFF6
:10FA2000FFFFFFFFFFFFFFFFFFFFFFFFFFFFFFFFE6
:10FA3000FFFFFFFFFFFFFFFFFFFFFFFFFFFFFFFFD6
:10FA4000FFFFFFFFFFFFFFFFFFFFFFFFFFFFFFFFC6
:10FA5000FFFFFFFFFFFFFFFFFFFFFFFFFFFFFFFFB6
:10FA6000FFFFFFFFFFFFFFFFFFFFFFFFFFFFFFFFA6
:10FA7000FFFFFFFFFFFFFFFFFFFFFFFFFFFFFFFF96
:10FA8000FFFFFFFFFFFFFFFFFFFFFFFFFFFFFFFF86
:10FA9000FFFFFFFFFFFFFFFFFFFFFFFFFFFFFFFF76
:10FAA000FFFFFFFFFFFFFFFFFFFFFFFFFFFFFFFF66
:10FAB000FFFFFFFFFFFFFFFFFFFFFFFFFFFFFFFF56
:10FAC000FFFFFFFFFFFFFFFFFFFFFFFFFFFFFFFF46
:10FAD000FFFFFFFFFFFFFFFFFFFFFFFFFFFFFFFF36
:10FAE000FFFFFFFFFFFFFFFFFFFFFFFFFFFFFFFF26
:10FAF000FFFFFFFFFFFFFFFFFFFFFFFFFFFFFFFF16
:10FB0000FFFFFFFFFFFFFFFFFFFFFFFFFFFFFFFF05
:10FB1000FFFFFFFFFFFFFFFFFFFFFFFFFFFFFFFFF5
:10FB2000FFFFFFFFFFFFFFFFFFFFFFFFFFFFFFFFE5
:10FB3000FFFFFFFFFFFFFFFFFFFFFFFFFFFFFFFFD5
:10FB4000FFFFFFFFFFFFFFFFFFFFFFFFFFFFFFFFC5
:10FB5000FFFFFFFFFFFFFFFFFFFFFFFFFFFFFFFFB5
:10FB6000FFFFFFFFFFFFFFFFFFFFFFFFFFFFFFFFA5
:10FB7000FFFFFFFFFFFFFFFFFFFFFFFFFFFFFFFF95
:10FB8000FFFFFFFFFFFFFFFFFFFFFFFFFFFFFFFF85
:10FB9000FFFFFFFFFFFFFFFFFFFFFFFFFFFFFFFF75
:10FBA000FFFFFFFFFFFFFFFFFFFFFFFFFFFFFFFF65
:10FBB000FFFFFFFFFFFFFFFFFFFFFFFFFFFFFFFF55
:10FBC000FFFFFFFFFFFFFFFFFFFFFFFFFFFFFFFF45
:10FBD000FFFFFFFFFFFFFFFFFFFFFFFFFFFFFFFF35
:10FBE000FFFFFFFFFFFFFFFFFFFFFFFFFFFFFFFF25
:10FBF000FFFFFFFFFFFFFFFFFFFFFFFFFFFFFFFF15
:10FC000000000000000000000000000000000000F4
:10FC100000000000000000000000000000000000E4
:10FC200000000000000000000000000000000000D4
:10FC300000000000000000000000000000000000C4
:10FC400000000000000000000000000000000000B4
:10FC500000000000000000000000000000000000A4
:10FC60000000000000000000000000000000000094
:10FC70000000000000000000000000000000000084
:10FC80000000000000000000000000000000000074
:10FC90000000000000000000000000000000000064
:10FCA0000000000000000000000000000000000054
:10FCB0000000000000000000000000000000000044
:10FCC0000000000000000000000000000000000034
:10FCD0000000000000000000000000000000000024
:10FCE0000000000000000000000000000000000014
:10FCF0000000000000000000000000000000000004
:10FD000000000000000000000000000000000000F3
:10FD100000000000000000000000000000000000E3
:10FD200000000000000000000000000000000000D3
:10FD300000000000000000000000000000000000C3
:10FD400000000000000000000000000000000000B3
:10FD500000000000000000000000000000000000A3
:10FD60000000000000000000000000000000000093
:10FD70000000000000000000000000000000000083
:10FD80000000000000000000000000000000000073
:10FD90000000000000000000000000000000000063
:10FDA0000000000000000000000000000000000053
:10FDB0000000000000000000000000000000000043
:10FDC0000000000000000000000000000000000033
:10FDD0000000000000000000000000000000000023
:10FDE0000000000000000000000000000000000013
:10FDF0000000000000000000000000000000000003
:10FE000000000000000000000000000000000000F2
:10FE100000000000000000000000000000000000E2
:10FE200000000000000000000000000000000000D2
:10FE300000000000000000000000000000000000C2
:10FE400000000000000000000000000000000000B2
:10FE500000000000000000000000000000000000A2
:10FE60000000000000000000000000000000000092
:10FE70000000000000000000000000000000000082
:10FE80000000000000000000000000000000000072
:10FE90000000000000000000000000000000000062
:10FEA0000000000000000000000000000000000052
:10FEB0000000000000000000000000000000000042
:10FEC0000000000000000000000000000000000032
:10FED0000000000000000000000000000000000022
:10FEE0000000000000000000000000000000000012
:10FEF0000000000000000000000000000000000002
:10FF000000000000000000000000000000000000F1
:10FF100000000000000000000000000000000000E1
:10FF200000000000000000000000000000000000D1
:10FF300000000000000000000000000000000000C1
:10FF400000000000000000000000000000000000B1
:10FF500000000000000000000000000000000000A1
:10FF60000000000000000000000000000000000091
:10FF70000000000000000000000000000000000081
:10FF80000000000000000000000000000000000071
:10FF90000000000000000000000000000000000061
:10FFA0000000000000000000000000000000000051
:10FFB0000000000000000000000000000000000041
:10FFC0000000000000000000000000000000000031
:10FFD0000000000000000000000000000000000021
:10FFE0000000000000000000000000000000000011
:10FFF0000000000000000000000000000000000001
:02000004600199
:1000000000000000000000000000000000000000F0
:1000100000000000000000000000000000000000E0
:1000200000000000000000000000000000000000D0
:1000300000000000000000000000000000000000C0
:1000400000000000000000000000000000000000B0
:1000500000000000000000000000000000000000A0
:100060000000000000000000000000000000000090
:100070000000000000000000000000000000000080
:100080000000000000000000000000000000000070
:100090000000000000000000000000000000000060
:1000A0000000000000000000000000000000000050
:1000B0000000000000000000000000000000000040
:1000C0000000000000000000000000000000000030
:1000D0000000000000000000000000000000000020
:1000E0000000000000000000000000000000000010
:1000F0000000000000000000000000000000000000
:1001000000000000000000000000000000000000EF
:1001100000000000000000000000000000000000DF
:1001200000000000000000000000000000000000CF
:1001300000000000000000000000000000000000BF
:1001400000000000000000000000000000000000AF
:10015000000000000000000000000000000000009F
:10016000000000000000000000000000000000008F
:10017000000000000000000000000000000000007F
:10018000000000000000000000000000000000006F
:10019000000000000000000000000000000000005F
:1001A000000000000000000000000000000000004F
:1001B000000000000000000000000000000000003F
:1001C000000000000000000000000000000000002F
:1001D000000000000000000000000000000000001F
:1001E000000000000000000000000000000000000F
:1001F00000000000000000000000000000000000FF
:1002000000000000000000000000000000000000EE
:1002100000000000000000000000000000000000DE
:1002200000000000000000000000000000000000CE
:1002300000000000000000000000000000000000BE
:1002400000000000000000000000000000000000AE
:10025000000000000000000000000000000000009E
:10026000000000000000000000000000000000008E
:10027000000000000000000000000000000000007E
:10028000000000000000000000000000000000006E
:10029000000000000000000000000000000000005E
:1002A000000000000000000000000000000000004E
:1002B000000000000000000000000000000000003E
:1002C000000000000000000000000000000000002E
:1002D000000000000000000000000000000000001E
:1002E000000000000000000000000000000000000E
:1002F00000000000000000000000000000000000FE
:1003000000000000000000000000000000000000ED
:1003100000000000000000000000000000000000DD
:1003200000000000000000000000000000000000CD
:1003300000000000000000000000000000000000BD
:1003400000000000000000000000000000000000AD
:10035000000000000000000000000000000000009D
:10036000000000000000000000000000000000008D
:10037000000000000000000000000000000000007D
:10038000000000000000000000000000000000006D
:10039000000000000000000000000000000000005D
:1003A000000000000000000000000000000000004D
:1003B000000000000000000000000000000000003D
:1003C000000000000000000000000000000000002D
:1003D000000000000000000000000000000000001D
:1003E000000000000000000000000000000000000D
:1003F00000000000000000000000000000000000FD
:1004000000000000000000000000000000000000EC
:1004100000000000000000000000000000000000DC
:1004200000000000000000000000000000000000CC
:1004300000000000000000000000000000000000BC
:1004400000000000000000000000000000000000AC
:10045000000000000000000000000000000000009C
:10046000000000000000000000000000000000008C
:10047000000000000000000000000000000000007C
:10048000000000000000000000000000000000006C
:10049000000000000000000000000000000000005C
:1004A000000000000000000000000000000000004C
:1004B000000000000000000000000000000000003C
:1004C000000000000000000000000000000000002C
:1004D000000000000000000000000000000000001C
:1004E000000000000000000000000000000000000C
:1004F00000000000000000000000000000000000FC
:1005000000000000000000000000000000000000EB
:1005100000000000000000000000000000000000DB
:1005200000000000000000000000000000000000CB
:1005300000000000000000000000000000000000BB
:1005400000000000000000000000000000000000AB
:10055000000000000000000000000000000000009B
:10056000000000000000000000000000000000008B
:10057000000000000000000000000000000000007B
:10058000000000000000000000000000000000006B
:10059000000000000000000000000000000000005B
:1005A000000000000000000000000000000000004B
:1005B000000000000000000000000000000000003B
:1005C000000000000000000000000000000000002B
:1005D000000000000000000000000000000000001B
:1005E000000000000000000000000000000000000B
:1005F00000000000000000000000000000000000FB
:1006000000000000000000000000000000000000EA
:1006100000000000000000000000000000000000DA
:1006200000000000000000000000000000000000CA
:1006300000000000000000000000000000000000BA
:1006400000000000000000000000000000000000AA
:10065000000000000000000000000000000000009A
:10066000000000000000000000000000000000008A
:10067000000000000000000000000000000000007A
:10068000000000000000000000000000000000006A
:10069000000000000000000000000000000000005A
:1006A000000000000000000000000000000000004A
:1006B000000000000000000000000000000000003A
:1006C000000000000000000000000000000000002A
:1006D000000000000000000000000000000000001A
:1006E000000000000000000000000000000000000A
:1006F00000000000000000000000000000000000FA
:1007000000000000000000000000000000000000E9
:1007100000000000000000000000000000000000D9
:1007200000000000000000000000000000000000C9
:1007300000000000000000000000000000000000B9
:1007400000000000000000000000000000000000A9
:100750000000000000000000000000000000000099
:100760000000000000000000000000000000000089
:100770000000000000000000000000000000000079
:100780000000000000000000000000000000000069
:100790000000000000000000000000000000000059
:1007A0000000000000000000000000000000000049
:1007B0000000000000000000000000000000000039
:1007C0000000000000000000000000000000000029
:1007D0000000000000000000000000000000000019
:1007E0000000000000000000000000000000000009
:1007F00000000000000000000000000000000000F9
:040000056000100087
:00000001FF
