:0200000460009A
:100000004643464200000156000000000103030081
:1000100000000000000000000000000000000000E0
:1000200000000000000000000000000000000000D0
:1000300000000000000000000000000000000000C0
:1000400000000000010408000000000000000000A3
:100050000000800000000000000000000000000020
:100060000000000000000000000000000000000090
:100070000000000000000000000000000000000080
:10008000EB04180A063204260000000000000000FD
:10009000050404240000000000000000000000002F
:1000A0000000000000000000000000000000000050
:1000B0000604000000000000000000000000000036
:1000C0000000000000000000000000000000000030
:1000D00020041808000000000000000000000000DC
:1000E0000000000000000000000000000000000010
:1000F0000000000000000000000000000000000000
:10010000D8041808000000000000000000000000F3
:100110000204180804200000000000000000000095
:1001200000000000000000000000000000000000CF
:10013000600400000000000000000000000000005B
:1001400000000000000000000000000000000000AF
:10015000000000000000000000000000000000009F
:10016000000000000000000000000000000000008F
:10017000000000000000000000000000000000007F
:10018000000000000000000000000000000000006F
:10019000000000000000000000000000000000005F
:1001A000000000000000000000000000000000004F
:1001B000000000000000000000000000000000003F
:1001C000000100000010000001000000000000001D
:1001D000000001000000000000000000000000001E
:1001E000000000000000000000000000000000000F
:1001F00000000000000000000000000000000000FF
:10020000FFFFFFFFFFFFFFFFFFFFFFFFFFFFFFFFFE
:10021000FFFFFFFFFFFFFFFFFFFFFFFFFFFFFFFFEE
:10022000FFFFFFFFFFFFFFFFFFFFFFFFFFFFFFFFDE
:10023000FFFFFFFFFFFFFFFFFFFFFFFFFFFFFFFFCE
:10024000FFFFFFFFFFFFFFFFFFFFFFFFFFFFFFFFBE
:10025000FFFFFFFFFFFFFFFFFFFFFFFFFFFFFFFFAE
:10026000FFFFFFFFFFFFFFFFFFFFFFFFFFFFFFFF9E
:10027000FFFFFFFFFFFFFFFFFFFFFFFFFFFFFFFF8E
:10028000FFFFFFFFFFFFFFFFFFFFFFFFFFFFFFFF7E
:10029000FFFFFFFFFFFFFFFFFFFFFFFFFFFFFFFF6E
:1002A000FFFFFFFFFFFFFFFFFFFFFFFFFFFFFFFF5E
:1002B000FFFFFFFFFFFFFFFFFFFFFFFFFFFFFFFF4E
:1002C000FFFFFFFFFFFFFFFFFFFFFFFFFFFFFFFF3E
:1002D000FFFFFFFFFFFFFFFFFFFFFFFFFFFFFFFF2E
:1002E000FFFFFFFFFFFFFFFFFFFFFFFFFFFFFFFF1E
:1002F000FFFFFFFFFFFFFFFFFFFFFFFFFFFFFFFF0E
:10030000FFFFFFFFFFFFFFFFFFFFFFFFFFFFFFFFFD
:10031000FFFFFFFFFFFFFFFFFFFFFFFFFFFFFFFFED
:10032000FFFFFFFFFFFFFFFFFFFFFFFFFFFFFFFFDD
:10033000FFFFFFFFFFFFFFFFFFFFFFFFFFFFFFFFCD
:10034000FFFFFFFFFFFFFFFFFFFFFFFFFFFFFFFFBD
:10035000FFFFFFFFFFFFFFFFFFFFFFFFFFFFFFFFAD
:10036000FFFFFFFFFFFFFFFFFFFFFFFFFFFFFFFF9D
:10037000FFFFFFFFFFFFFFFFFFFFFFFFFFFFFFFF8D
:10038000FFFFFFFFFFFFFFFFFFFFFFFFFFFFFFFF7D
:10039000FFFFFFFFFFFFFFFFFFFFFFFFFFFFFFFF6D
:1003A000FFFFFFFFFFFFFFFFFFFFFFFFFFFFFFFF5D
:1003B000FFFFFFFFFFFFFFFFFFFFFFFFFFFFFFFF4D
:1003C000FFFFFFFFFFFFFFFFFFFFFFFFFFFFFFFF3D
:1003D000FFFFFFFFFFFFFFFFFFFFFFFFFFFFFFFF2D
:1003E000FFFFFFFFFFFFFFFFFFFFFFFFFFFFFFFF1D
:1003F000FFFFFFFFFFFFFFFFFFFFFFFFFFFFFFFF0D
:10040000FFFFFFFFFFFFFFFFFFFFFFFFFFFFFFFFFC
:10041000FFFFFFFFFFFFFFFFFFFFFFFFFFFFFFFFEC
:10042000FFFFFFFFFFFFFFFFFFFFFFFFFFFFFFFFDC
:10043000FFFFFFFFFFFFFFFFFFFFFFFFFFFFFFFFCC
:10044000FFFFFFFFFFFFFFFFFFFFFFFFFFFFFFFFBC
:10045000FFFFFFFFFFFFFFFFFFFFFFFFFFFFFFFFAC
:10046000FFFFFFFFFFFFFFFFFFFFFFFFFFFFFFFF9C
:10047000FFFFFFFFFFFFFFFFFFFFFFFFFFFFFFFF8C
:10048000FFFFFFFFFFFFFFFFFFFFFFFFFFFFFFFF7C
:10049000FFFFFFFFFFFFFFFFFFFFFFFFFFFFFFFF6C
:1004A000FFFFFFFFFFFFFFFFFFFFFFFFFFFFFFFF5C
:1004B000FFFFFFFFFFFFFFFFFFFFFFFFFFFFFFFF4C
:1004C000FFFFFFFFFFFFFFFFFFFFFFFFFFFFFFFF3C
:1004D000FFFFFFFFFFFFFFFFFFFFFFFFFFFFFFFF2C
:1004E000FFFFFFFFFFFFFFFFFFFFFFFFFFFFFFFF1C
:1004F000FFFFFFFFFFFFFFFFFFFFFFFFFFFFFFFF0C
:10050000FFFFFFFFFFFFFFFFFFFFFFFFFFFFFFFFFB
:10051000FFFFFFFFFFFFFFFFFFFFFFFFFFFFFFFFEB
:10052000FFFFFFFFFFFFFFFFFFFFFFFFFFFFFFFFDB
:10053000FFFFFFFFFFFFFFFFFFFFFFFFFFFFFFFFCB
:10054000FFFFFFFFFFFFFFFFFFFFFFFFFFFFFFFFBB
:10055000FFFFFFFFFFFFFFFFFFFFFFFFFFFFFFFFAB
:10056000FFFFFFFFFFFFFFFFFFFFFFFFFFFFFFFF9B
:10057000FFFFFFFFFFFFFFFFFFFFFFFFFFFFFFFF8B
:10058000FFFFFFFFFFFFFFFFFFFFFFFFFFFFFFFF7B
:10059000FFFFFFFFFFFFFFFFFFFFFFFFFFFFFFFF6B
:1005A000FFFFFFFFFFFFFFFFFFFFFFFFFFFFFFFF5B
:1005B000FFFFFFFFFFFFFFFFFFFFFFFFFFFFFFFF4B
:1005C000FFFFFFFFFFFFFFFFFFFFFFFFFFFFFFFF3B
:1005D000FFFFFFFFFFFFFFFFFFFFFFFFFFFFFFFF2B
:1005E000FFFFFFFFFFFFFFFFFFFFFFFFFFFFFFFF1B
:1005F000FFFFFFFFFFFFFFFFFFFFFFFFFFFFFFFF0B
:10060000FFFFFFFFFFFFFFFFFFFFFFFFFFFFFFFFFA
:10061000FFFFFFFFFFFFFFFFFFFFFFFFFFFFFFFFEA
:10062000FFFFFFFFFFFFFFFFFFFFFFFFFFFFFFFFDA
:10063000FFFFFFFFFFFFFFFFFFFFFFFFFFFFFFFFCA
:10064000FFFFFFFFFFFFFFFFFFFFFFFFFFFFFFFFBA
:10065000FFFFFFFFFFFFFFFFFFFFFFFFFFFFFFFFAA
:10066000FFFFFFFFFFFFFFFFFFFFFFFFFFFFFFFF9A
:10067000FFFFFFFFFFFFFFFFFFFFFFFFFFFFFFFF8A
:10068000FFFFFFFFFFFFFFFFFFFFFFFFFFFFFFFF7A
:10069000FFFFFFFFFFFFFFFFFFFFFFFFFFFFFFFF6A
:1006A000FFFFFFFFFFFFFFFFFFFFFFFFFFFFFFFF5A
:1006B000FFFFFFFFFFFFFFFFFFFFFFFFFFFFFFFF4A
:1006C000FFFFFFFFFFFFFFFFFFFFFFFFFFFFFFFF3A
:1006D000FFFFFFFFFFFFFFFFFFFFFFFFFFFFFFFF2A
:1006E000FFFFFFFFFFFFFFFFFFFFFFFFFFFFFFFF1A
:1006F000FFFFFFFFFFFFFFFFFFFFFFFFFFFFFFFF0A
:10070000FFFFFFFFFFFFFFFFFFFFFFFFFFFFFFFFF9
:10071000FFFFFFFFFFFFFFFFFFFFFFFFFFFFFFFFE9
:10072000FFFFFFFFFFFFFFFFFFFFFFFFFFFFFFFFD9
:10073000FFFFFFFFFFFFFFFFFFFFFFFFFFFFFFFFC9
:10074000FFFFFFFFFFFFFFFFFFFFFFFFFFFFFFFFB9
:10075000FFFFFFFFFFFFFFFFFFFFFFFFFFFFFFFFA9
:10076000FFFFFFFFFFFFFFFFFFFFFFFFFFFFFFFF99
:10077000FFFFFFFFFFFFFFFFFFFFFFFFFFFFFFFF89
:10078000FFFFFFFFFFFFFFFFFFFFFFFFFFFFFFFF79
:10079000FFFFFFFFFFFFFFFFFFFFFFFFFFFFFFFF69
:1007A000FFFFFFFFFFFFFFFFFFFFFFFFFFFFFFFF59
:1007B000FFFFFFFFFFFFFFFFFFFFFFFFFFFFFFFF49
:1007C000FFFFFFFFFFFFFFFFFFFFFFFFFFFFFFFF39
:1007D000FFFFFFFFFFFFFFFFFFFFFFFFFFFFFFFF29
:1007E000FFFFFFFFFFFFFFFFFFFFFFFFFFFFFFFF19
:1007F000FFFFFFFFFFFFFFFFFFFFFFFFFFFFFFFF09
:10080000FFFFFFFFFFFFFFFFFFFFFFFFFFFFFFFFF8
:10081000FFFFFFFFFFFFFFFFFFFFFFFFFFFFFFFFE8
:10082000FFFFFFFFFFFFFFFFFFFFFFFFFFFFFFFFD8
:10083000FFFFFFFFFFFFFFFFFFFFFFFFFFFFFFFFC8
:10084000FFFFFFFFFFFFFFFFFFFFFFFFFFFFFFFFB8
:10085000FFFFFFFFFFFFFFFFFFFFFFFFFFFFFFFFA8
:10086000FFFFFFFFFFFFFFFFFFFFFFFFFFFFFFFF98
:10087000FFFFFFFFFFFFFFFFFFFFFFFFFFFFFFFF88
:10088000FFFFFFFFFFFFFFFFFFFFFFFFFFFFFFFF78
:10089000FFFFFFFFFFFFFFFFFFFFFFFFFFFFFFFF68
:1008A000FFFFFFFFFFFFFFFFFFFFFFFFFFFFFFFF58
:1008B000FFFFFFFFFFFFFFFFFFFFFFFFFFFFFFFF48
:1008C000FFFFFFFFFFFFFFFFFFFFFFFFFFFFFFFF38
:1008D000FFFFFFFFFFFFFFFFFFFFFFFFFFFFFFFF28
:1008E000FFFFFFFFFFFFFFFFFFFFFFFFFFFFFFFF18
:1008F000FFFFFFFFFFFFFFFFFFFFFFFFFFFFFFFF08
:10090000FFFFFFFFFFFFFFFFFFFFFFFFFFFFFFFFF7
:10091000FFFFFFFFFFFFFFFFFFFFFFFFFFFFFFFFE7
:10092000FFFFFFFFFFFFFFFFFFFFFFFFFFFFFFFFD7
:10093000FFFFFFFFFFFFFFFFFFFFFFFFFFFFFFFFC7
:10094000FFFFFFFFFFFFFFFFFFFFFFFFFFFFFFFFB7
:10095000FFFFFFFFFFFFFFFFFFFFFFFFFFFFFFFFA7
:10096000FFFFFFFFFFFFFFFFFFFFFFFFFFFFFFFF97
:10097000FFFFFFFFFFFFFFFFFFFFFFFFFFFFFFFF87
:10098000FFFFFFFFFFFFFFFFFFFFFFFFFFFFFFFF77
:10099000FFFFFFFFFFFFFFFFFFFFFFFFFFFFFFFF67
:1009A000FFFFFFFFFFFFFFFFFFFFFFFFFFFFFFFF57
:1009B000FFFFFFFFFFFFFFFFFFFFFFFFFFFFFFFF47
:1009C000FFFFFFFFFFFFFFFFFFFFFFFFFFFFFFFF37
:1009D000FFFFFFFFFFFFFFFFFFFFFFFFFFFFFFFF27
:1009E000FFFFFFFFFFFFFFFFFFFFFFFFFFFFFFFF17
:1009F000FFFFFFFFFFFFFFFFFFFFFFFFFFFFFFFF07
:100A0000FFFFFFFFFFFFFFFFFFFFFFFFFFFFFFFFF6
:100A1000FFFFFFFFFFFFFFFFFFFFFFFFFFFFFFFFE6
:100A2000FFFFFFFFFFFFFFFFFFFFFFFFFFFFFFFFD6
:100A3000FFFFFFFFFFFFFFFFFFFFFFFFFFFFFFFFC6
:100A4000FFFFFFFFFFFFFFFFFFFFFFFFFFFFFFFFB6
:100A5000FFFFFFFFFFFFFFFFFFFFFFFFFFFFFFFFA6
:100A6000FFFFFFFFFFFFFFFFFFFFFFFFFFFFFFFF96
:100A7000FFFFFFFFFFFFFFFFFFFFFFFFFFFFFFFF86
:100A8000FFFFFFFFFFFFFFFFFFFFFFFFFFFFFFFF76
:100A9000FFFFFFFFFFFFFFFFFFFFFFFFFFFFFFFF66
:100AA000FFFFFFFFFFFFFFFFFFFFFFFFFFFFFFFF56
:100AB000FFFFFFFFFFFFFFFFFFFFFFFFFFFFFFFF46
:100AC000FFFFFFFFFFFFFFFFFFFFFFFFFFFFFFFF36
:100AD000FFFFFFFFFFFFFFFFFFFFFFFFFFFFFFFF26
:100AE000FFFFFFFFFFFFFFFFFFFFFFFFFFFFFFFF16
:100AF000FFFFFFFFFFFFFFFFFFFFFFFFFFFFFFFF06
:100B0000FFFFFFFFFFFFFFFFFFFFFFFFFFFFFFFFF5
:100B1000FFFFFFFFFFFFFFFFFFFFFFFFFFFFFFFFE5
:100B2000FFFFFFFFFFFFFFFFFFFFFFFFFFFFFFFFD5
:100B3000FFFFFFFFFFFFFFFFFFFFFFFFFFFFFFFFC5
:100B4000FFFFFFFFFFFFFFFFFFFFFFFFFFFFFFFFB5
:100B5000FFFFFFFFFFFFFFFFFFFFFFFFFFFFFFFFA5
:100B6000FFFFFFFFFFFFFFFFFFFFFFFFFFFFFFFF95
:100B7000FFFFFFFFFFFFFFFFFFFFFFFFFFFFFFFF85
:100B8000FFFFFFFFFFFFFFFFFFFFFFFFFFFFFFFF75
:100B9000FFFFFFFFFFFFFFFFFFFFFFFFFFFFFFFF65
:100BA000FFFFFFFFFFFFFFFFFFFFFFFFFFFFFFFF55
:100BB000FFFFFFFFFFFFFFFFFFFFFFFFFFFFFFFF45
:100BC000FFFFFFFFFFFFFFFFFFFFFFFFFFFFFFFF35
:100BD000FFFFFFFFFFFFFFFFFFFFFFFFFFFFFFFF25
:100BE000FFFFFFFFFFFFFFFFFFFFFFFFFFFFFFFF15
:100BF000FFFFFFFFFFFFFFFFFFFFFFFFFFFFFFFF05
:100C0000FFFFFFFFFFFFFFFFFFFFFFFFFFFFFFFFF4
:100C1000FFFFFFFFFFFFFFFFFFFFFFFFFFFFFFFFE4
:100C2000FFFFFFFFFFFFFFFFFFFFFFFFFFFFFFFFD4
:100C3000FFFFFFFFFFFFFFFFFFFFFFFFFFFFFFFFC4
:100C4000FFFFFFFFFFFFFFFFFFFFFFFFFFFFFFFFB4
:100C5000FFFFFFFFFFFFFFFFFFFFFFFFFFFFFFFFA4
:100C6000FFFFFFFFFFFFFFFFFFFFFFFFFFFFFFFF94
:100C7000FFFFFFFFFFFFFFFFFFFFFFFFFFFFFFFF84
:100C8000FFFFFFFFFFFFFFFFFFFFFFFFFFFFFFFF74
:100C9000FFFFFFFFFFFFFFFFFFFFFFFFFFFFFFFF64
:100CA000FFFFFFFFFFFFFFFFFFFFFFFFFFFFFFFF54
:100CB000FFFFFFFFFFFFFFFFFFFFFFFFFFFFFFFF44
:100CC000FFFFFFFFFFFFFFFFFFFFFFFFFFFFFFFF34
:100CD000FFFFFFFFFFFFFFFFFFFFFFFFFFFFFFFF24
:100CE000FFFFFFFFFFFFFFFFFFFFFFFFFFFFFFFF14
:100CF000FFFFFFFFFFFFFFFFFFFFFFFFFFFFFFFF04
:100D0000FFFFFFFFFFFFFFFFFFFFFFFFFFFFFFFFF3
:100D1000FFFFFFFFFFFFFFFFFFFFFFFFFFFFFFFFE3
:100D2000FFFFFFFFFFFFFFFFFFFFFFFFFFFFFFFFD3
:100D3000FFFFFFFFFFFFFFFFFFFFFFFFFFFFFFFFC3
:100D4000FFFFFFFFFFFFFFFFFFFFFFFFFFFFFFFFB3
:100D5000FFFFFFFFFFFFFFFFFFFFFFFFFFFFFFFFA3
:100D6000FFFFFFFFFFFFFFFFFFFFFFFFFFFFFFFF93
:100D7000FFFFFFFFFFFFFFFFFFFFFFFFFFFFFFFF83
:100D8000FFFFFFFFFFFFFFFFFFFFFFFFFFFFFFFF73
:100D9000FFFFFFFFFFFFFFFFFFFFFFFFFFFFFFFF63
:100DA000FFFFFFFFFFFFFFFFFFFFFFFFFFFFFFFF53
:100DB000FFFFFFFFFFFFFFFFFFFFFFFFFFFFFFFF43
:100DC000FFFFFFFFFFFFFFFFFFFFFFFFFFFFFFFF33
:100DD000FFFFFFFFFFFFFFFFFFFFFFFFFFFFFFFF23
:100DE000FFFFFFFFFFFFFFFFFFFFFFFFFFFFFFFF13
:100DF000FFFFFFFFFFFFFFFFFFFFFFFFFFFFFFFF03
:100E0000FFFFFFFFFFFFFFFFFFFFFFFFFFFFFFFFF2
:100E1000FFFFFFFFFFFFFFFFFFFFFFFFFFFFFFFFE2
:100E2000FFFFFFFFFFFFFFFFFFFFFFFFFFFFFFFFD2
:100E3000FFFFFFFFFFFFFFFFFFFFFFFFFFFFFFFFC2
:100E4000FFFFFFFFFFFFFFFFFFFFFFFFFFFFFFFFB2
:100E5000FFFFFFFFFFFFFFFFFFFFFFFFFFFFFFFFA2
:100E6000FFFFFFFFFFFFFFFFFFFFFFFFFFFFFFFF92
:100E7000FFFFFFFFFFFFFFFFFFFFFFFFFFFFFFFF82
:100E8000FFFFFFFFFFFFFFFFFFFFFFFFFFFFFFFF72
:100E9000FFFFFFFFFFFFFFFFFFFFFFFFFFFFFFFF62
:100EA000FFFFFFFFFFFFFFFFFFFFFFFFFFFFFFFF52
:100EB000FFFFFFFFFFFFFFFFFFFFFFFFFFFFFFFF42
:100EC000FFFFFFFFFFFFFFFFFFFFFFFFFFFFFFFF32
:100ED000FFFFFFFFFFFFFFFFFFFFFFFFFFFFFFFF22
:100EE000FFFFFFFFFFFFFFFFFFFFFFFFFFFFFFFF12
:100EF000FFFFFFFFFFFFFFFFFFFFFFFFFFFFFFFF02
:100F0000FFFFFFFFFFFFFFFFFFFFFFFFFFFFFFFFF1
:100F1000FFFFFFFFFFFFFFFFFFFFFFFFFFFFFFFFE1
:100F2000FFFFFFFFFFFFFFFFFFFFFFFFFFFFFFFFD1
:100F3000FFFFFFFFFFFFFFFFFFFFFFFFFFFFFFFFC1
:100F4000FFFFFFFFFFFFFFFFFFFFFFFFFFFFFFFFB1
:100F5000FFFFFFFFFFFFFFFFFFFFFFFFFFFFFFFFA1
:100F6000FFFFFFFFFFFFFFFFFFFFFFFFFFFFFFFF91
:100F7000FFFFFFFFFFFFFFFFFFFFFFFFFFFFFFFF81
:100F8000FFFFFFFFFFFFFFFFFFFFFFFFFFFFFFFF71
:100F9000FFFFFFFFFFFFFFFFFFFFFFFFFFFFFFFF61
:100FA000FFFFFFFFFFFFFFFFFFFFFFFFFFFFFFFF51
:100FB000FFFFFFFFFFFFFFFFFFFFFFFFFFFFFFFF41
:100FC000FFFFFFFFFFFFFFFFFFFFFFFFFFFFFFFF31
:100FD000FFFFFFFFFFFFFFFFFFFFFFFFFFFFFFFF21
:100FE000FFFFFFFFFFFFFFFFFFFFFFFFFFFFFFFF11
:100FF000FFFFFFFFFFFFFFFFFFFFFFFFFFFFFFFF01
:10100000D10020434D1600600000000000000000E9
:101010002010006000100060005C01600000000013
:10102000000000600068010000000000FFFFFFFFFB
:10103000FFFFFFFFFFFFFFFFFFFFFFFFFFFFFFFFC0
:10104000FFFFFFFFFFFFFFFFFFFFFFFFFFFFFFFFB0
:10105000FFFFFFFFFFFFFFFFFFFFFFFFFFFFFFFFA0
:10106000FFFFFFFFFFFFFFFFFFFFFFFFFFFFFFFF90
:10107000FFFFFFFFFFFFFFFFFFFFFFFFFFFFFFFF80
:10108000FFFFFFFFFFFFFFFFFFFFFFFFFFFFFFFF70
:10109000FFFFFFFFFFFFFFFFFFFFFFFFFFFFFFFF60
:1010A000FFFFFFFFFFFFFFFFFFFFFFFFFFFFFFFF50
:1010B000FFFFFFFFFFFFFFFFFFFFFFFFFFFFFFFF40
:1010C000FFFFFFFFFFFFFFFFFFFFFFFFFFFFFFFF30
:1010D000FFFFFFFFFFFFFFFFFFFFFFFFFFFFFFFF20
:1010E000FFFFFFFFFFFFFFFFFFFFFFFFFFFFFFFF10
:1010F000FFFFFFFFFFFFFFFFFFFFFFFFFFFFFFFF00
:10110000FFFFFFFFFFFFFFFFFFFFFFFFFFFFFFFFEF
:10111000FFFFFFFFFFFFFFFFFFFFFFFFFFFFFFFFDF
:10112000FFFFFFFFFFFFFFFFFFFFFFFFFFFFFFFFCF
:10113000FFFFFFFFFFFFFFFFFFFFFFFFFFFFFFFFBF
:10114000FFFFFFFFFFFFFFFFFFFFFFFFFFFFFFFFAF
:10115000FFFFFFFFFFFFFFFFFFFFFFFFFFFFFFFF9F
:10116000FFFFFFFFFFFFFFFFFFFFFFFFFFFFFFFF8F
:10117000FFFFFFFFFFFFFFFFFFFFFFFFFFFFFFFF7F
:10118000FFFFFFFFFFFFFFFFFFFFFFFFFFFFFFFF6F
:10119000FFFFFFFFFFFFFFFFFFFFFFFFFFFFFFFF5F
:1011A000FFFFFFFFFFFFFFFFFFFFFFFFFFFFFFFF4F
:1011B000FFFFFFFFFFFFFFFFFFFFFFFFFFFFFFFF3F
:1011C000FFFFFFFFFFFFFFFFFFFFFFFFFFFFFFFF2F
:1011D000FFFFFFFFFFFFFFFFFFFFFFFFFFFFFFFF1F
:1011E000FFFFFFFFFFFFFFFFFFFFFFFFFFFFFFFF0F
:1011F000FFFFFFFFFFFFFFFFFFFFFFFFFFFFFFFFFF
:10120000FFFFFFFFFFFFFFFFFFFFFFFFFFFFFFFFEE
:10121000FFFFFFFFFFFFFFFFFFFFFFFFFFFFFFFFDE
:10122000FFFFFFFFFFFFFFFFFFFFFFFFFFFFFFFFCE
:10123000FFFFFFFFFFFFFFFFFFFFFFFFFFFFFFFFBE
:10124000FFFFFFFFFFFFFFFFFFFFFFFFFFFFFFFFAE
:10125000FFFFFFFFFFFFFFFFFFFFFFFFFFFFFFFF9E
:10126000FFFFFFFFFFFFFFFFFFFFFFFFFFFFFFFF8E
:10127000FFFFFFFFFFFFFFFFFFFFFFFFFFFFFFFF7E
:10128000FFFFFFFFFFFFFFFFFFFFFFFFFFFFFFFF6E
:10129000FFFFFFFFFFFFFFFFFFFFFFFFFFFFFFFF5E
:1012A000FFFFFFFFFFFFFFFFFFFFFFFFFFFFFFFF4E
:1012B000FFFFFFFFFFFFFFFFFFFFFFFFFFFFFFFF3E
:1012C000FFFFFFFFFFFFFFFFFFFFFFFFFFFFFFFF2E
:1012D000FFFFFFFFFFFFFFFFFFFFFFFFFFFFFFFF1E
:1012E000FFFFFFFFFFFFFFFFFFFFFFFFFFFFFFFF0E
:1012F000FFFFFFFFFFFFFFFFFFFFFFFFFFFFFFFFFE
:10130000FFFFFFFFFFFFFFFFFFFFFFFFFFFFFFFFED
:10131000FFFFFFFFFFFFFFFFFFFFFFFFFFFFFFFFDD
:10132000FFFFFFFFFFFFFFFFFFFFFFFFFFFFFFFFCD
:10133000FFFFFFFFFFFFFFFFFFFFFFFFFFFFFFFFBD
:10134000FFFFFFFFFFFFFFFFFFFFFFFFFFFFFFFFAD
:10135000FFFFFFFFFFFFFFFFFFFFFFFFFFFFFFFF9D
:10136000FFFFFFFFFFFFFFFFFFFFFFFFFFFFFFFF8D
:10137000FFFFFFFFFFFFFFFFFFFFFFFFFFFFFFFF7D
:10138000FFFFFFFFFFFFFFFFFFFFFFFFFFFFFFFF6D
:10139000FFFFFFFFFFFFFFFFFFFFFFFFFFFFFFFF5D
:1013A000FFFFFFFFFFFFFFFFFFFFFFFFFFFFFFFF4D
:1013B000FFFFFFFFFFFFFFFFFFFFFFFFFFFFFFFF3D
:1013C000FFFFFFFFFFFFFFFFFFFFFFFFFFFFFFFF2D
:1013D000FFFFFFFFFFFFFFFFFFFFFFFFFFFFFFFF1D
:1013E000FFFFFFFFFFFFFFFFFFFFFFFFFFFFFFFF0D
:1013F000FFFFFFFFFFFFFFFFFFFFFFFFFFFFFFFFFD
:10140000814205D051F8043B40F8043B8242F9D8B0
:10141000704700BF044A05494FF0000342F8043BFF
:101420009142FBD8704700BFC032002080490020A5
:101430002DE98848BFF34F8F00BF00BF00BF00BF3A
:1014400001F064FA684B0822C3F8542100BF00BFC2
:1014500000BF00BF00BF00BF00BF00BF00BF00BF94
:1014600000BF00BF00BF00BF00BF00BF5F4A6049B0
:101470006048FFF7C5FF604A60496148FFF7C0FF59
:10148000604CFFF7C7FF4FF470004FF0E0210023DE
:101490005D4AC1F8880D44F823200133B02BFAD1FE
:1014A0005A4B80215A4A03F8011B9342FBD14FF05B
:1014B000E0254D4E4FF08039DFF884B1DFF884A18C
:1014C0004FF0FF31C5F8084D0027C6F80491C6F863
:1014D00000B1C6F8F490C6F8F0A0D5F8243DDFF8C6
:1014E000688143F4E0234B4AC5F8243DD8F81C300A
:1014F00023F07F0343F04003C8F81C30D8F82430B1
:1015000023F07F0343F04003C8F824309166D1668E
:101510001167516701F002FA3F4B4049A363404B0A
:10152000E36363236B610323AF612B613D4BC5F81C
:10153000203DD5F8FC3D43F08073C5F8FC3D3A4BA7
:101540001A6842F001021A605B680B6001F030FC1F
:10155000C6F804913548C6F800B1C6F8F490C6F84C
:10156000F0A001F0C5FDD8F86C10314B314A41F4C0
:101570004051C8F86C101F60C3F80871C3F81871A7
:10158000C3F82871C3F83871936BDB0708D442F6AF
:101590001563294951651365936B43F00103936308
:1015A000244A264C936843F00113936001F03EFAFD
:1015B00001F062FD01F0ACFD01F028FC01F0A8F99A
:1015C0002368132BFCD901F0B9FC2368B3F5967F8F
:1015D000FBD301F0A1F900F005FC01F0D9FD01F009
:1015E0002BFE30BFFDE700BF00800D40DCC40000D3
:1015F0003063006000000000C0320020102801604D
:101600000000002000300020313B000000E400E03A
:10161000A0E400E000C00A400D320000E0460020D7
:101620001533000000002020001000E00046C32316
:101630000040084000400D400000C056E446002035
:101640001B1018200C0D111300C00F40054B4FF458
:101650002A01054A05485A641864054A9963954663
:10166000FFF7E6FE00C00A40AFAAAAAA07002000C2
:101670000000072008B54FF0E0214FF47F00174B22
:101680000022C1F8200D83F87120BFF34F8FBFF304
:101690006F8F1349042001F0CBFD124B0246124913
:1016A00004201A6001F0C4FD1049042001F0C0FDBF
:1016B0000F49012001F0BCFD0E49042001F0B8FDE6
:1016C0000D49012001F0B4FD0C49012001F0B0FDED
:1016D0000B490120BDE8084001F0AABD00E400E08C
:1016E0000040002068400020C042002088410020C7
:1016F000204100205842002028430020F0410020D3
:10170000B840002038B50546682001F06DFD04465C
:101710000120214601F08CFD2C6038BD10B5044637
:1017200001F006FD012800D110BD20464FF0FF3129
:10173000BDE8104001F018BD10B5044601F0F8FCFA
:10174000012801D1002010BD20460021BDE8104035
:1017500001F00ABD10B5044601F0EAFC012800D1F1
:1017600010BD002320461A461946BDE8104001F07E
:1017700013BD00BF10B5044601F0BEFC2046BDE815
:10178000104001F0E5BC00BF38B50546682001F007
:101790002BFD04460420214601F04AFD2C6038BD93
:1017A00010B5044601F0C4FC012800D110BD20464C
:1017B0004FF0FF31BDE8104001F012BD10B50446F6
:1017C00001F0B6FC012801D1002010BD2046002107
:1017D000BDE8104001F004BD10B5044601F0A8FCBE
:1017E000012800D110BD2046BDE8104001F010BD19
:1017F00010B5044601F080FC2046BDE8104001F021
:10180000A7BC00BF00B58BB0684601F0A5FC0898E6
:101810000BB05DF804FB00BF01F0AABC0D207047BF
:101820000EB42DE9F04384B00BA951F8043B1A78AB
:101830000091002A6CD0054600277E4E06E01878FD
:101840001C46A8476278631C002A61D0252AF6D17D
:1018500058785C1C2528F4D02D2807D198789C1C3A
:10186000A0F13003092B05D814F8010FA0F13003C3
:10187000092BF9D96C2808BF01342378002B47D0F5
:10188000583B202BDED801A252F823F01B19006030
:101890004518006045180060451800604518006054
:1018A0004518006045180060451800604518006044
:1018B00045180060451800601B1A0060B5190060EB
:1018C0004518006045180060451800604518006024
:1018D0004518006045180060451800604518006014
:1018E0004518006045180060451800604518006004
:1018F0004518006045180060A51900604518006093
:101900004919006045180060451800601B19006007
:1019100004B0BDE8F04303B07047009B4FF00809E6
:101920001A1DD3F8008000924FEA1873B8F1204FC7
:101930004FEA081803F1370038BF03F13000A84719
:10194000B9F10109F0D17DE7009B8DF80F701A689D
:1019500004330093092AA6FB02304FEAD00000EBC3
:101960008003A2EB430303F130038DF80E305FD9FF
:101970000DF10E0C0A21A6FB003286460139D20871
:10198000BEF1090F02EB8203A0EB4303104603F103
:1019900030030CF8013DEED801AB28461944FFF79F
:1019A0003FFF4FE7009B28461A1D19680092FFF77A
:1019B00037FF47E7009BD3F800801A1DB8F1000FEE
:1019C000009230DBA6FB0830B8F1090F8DF80F70DC
:1019D0004FEAD00000EB8003A8EB430303F1300390
:1019E0008DF80E3024DD0DF10E0C0A21A6FB00321D
:1019F00086460139D208BEF1090F02EB8203A0EB43
:101A00004303104603F130030CF8013DEED801AB5F
:101A100028461944FFF704FF14E7009B1A1D1878A5
:101A20000092A8470EE72D20C8F10008A847C9E793
:101A30000A21B1E7CDCCCCCCF0B585B00023064669
:101A40000D4603AA194600920F2201F0C1FB304651
:101A5000039C01F099FB2A6807461C4924F0010405
:101A60001B48FFF7DDFE1B4B23F00103A34225D0EB
:101A700024B32B6803B1023C224617491448174C83
:101A8000FFF7CEFE3A4616491148FFF7C9FE226815
:101A900042B92B680133202B2B6014BF0020052096
:101AA00005B0F0BD03AB039230460E220093002335
:101AB000194601F035FB00232360EAE70949044891
:101AC000FFF7AEFE052005B0F0BD00BF4C32006050
:101AD00019180060E91D00606C3200602445002088
:101AE000783200605432006010B530B1044601F025
:101AF0008BFB0146204601F043FB034801F05CFBF1
:101B0000BDE8104001F01CBBD026002008B501F054
:101B100017FB6420BDE8084000F03ABB4FF0E0211D
:101B20004FF6FF0C0002064BD1F80C2D00F4E060DC
:101B300002EA0C0210430343C1F80C3D704700BF9A
:101B40000000FA0508B50646144D01F06DFBFFF7DD
:101B500065FE0446012105EB041501F051FB104818
:101B600001F0C6FAA6B100242B684FF49670EA681B
:101B70000134C3F88420E4B200F00AFB2B68EA6861
:101B80004FF49670C3F8882000F002FBA642EBD118
:101B90004FF4FA6000F0FCFAE4E700BFF00A00201E
:101BA0000024F400022008B5FFF7CCFF80B51E46E4
:101BB00082B017464FF0200383F31188BFF36F8F75
:101BC000BFF34F8FDFF868C00B46164C1021164D3F
:101BD00002468CF8711004F138012846FFF720FE08
:101BE0003A4604F150012846FFF71AFE324604F146
:101BF00058012846FFF714FE04F160012846FFF75C
:101C00000FFEFFF783FF002301A90848019301F0AD
:101C1000A7FA284604F17401FFF702FE0120FFF73E
:101C200091FF00BF4C32006019180060391A006043
:101C300000E400E0002008B5FFF784FF70B58EB027
:101C4000194C07A800F0D6FA05A800F007FB079A80
:101C5000089E0D9B921B15489B0A920ADDE90951CB
:101C6000890AAD0A02910B990395890A01910C9991
:101C7000890A009104F17801FFF7D2FD0B48DDE9F4
:101C80000523D11A9B0A920A890A009104F1E801FE
:101C9000FFF7C6FD04F590710448FFF7C1FDFFF79B
:101CA00035FF0EB070BD00BF4C32006019180060E7
:101CB00000B585B001F03CFA01282CD01848036823
:101CC0004BB3EFF305835BB91A46194600680093DE
:101CD00001F052FA012005B05DF804EB01F070BA92
:101CE000002303A900681A460393CDE90031194681
:101CF00001F082FA039B4BB14FF0E0234FF080528A
:101D0000C3F8042DBFF34F8FBFF36F8FBFF34F8F17
:101D100005B05DF804FB05B05DF804EB00F0CCB94C
:101D2000A440002008B58C460868084B49681A464C
:101D300003C3BCF808C006480649A3F800C0FFF773
:101D40006FFDFFF7E3FE0320FFF7FCFEAC40002031
:101D50001918006070330060044B10B403608023D6
:101D6000034C0C605DF8044B136070479034002006
:101D700040360020054B10B403604FF4C073044C90
:101D80000C605DF8044B1360704700BF40380020C2
:101D9000F039002070B50F4D044601F0CDF90E4A20
:101DA00000230E4E01F04CFA2B68C318686840EB14
:101DB0000101A8680244B242A260C4E9003107DD13
:101DC0000133074841F100011044C4E90031A0602B
:101DD000002070BD8034002040420F003F420F00C1
:101DE000C0BDF0FFFFF746BC0D4B00221B6800B5DD
:101DF000013383B001920DD14FF0200383F311889A
:101E0000BFF36F8FBFF34F8F019B002BFCD003B04C
:101E10005DF804FB034BF621034A0448FFF7C6FEB6
:101E2000DC2C00204C130020D8060020F058006065
:101E3000034621F00101094810B44FF0807443F8C3
:101E40000C0C43F8202CA3F1440043E902146FF07A
:101E500002015DF8044B43F8241C7047E91D006043
:101E600008B501F0DDF901F04FF901F039F901F0A1
:101E70004BF94FF0E02200231361936183F3118843
:101E8000064B1B68B3F57A7F00D108BD044B40F2C6
:101E9000E711044A0448FFF789FE00BFDC2C00204C
:101EA00068130020200700202C5900604FF0E02329
:101EB0000022632003211A619A61586119617047F9
:101EC00009480068006880F30888BFF36F8F4FF0FF
:101ED000000080F3148862B661B6BFF34F8FBFF382
:101EE0006F8F00DF00BF000008ED00E0DFF80C009E
:101EF000016841F4700101607047000088ED00E066
:101F00004FF0E0234F4AD3F8001D914230B583B023
:101F10006DD0D3F8002D4C4B9A426FD04B4B002222
:101F2000FF204B4901921A78D2B28DF80220187026
:101F30001B78DBB28DF803309DF8033003F02003EB
:101F40000B70002B61D09DF80330DB4313F02002AF
:101F500009D061E0019B013301939DF803305B00E0
:101F6000DBB28DF803309DF803301B06F2D4019BE1
:101F7000082B05D0019BC3F107031B0203F4E062A9
:101F80009DF802304FF0E024304900253148DBB2A3
:101F900002600B70D4F8203D43F47F03C4F8203D69
:101FA000D4F8203D43F07F43C4F8203DC4F81C5DC5
:101FB00000F074F9D4F8083D274AD96A914232D129
:101FC000264A9B6B934235D1254B1D60FFF78EFF50
:101FD000D4F8343F43F04043C4F8343FFFF770FF78
:101FE00001F0B2F8FFF700FF284603B030BD1D4BEB
:101FF00040F239111C4A1D48FFF7D8FD1C4B4FF425
:102000009D71194A1B48FFF7D1FD1B4B40F25B1134
:10201000154A1A48FFF7CAFD194B40F25F11124AE0
:102020001848FFF7C3FD184B40F2B7110E4A174886
:10203000FFF7BCFD164B4FF4DC710B4A1548FFF758
:10204000B5FD00BF71C20F4170C20F4100E400E056
:10205000414900208C470020792F0000992F000073
:10206000DC2C002084130020CC070020685900607D
:10207000C4130020A459006004140020E05900603B
:102080001C1400201C5A006054140020585A006090
:1020900080140020945A0060714611F0040F03D0A0
:1020A000EFF3098000F046B9EFF3088000F042B981
:1020B000042008B5FFF746FD2DE9F8432D4B1E78A7
:1020C00066B12D4F3B784BB90123F1073B7043D4E8
:1020D000B20726D400233B70730701D4BDE8F88310
:1020E000264B1A68002AF9D0EFF30582002AF5D1B1
:1020F000EFF3108572B61868002834D0204C217890
:10210000002930D10122227042691A60002A2ED0A3
:10211000916105B962B600258368457798472570B7
:10212000DCE7DFF8648098F80030002BD2D000257F
:10213000DFF858902B4659F8234001352368204694
:102140001B69984710B163699B68984798F800200D
:10215000EBB29A42EFD8BDE701F04AF80028B7D0B9
:10216000AFF30080B4E7002DB8D162B6B6E7054BF7
:102170001A60CEE74649002038490020744000200C
:10218000364900208040002037490020844000204C
:10219000164A4FF4FA7138B512680546002300203C
:1021A00001F04EF8124B092DA3FB05234FEAD30C87
:1021B0000CEB8C04A5EB440400FB04F40CD900EBFD
:1021C00080000021400020B1002300BF0133834282
:1021D000FBD101318C45F6D824B1002300BF013377
:1021E0009C42FBD1BFF36F8F38BD00BFDC4600209F
:1021F000CDCCCCCC1249134BF0B50D688BB0124E40
:1022000004465D1B03F160436846F703A5F50055DE
:1022100003EBC63600F0A0FF089B0C492B440C4A88
:102220000798521AA3610B490B4BE06020465B1ADA
:102230002660C4E90175C4E904230BB0F0BD00BFFA
:102240006C2C00200000072002000000C03200209B
:102250008049002000000020C032002010B4054C4E
:102260004FF40021044A121B5DF8044BC0E9001230
:10227000704700BF80302020000028200449054A14
:102280000978054B09059B1ACB1AC0E90013704762
:102290003A490020000000700000007010B572B6CE
:1022A00000244FF0E0220123194914611948946178
:1022B000194C02E00133B02B08D051F823208242A0
:1022C000F8D141F823400133B02BF6D1134A144B17
:1022D0001448154C0C60C86200208A63CB63FFF77A
:1022E0001DFC124B8021124A03F8011B9342FBD1C3
:1022F000BFF34F8FBFF36F8F4FF0E02363210322B3
:1023000059611A6100F008FFBDE8104000F0E4BE1A
:1023100000300020313B000099200060992F000020
:1023200079300000792F00000000072000E400E071
:10233000A0E400E02DE9F041044692B005460E46C7
:10234000EFF30587DFF808834FF0E0238269C8F8D0
:10235000847008F1A80848F8102CD3F8282D48F804
:10236000202CD3F82C2D48F81C2CD3F8342D48F809
:10237000182CD3F8383D48F8143CC36948F80C3C95
:1023800000F04AFF08ED020A00F0AEFE0B2348F809
:10239000040C4FF0FF31AC48AC4A48F8283C00F13F
:1023A000040E59404FF0200C01F00103BCF1010C68
:1023B00002FB03F383EA5101F6D1C64502D043681C
:1023C0007046ECE7A24BC3F8A810BFF34F8F4FF055
:1023D000E0288033C8F8703F2033C8F8703FBFF35F
:1023E0004F8FBFF36F8F9B49C7F308029A48FFF7DF
:1023F00017FA2A4699499848FFF712FA324698493F
:102400009548FFF70DFA226896499348FFF708FAB6
:10241000626895499048FFF703FAA26893498E488D
:10242000FFF7FEF9E26892498B48FFF7F9F9226954
:1024300090498948FFF7F4F962698F498648FFF7A8
:10244000EFF9A2698D498448FFF7EAF9E2698C49FE
:102450008148FFF7E5F9D8F8286D8A497E48324669
:10246000FFF7DEF9002E38D0F30700F1B880B70788
:1024700000F1E580300700F1DD80F10600F15A81BE
:10248000B20600F15C81330600F1B080F70500F17F
:10249000B480B00500F12681710500F12D8132056F
:1024A00000F14381F30400F15481B70400F133815A
:1024B000300400F1A980F10300F1AD80B20300F116
:1024C0001681730300F11D81370300F12981F001AA
:1024D00000F13A81B10100F119814FF0E0236A491E
:1024E0005D48D3F82C6D3246FFF79AF92EB1B2074A
:1024F00000F19680730000F198804FF0E026634968
:102500005548D6F8302DFFF78BF9D6F83C2D6049A9
:102510005148FFF785F9D6F8382D5E494E48FFF748
:102520007FF9D6F8342D5C494B48FFF779F900F074
:10253000FFFD01283BD1594920354748FFF770F985
:102540004422002101A800F02BFE01AA0F95D4E936
:102550000013CDE90213D4E902035149CDE9040384
:102560002069A3690E906069109300230860694692
:102570004C48009300F018FE4B493748FFF750F9DC
:10258000FFF7C4FA494BA361BFF34F8FBFF36F8FBF
:102590004FF0200383F31188BFF36F8FBFF34F8F8A
:1025A000434B102283F8712012B0BDE8F081284619
:1025B00000F0BAFD0646002000F0FAFD3D49024653
:1025C0002548FFF72DF946B1304600F0F1FD0246EF
:1025D00039492148FFF724F9ADE7384AF8E7384987
:1025E0001D48FFF71DF933067FF550AF35491A48EE
:1025F000FFF716F9F7057FF54CAF17483249FFF79B
:102600000FF930047FF557AF30491348FFF708F949
:10261000F1037FF553AF2E490F48FFF701F95CE74F
:102620002C490D48FFF7FCF867E72B490A48FFF7EC
:10263000F7F862E729490848FFF7F2F823E7284945
:102640000548FFF7EDF81EE780FF27202083B8ED4F
:1026500000FF2720C85B006019180060E05B006085
:10266000F85B0060105C0060285C0060405C00600B
:10267000585C0060705C0060885C0060A05C00607A
:10268000B85C0060D05C0060A06000600C6100601D
:10269000246100603C61006054610060A4610060DE
:1026A00024450020391A0060B8610060B120006044
:1026B00000E400E06C61006088610060C05B006065
:1026C000E85C0060D45D0060045E0060685F0060EC
:1026D000945F0060B8600060E8600060405D00608A
:1026E000185D00601D491E48FFF79AF8E0E61D4995
:1026F0001B48FFF795F8F0E61B491948FFF790F8DB
:10270000D6E61A491648FFF78BF8E6E6184914484A
:10271000FFF786F8E1E617491148FFF781F8C7E6A9
:1027200015490F48FFF77CF8D7E614490C48FFF726
:1027300077F8BDE612490A48FFF772F8A3E6114997
:102740000748FFF76DF89EE60F490548FFF768F860
:10275000C3E60E490248FFF763F8A9E62C5E006065
:1027600019180060BC5F0060605E0060F45F00608C
:102770007C6000602C5F006028600060A85E0060E4
:10278000705D0060A05D00604C600060F05E006005
:102790002DE9F04F95B0002800F0908004680546C0
:1027A000002C00F0928022464B494C48FFF738F845
:1027B0002A684B494948FFF733F82A6C494947488A
:1027C000FFF72EF82A6D48494448FFF729F8236A95
:1027D000464903F010034148002B15BF30237023F6
:1027E0002C226C2215BF402680264FF0440A4FF061
:1027F000840A15BF4FF03C0B4FF07C0B3427742735
:1028000015BF4FF028084FF068084FF024094FF02B
:10281000640914BF3825782501930092FFF700F86A
:102820002168009A019B54F802E054F803C004EBBD
:102830000A0354F8088054F80990E75954F80B003B
:1028400008916168226A0991A168CDF810900A91F7
:10285000E168CDF814800B912169CDF818E00C9156
:102860006169CDF81CC00D91A1690E91E1691097C5
:102870000F91002112901193139142F3001102F075
:1028800010020391A159890501D50433119312B99E
:10289000119B4833119364590023154803AA02A9D8
:1028A00002930460134800F07FFC13490B48FEF7C5
:1028B000B7FFFFF72BF915B0BDE8F08F0F4B40F2D3
:1028C0003D210F4A0F48FFF771F90F4B4FF410717C
:1028D0000B4A0C48FFF76AF9BC61006019180060E8
:1028E000D0610060E8610060F86100601062006023
:1028F00024450020391A006024620060B0140020D2
:10290000C01400207C080020F0140020704700BF95
:10291000704700BF704700BF00BF704710B44FF052
:10292000E023002110243148C3F8941DC3F89C4DC6
:102930001124C3F8A00D2E48C3F89C4D1224C3F8EF
:10294000A00D2C48C3F89C4D2B4AC3F8A00D2B4C6E
:1029500042F015022A48C3F89C4DC3F8A00D294C3B
:102960002948C3F89C4DC3F8A00D284CC3F89C2DF2
:102970002748284AC3F8A04DC3F89C0DC3F8A02DE2
:1029800002F5A022244C0C322448C3F89C4DC3F815
:10299000A02D234AC3F89C0D224CC3F8A02D02F1B0
:1029A0004062C3F89C4D2048C3F8A02D0C32C3F8F8
:1029B0009C0DC3F8A02D00BF00BF00BF00BF00BF2B
:1029C0000122C3F8942DBFF34F8FBFF36F8FC3F86D
:1029D000501FBFF34F8FBFF36F8FD3F8142D5DF8E7
:1029E000044B42F44032C3F8142D70473F000010EE
:1029F000250008070900100080490020130020006E
:102A0000210002071400002025000813090000100F
:102A10001600202027000B1317000040180000604C
:102A20002F000B07190000701A000080F0B5B84B9A
:102A30001822B84E0120B84F83B0C3F85C62B74982
:102A4000C3F86072B64DC3F86462A6F53046B54C63
:102A5000C3F86862C3F86C52C3F87052C3F874527A
:102A6000C3F8785248F20C75DA661A675A679A67A3
:102A7000DA67C3F88020C3F88420C3F88820C1F83F
:102A80002C03A94AC1F83003C1F83403C1F8380354
:102A9000C1F83C03C1F85003A169A44B0A40A44803
:102AA000A4491343A44AA361D4F8843043F00C032F
:102AB000C4F884304FF0FF34036843F0020303602E
:102AC00003682B404FF400551A439C4B026044604E
:102AD0008A689B4C13409B4A43F000538360C36851
:102AE00023F07803C360036A134023430362036A3D
:102AF0001340954A2343954C43628262C26200228E
:102B0000D1F8B83023F03F0343F00103C0F8B830E8
:102B1000D1F8BC308E4923F03F0343F00103C0F8E5
:102B2000BC3040F20563026105660467C0F880307E
:102B3000456644670224C0F88430036823F002032A
:102B400003608161834B8449C46143F8042B8B4249
:102B5000FBD1774A136843F001031360136813F045
:102B60000103FBD17A48022140F2F564906140F202
:102B70009940D16140F26641C2F8004242F20144FC
:102B8000C2F810127549C2F82002C2F8301240F2A1
:102B900035417348C2F83442C2F84012714CC2F851
:102BA000500242F201207049C2F854120121C2F8C9
:102BB0006042C2F864025E48C2F8A030C2F8A43095
:102BC000C2F8B0104369DA07FCD5012300244FF4A2
:102BD000803257494361C0F8A040C0F8A420C0F833
:102BE000B0304B69DB07FCD5012300244FF40030E3
:102BF0004F4A4B61C1F8A040C1F8A400C1F8B03001
:102C00005369DF07FCD50123002458484849536124
:102C1000C2F8A040C2F8A400C2F8B0304B69DE0789
:102C2000FCD5D1F8003145F60D5221209BB2486108
:102C3000934265D100244FF4802201233C48C1F81F
:102C4000A040C1F8A420C1F8B0304369DD07FCD52D
:102C500001234FF400040021354A4361C0F8A0402D
:102C6000C0F8A410C0F8B0305369DC07FCD50123CC
:102C70004FF400044FF480302D495361C2F8A04056
:102C8000C2F8A400C2F8B0304B69D807FCD50123C4
:102C90004FF400044FF40030254A4B61C1F8A040C6
:102CA000C1F8A400C1F8B0305369D907FCD501239D
:102CB0004FF400042D481E495361C2F8A040C2F8E9
:102CC000A400C2F8B0304B69DA07FCD5D1F8003166
:102CD00045F60D5221209BB24861934250D0082501
:102CE0004FF4000422490020224B234A0090157023
:102CF0005A1A01232148224400F002FA03B0F0BD21
:102D00001E4B0022C3E90022C3E9022203B0F0BD3A
:102D100000801F40F9B00100F910010000841F403D
:102D2000F970010000C00F40FFFCFF1F000300A06E
:102D300000402A4000802A401200FFFFFF37F700C2
:102D40004000008000FFF07CFF000F836300020062
:102D5000F05AF05A00422A4000432A409F0418309B
:102D6000EB06180A3806180A06320126040003008A
:102D700000000070000000703A4900201445002057
:102D80004FF400044FF4802201230848C1F8A0400A
:102D9000C1F8A420C1F8B0304369DB07FCD501239A
:102DA00010254FF0807443619CE700BF00402A402B
:102DB000F0B4154A40274FF480314FF480564FF459
:102DC00000554FF4404443F24200136913F0020FE0
:102DD0000ED113F4005F0FD013F4805F0ED0002BE0
:102DE000F3DA13F4803F0BD15B060BD5F0BC7047D0
:102DF000946151619061E8E75561E6E75661E4E767
:102E00009161E2E75761E0E700800D403F4A03200F
:102E10003F49F3EE095AD2F880304FF0000C9FED95
:102E20003D6A23F001039FED3C5A30B4C2F8803074
:102E3000C2F89000D1F8E010384DCBB2384C394888
:102E40002B6007EE903A0B0DC1F30B21F8EEE77AF9
:102E500006EE903A07EE101A334BB8EEC77A2160AF
:102E6000F8EEE66A314937EEC66A37EEC55A76EEB5
:102E7000C76A77EEE57A26EE266AC3ED006A25EE8C
:102E8000265AD2F8803067EEA64AC0ED007AC6EE28
:102E9000275A274885EE276AC4EEA76A75EE875A37
:102EA000FCEEE55A36EE076A15EE904ABCEEC66AAD
:102EB00043EA045376EE877AC2F8803016EE103A71
:102EC000D2F89041FCEEE77A01EA0341214317EE84
:102ED000903AC2F89011C3F30B03D2F890110B4350
:102EE0001449C2F89031D2F8803043F00203C2F89E
:102EF0008030114B80F840C0C1F840314FF0E023E2
:102F0000012230BCC3F80821704700BF00810D408A
:102F100000441F400000AA420000B442D0460020F6
:102F2000CC460020D4460020D84600200000FF0FE9
:102F300000E400E000300020E53C0000314B40F6AA
:102F4000617210B5C3F8202140F2044400F03CF94E
:102F50002D4A2E49D2F880302D4843F00303C2F8A1
:102F600080302C4BC1F8604102681A4203D1D1F87D
:102F7000A8319A071BD0254A4FF00041244B5963D2
:102F8000D2F8403143F00203C2F84031D2F8403168
:102F90009B07FBD44FF400304FF0E0211C4B4FF067
:102FA0000042C1F88C0219209A6300F015F9184A02
:102FB0004FF08040154C002190630A20164B1160A1
:102FC0004FF42072C4F8A801184600F0E9F84FF455
:102FD000800203464FF4810040F243111860C4F8A8
:102FE00058311A640D4B0E4AC4F84811C3F8042234
:102FF0004FF0E0224FF400310123C2F80C11C4F865
:10300000403110BD00800D4000C00F4000002E4038
:1030100000900D40001C1E00000000200030002029
:10302000CD3E000008B50E4B1B6E9B0700D4FBBEC7
:1030300072B60C4B00200C4AC3F8400103F1604308
:103040000A49A3F55F2311649D46BFF34F8F4FF4E8
:1030500000130748074ADB6902609B68984700BF76
:1030600000441F4000002E4000C00A400300200022
:1030700000802020000012EB104BA020104AD96ED7
:1030800041F4403110B4D96640F23764D96E41F44E
:103090004071D96654649064936C1B06FCD4094A51
:1030A00040F23761A02351649364936C13F0800362
:1030B000FBD1054A13705DF8044B704700C00F4008
:1030C00000400C4000800C4039490020F8B500BF9A
:1030D000F8BC08BC9E4670475FF800F0052F000062
:1030E0005FF800F05D2D00005FF800F00D3B000080
:1030F0005FF800F0753300005FF800F08D0E0000FF
:103100005FF800F0554E00005FF800F04D1700002A
:103110005FF800F0193A00005FF800F0AD0400001D
:103120005FF800F08D5500005FF800F015280000F2
:103130005FF800F0951F00005FF800F0210000002C
:103140005FF800F0754D00005FF800F01D1C0000F6
:103150005FF800F0096100005FF800F07966000098
:103160005FF800F0515D00005FF800F0590C0000BE
:103170005FF800F0E14C00005FF800F0CD230000A4
:103180005FF800F00D4D00005FF800F0596000009E
:103190005FF800F0698700005FF800F01908000090
:1031A0005FF800F03D8500005FF800F0D5550000A5
:1031B0005FF800F09D1B00005FF800F03D33000059
:1031C0005FF800F03D1B00005FF800F03D46000096
:1031D0005FF800F0415500005FF800F06536000030
:1031E0005FF800F0110E00005FF800F0F9600000D9
:1031F0005FF800F0394C00005FF800F0A9250000EE
:103200005FF800F0853700005FF800F0818800006B
:103210005FF800F0410A00005FF800F0E93C0000B0
:103220005FF800F0CD1B00005FF800F049190000C6
:103230005FF800F0C90900005FF800F0F537000002
:0C3240005FF800F0D94E0000C90000004B
:10324C0009232564000000003A095B5461736B206C
:10325C00656E74727920706F696E745D0D0A000072
:10326C003A0930782530347800000000205B307843
:10327C00253034785D0D0A000D0A415353455254E4
:10328C0020696E205B25733A25755D0900000000EE
:10329C00257328293A20000025730D0A0000000030
:1032AC000D0A537461636B2074726163653A0D0A85
:1032BC00000000000D0A000052414D312073697A64
:1032CC00653A202575204B422C206672656520528C
:1032DC00414D313A202575204B422C20646174619C
:1032EC0020757365643A202575204B422C2062733F
:1032FC007320757365643A202575204B422C20751C
:10330C0073656420686561703A202575204B422CEA
:10331C002073797374656D20667265653A20257526
:10332C00204B420D0A00000052414D322073697A45
:10333C00653A202575204B422C206672656520521B
:10334C00414D323A202575204B422C207573656413
:10335C002052414D323A202575204B420D0A000077
:10336C000D0A0000535441434B204F564552464CD6
:10337C004F573A2025730D0A000000005F736272EC
:10338C006B5F72282564293A206E6F206D656D2065
:10339C00617661696C61626C652E0D0A000000003B
:1033AC002E70696F5C6C6962646570735C746565C2
:1033BC006E737934315C6672656572746F732D74DB
:1033CC0065656E73795C7372635C71756575652E7A
:1033DC00630000002E70696F5C6C696264657073C9
:1033EC005C7465656E737934315C66726565727494
:1033FC006F732D7465656E73795C7372635C717534
:10340C006575652E630000002E70696F5C6C6962D7
:10341C00646570735C7465656E737934315C667267
:10342C00656572746F732D7465656E73795C7372F8
:10343C00635C71756575652E630000002E70696F95
:10344C005C6C6962646570735C7465656E73793409
:10345C00315C6672656572746F732D7465656E731D
:10346C00795C7372635C71756575652E6300000021
:10347C002E70696F5C6C6962646570735C746565F1
:10348C006E737934315C6672656572746F732D740A
:10349C0065656E73795C7372635C71756575652EA9
:1034AC00630000002E70696F5C6C696264657073F8
:1034BC005C7465656E737934315C667265657274C3
:1034CC006F732D7465656E73795C7372635C717563
:1034DC006575652E630000002E70696F5C6C696207
:1034EC00646570735C7465656E737934315C667297
:1034FC00656572746F732D7465656E73795C737228
:10350C00635C71756575652E630000002E70696FC4
:10351C005C6C6962646570735C7465656E73793438
:10352C00315C6672656572746F732D7465656E734C
:10353C00795C7372635C71756575652E6300000050
:10354C002E70696F5C6C6962646570735C74656520
:10355C006E737934315C6672656572746F732D7439
:10356C0065656E73795C7372635C71756575652ED8
:10357C00630000002E70696F5C6C69626465707327
:10358C005C7465656E737934315C667265657274F2
:10359C006F732D7465656E73795C7372635C717592
:1035AC006575652E630000002E70696F5C6C696236
:1035BC00646570735C7465656E737934315C6672C6
:1035CC00656572746F732D7465656E73795C737257
:1035DC00635C71756575652E630000002E70696FF4
:1035EC005C6C6962646570735C7465656E73793468
:1035FC00315C6672656572746F732D7465656E737C
:10360C00795C7372635C71756575652E630000007F
:10361C002E70696F5C6C6962646570735C7465654F
:10362C006E737934315C6672656572746F732D7468
:10363C0065656E73795C7372635C71756575652E07
:10364C00630000002E70696F5C6C69626465707356
:10365C005C7465656E737934315C66726565727421
:10366C006F732D7465656E73795C7372635C7175C1
:10367C006575652E630000002E70696F5C6C696265
:10368C00646570735C7465656E737934315C6672F5
:10369C00656572746F732D7465656E73795C737286
:1036AC00635C71756575652E630000002E70696F23
:1036BC005C6C6962646570735C7465656E73793497
:1036CC00315C6672656572746F732D7465656E73AB
:1036DC00795C7372635C71756575652E63000000AF
:1036EC002E70696F5C6C6962646570735C7465657F
:1036FC006E737934315C6672656572746F732D7498
:10370C0065656E73795C7372635C71756575652E36
:10371C00630000002E70696F5C6C69626465707385
:10372C005C7465656E737934315C66726565727450
:10373C006F732D7465656E73795C7372635C7175F0
:10374C006575652E630000002E70696F5C6C696294
:10375C00646570735C7465656E737934315C667224
:10376C00656572746F732D7465656E73795C7372B5
:10377C00635C71756575652E630000002E70696F52
:10378C005C6C6962646570735C7465656E737934C6
:10379C00315C6672656572746F732D7465656E73DA
:1037AC00795C7372635C71756575652E63000000DE
:1037BC002E70696F5C6C6962646570735C746565AE
:1037CC006E737934315C6672656572746F732D74C7
:1037DC0065656E73795C7372635C71756575652E66
:1037EC00630000002E70696F5C6C696264657073B5
:1037FC005C7465656E737934315C66726565727480
:10380C006F732D7465656E73795C7372635C71751F
:10381C006575652E630000002E70696F5C6C6962C3
:10382C00646570735C7465656E737934315C667253
:10383C00656572746F732D7465656E73795C7372E4
:10384C00635C71756575652E630000002E70696F81
:10385C005C6C6962646570735C7465656E737934F5
:10386C00315C6672656572746F732D7465656E7309
:10387C00795C7372635C71756575652E630000000D
:10388C002E70696F5C6C6962646570735C746565DD
:10389C006E737934315C6672656572746F732D74F6
:1038AC0065656E73795C7372635C71756575652E95
:1038BC00630000002E70696F5C6C696264657073E4
:1038CC005C7465656E737934315C667265657274AF
:1038DC006F732D7465656E73795C7372635C71754F
:1038EC006575652E630000002E70696F5C6C6962F3
:1038FC00646570735C7465656E737934315C667283
:10390C00656572746F732D7465656E73795C737213
:10391C00635C71756575652E630000002E70696FB0
:10392C005C6C6962646570735C7465656E73793424
:10393C00315C6672656572746F732D7465656E7338
:10394C00795C7372635C71756575652E630000003C
:10395C002E70696F5C6C6962646570735C7465650C
:10396C006E737934315C6672656572746F732D7425
:10397C0065656E73795C7372635C71756575652EC4
:10398C00630000002E70696F5C6C69626465707313
:10399C005C7465656E737934315C667265657274DE
:1039AC006F732D7465656E73795C7372635C71757E
:1039BC006575652E630000002E70696F5C6C696222
:1039CC00646570735C7465656E737934315C6672B2
:1039DC00656572746F732D7465656E73795C737243
:1039EC00635C71756575652E630000002E70696FE0
:1039FC005C6C6962646570735C7465656E73793454
:103A0C00315C6672656572746F732D7465656E7367
:103A1C00795C7372635C71756575652E630000006B
:103A2C002E70696F5C6C6962646570735C7465653B
:103A3C006E737934315C6672656572746F732D7454
:103A4C0065656E73795C7372635C71756575652EF3
:103A5C00630000002E70696F5C6C69626465707342
:103A6C005C7465656E737934315C6672656572740D
:103A7C006F732D7465656E73795C7372635C7175AD
:103A8C006575652E630000002E70696F5C6C696251
:103A9C00646570735C7465656E737934315C6672E1
:103AAC00656572746F732D7465656E73795C737272
:103ABC00635C71756575652E630000002E70696F0F
:103ACC005C6C6962646570735C7465656E73793483
:103ADC00315C6672656572746F732D7465656E7397
:103AEC00795C7372635C71756575652E630000009B
:103AFC002E70696F5C6C6962646570735C7465656B
:103B0C006E737934315C6672656572746F732D7483
:103B1C0065656E73795C7372635C71756575652E22
:103B2C00630000002E70696F5C6C69626465707371
:103B3C005C7465656E737934315C6672656572743C
:103B4C006F732D7465656E73795C7372635C7175DC
:103B5C006575652E630000002E70696F5C6C696280
:103B6C00646570735C7465656E737934315C667210
:103B7C00656572746F732D7465656E73795C7372A1
:103B8C00635C71756575652E630000002E70696F3E
:103B9C005C6C6962646570735C7465656E737934B2
:103BAC00315C6672656572746F732D7465656E73C6
:103BBC00795C7372635C71756575652E63000000CA
:103BCC002E70696F5C6C6962646570735C7465659A
:103BDC006E737934315C6672656572746F732D74B3
:103BEC0065656E73795C7372635C71756575652E52
:103BFC00630000002E70696F5C6C696264657073A1
:103C0C005C7465656E737934315C6672656572746B
:103C1C006F732D7465656E73795C7372635C71750B
:103C2C006575652E630000002E70696F5C6C6962AF
:103C3C00646570735C7465656E737934315C66723F
:103C4C00656572746F732D7465656E73795C7372D0
:103C5C00635C71756575652E630000002E70696F6D
:103C6C005C6C6962646570735C7465656E737934E1
:103C7C00315C6672656572746F732D7465656E73F5
:103C8C00795C7372635C71756575652E63000000F9
:103C9C002E70696F5C6C6962646570735C746565C9
:103CAC006E737934315C6672656572746F732D74E2
:103CBC0065656E73795C7372635C71756575652E81
:103CCC00630000002E70696F5C6C696264657073D0
:103CDC005C7465656E737934315C6672656572749B
:103CEC006F732D7465656E73795C7372635C74614C
:103CFC00736B732E630000002E70696F5C6C6962CD
:103D0C00646570735C7465656E737934315C66726E
:103D1C00656572746F732D7465656E73795C7372FF
:103D2C00635C7461736B732E630000002E70696F9B
:103D3C005C6C6962646570735C7465656E73793410
:103D4C00315C6672656572746F732D7465656E7324
:103D5C00795C7372635C7461736B732E6300000027
:103D6C002E70696F5C6C6962646570735C746565F8
:103D7C006E737934315C6672656572746F732D7411
:103D8C0065656E73795C7372635C7461736B732EAF
:103D9C00630000002E70696F5C6C696264657073FF
:103DAC005C7465656E737934315C667265657274CA
:103DBC006F732D7465656E73795C7372635C74617B
:103DCC00736B732E630000002E70696F5C6C6962FC
:103DDC00646570735C7465656E737934315C66729E
:103DEC00656572746F732D7465656E73795C73722F
:103DFC00635C7461736B732E630000002E70696FCB
:103E0C005C6C6962646570735C7465656E7379343F
:103E1C00315C6672656572746F732D7465656E7353
:103E2C00795C7372635C7461736B732E6300000056
:103E3C002E70696F5C6C6962646570735C74656527
:103E4C006E737934315C6672656572746F732D7440
:103E5C0065656E73795C7372635C7461736B732EDE
:103E6C00630000002E70696F5C6C6962646570732E
:103E7C005C7465656E737934315C667265657274F9
:103E8C006F732D7465656E73795C7372635C7461AA
:103E9C00736B732E630000002E70696F5C6C69622B
:103EAC00646570735C7465656E737934315C6672CD
:103EBC00656572746F732D7465656E73795C73725E
:103ECC00635C7461736B732E630000002E70696FFA
:103EDC005C6C6962646570735C7465656E7379346F
:103EEC00315C6672656572746F732D7465656E7383
:103EFC00795C7372635C7461736B732E6300000086
:103F0C002E70696F5C6C6962646570735C74656556
:103F1C006E737934315C6672656572746F732D746F
:103F2C0065656E73795C7372635C7461736B732E0D
:103F3C00630000002E70696F5C6C6962646570735D
:103F4C005C7465656E737934315C66726565727428
:103F5C006F732D7465656E73795C7372635C7461D9
:103F6C00736B732E630000002E70696F5C6C69625A
:103F7C00646570735C7465656E737934315C6672FC
:103F8C00656572746F732D7465656E73795C73728D
:103F9C00635C7461736B732E630000002E70696F29
:103FAC005C6C6962646570735C7465656E7379349E
:103FBC00315C6672656572746F732D7465656E73B2
:103FCC00795C7372635C7461736B732E63000000B5
:103FDC002E70696F5C6C6962646570735C74656586
:103FEC006E737934315C6672656572746F732D749F
:103FFC0065656E73795C7372635C7461736B732E3D
:10400C00630000002E70696F5C6C6962646570738C
:10401C005C7465656E737934315C66726565727457
:10402C006F732D7465656E73795C7372635C746108
:10403C00736B732E630000002E70696F5C6C696289
:10404C00646570735C7465656E737934315C66722B
:10405C00656572746F732D7465656E73795C7372BC
:10406C00635C7461736B732E630000002E70696F58
:10407C005C6C6962646570735C7465656E737934CD
:10408C00315C6672656572746F732D7465656E73E1
:10409C00795C7372635C7461736B732E63000000E4
:1040AC002E70696F5C6C6962646570735C746565B5
:1040BC006E737934315C6672656572746F732D74CE
:1040CC0065656E73795C7372635C7461736B732E6C
:1040DC00630000002E70696F5C6C696264657073BC
:1040EC005C7465656E737934315C66726565727487
:1040FC006F732D7465656E73795C7372635C746138
:10410C00736B732E630000002E70696F5C6C6962B8
:10411C00646570735C7465656E737934315C66725A
:10412C00656572746F732D7465656E73795C7372EB
:10413C00635C7461736B732E630000002E70696F87
:10414C005C6C6962646570735C7465656E737934FC
:10415C00315C6672656572746F732D7465656E7310
:10416C00795C7372635C7461736B732E6300000013
:10417C002E70696F5C6C6962646570735C746565E4
:10418C006E737934315C6672656572746F732D74FD
:10419C0065656E73795C7372635C7461736B732E9B
:1041AC00630000002E70696F5C6C696264657073EB
:1041BC005C7465656E737934315C667265657274B6
:1041CC006F732D7465656E73795C7372635C746167
:1041DC00736B732E630000002E70696F5C6C6962E8
:1041EC00646570735C7465656E737934315C66728A
:1041FC00656572746F732D7465656E73795C73721B
:10420C00635C7461736B732E630000002E70696FB6
:10421C005C6C6962646570735C7465656E7379342B
:10422C00315C6672656572746F732D7465656E733F
:10423C00795C7372635C7461736B732E6300000042
:10424C002E70696F5C6C6962646570735C74656513
:10425C006E737934315C6672656572746F732D742C
:10426C0065656E73795C7372635C7461736B732ECA
:10427C00630000002E70696F5C6C6962646570731A
:10428C005C7465656E737934315C667265657274E5
:10429C006F732D7465656E73795C7372635C746196
:1042AC00736B732E630000002E70696F5C6C696217
:1042BC00646570735C7465656E737934315C6672B9
:1042CC00656572746F732D7465656E73795C73724A
:1042DC00635C7461736B732E630000002E70696FE6
:1042EC005C6C6962646570735C7465656E7379345B
:1042FC00315C6672656572746F732D7465656E736F
:10430C00795C7372635C7461736B732E6300000071
:10431C002E70696F5C6C6962646570735C74656542
:10432C006E737934315C6672656572746F732D745B
:10433C0065656E73795C7372635C7461736B732EF9
:10434C00630000002E70696F5C6C69626465707349
:10435C005C7465656E737934315C66726565727414
:10436C006F732D7465656E73795C7372635C7461C5
:10437C00736B732E630000002E70696F5C6C696246
:10438C00646570735C7465656E737934315C6672E8
:10439C00656572746F732D7465656E73795C737279
:1043AC00635C7461736B732E630000002E70696F15
:1043BC005C6C6962646570735C7465656E7379348A
:1043CC00315C6672656572746F732D7465656E739E
:1043DC00795C7372635C7461736B732E63000000A1
:1043EC002E70696F5C6C6962646570735C74656572
:1043FC006E737934315C6672656572746F732D748B
:10440C0065656E73795C7372635C7461736B732E28
:10441C00630000002E70696F5C6C69626465707378
:10442C005C7465656E737934315C66726565727443
:10443C006F732D7465656E73795C7372635C7461F4
:10444C00736B732E630000002E70696F5C6C696275
:10445C00646570735C7465656E737934315C667217
:10446C00656572746F732D7465656E73795C7372A8
:10447C00635C7461736B732E630000002E70696F44
:10448C005C6C6962646570735C7465656E737934B9
:10449C00315C6672656572746F732D7465656E73CD
:1044AC00795C7372635C7461736B732E63000000D0
:1044BC002E70696F5C6C6962646570735C746565A1
:1044CC006E737934315C6672656572746F732D74BA
:1044DC0065656E73795C7372635C7461736B732E58
:1044EC00630000002E70696F5C6C696264657073A8
:1044FC005C7465656E737934315C66726565727473
:10450C006F732D7465656E73795C7372635C746123
:10451C00736B732E630000002E70696F5C6C6962A4
:10452C00646570735C7465656E737934315C667246
:10453C00656572746F732D7465656E73795C7372D7
:10454C00635C7461736B732E630000002E70696F73
:10455C005C6C6962646570735C7465656E737934E8
:10456C00315C6672656572746F732D7465656E73FC
:10457C00795C7372635C7461736B732E63000000FF
:10458C002E70696F5C6C6962646570735C746565D0
:10459C006E737934315C6672656572746F732D74E9
:1045AC0065656E73795C7372635C7461736B732E87
:1045BC00630000002E70696F5C6C696264657073D7
:1045CC005C7465656E737934315C667265657274A2
:1045DC006F732D7465656E73795C7372635C746153
:1045EC00736B732E630000002E70696F5C6C6962D4
:1045FC00646570735C7465656E737934315C667276
:10460C00656572746F732D7465656E73795C737206
:10461C00635C7461736B732E630000002E70696FA2
:10462C005C6C6962646570735C7465656E73793417
:10463C00315C6672656572746F732D7465656E732B
:10464C00795C7372635C7461736B732E630000002E
:10465C002E70696F5C6C6962646570735C746565FF
:10466C006E737934315C6672656572746F732D7418
:10467C0065656E73795C7372635C7461736B732EB6
:10468C00630000002E70696F5C6C69626465707306
:10469C005C7465656E737934315C667265657274D1
:1046AC006F732D7465656E73795C7372635C746182
:1046BC00736B732E630000002E70696F5C6C696203
:1046CC00646570735C7465656E737934315C6672A5
:1046DC00656572746F732D7465656E73795C737236
:1046EC00635C7461736B732E630000002E70696FD2
:1046FC005C6C6962646570735C7465656E73793447
:10470C00315C6672656572746F732D7465656E735A
:10471C00795C7372635C7461736B732E630000005D
:10472C002E70696F5C6C6962646570735C7465652E
:10473C006E737934315C6672656572746F732D7447
:10474C0065656E73795C7372635C7461736B732EE5
:10475C00630000002E70696F5C6C69626465707335
:10476C005C7465656E737934315C66726565727400
:10477C006F732D7465656E73795C7372635C7461B1
:10478C00736B732E630000002E70696F5C6C696232
:10479C00646570735C7465656E737934315C6672D4
:1047AC00656572746F732D7465656E73795C737265
:1047BC00635C7461736B732E630000002E70696F01
:1047CC005C6C6962646570735C7465656E73793476
:1047DC00315C6672656572746F732D7465656E738A
:1047EC00795C7372635C7461736B732E630000008D
:1047FC002E70696F5C6C6962646570735C7465655E
:10480C006E737934315C6672656572746F732D7476
:10481C0065656E73795C7372635C7461736B732E14
:10482C00630000002E70696F5C6C69626465707364
:10483C005C7465656E737934315C6672656572742F
:10484C006F732D7465656E73795C7372635C7461E0
:10485C00736B732E630000002E70696F5C6C696261
:10486C00646570735C7465656E737934315C667203
:10487C00656572746F732D7465656E73795C737294
:10488C00635C7461736B732E630000002E70696F30
:10489C005C6C6962646570735C7465656E737934A5
:1048AC00315C6672656572746F732D7465656E73B9
:1048BC00795C7372635C7461736B732E63000000BC
:1048CC002E70696F5C6C6962646570735C7465658D
:1048DC006E737934315C6672656572746F732D74A6
:1048EC0065656E73795C7372635C7461736B732E44
:1048FC00630000002E70696F5C6C69626465707394
:10490C005C7465656E737934315C6672656572745E
:10491C006F732D7465656E73795C7372635C74610F
:10492C00736B732E630000002E70696F5C6C696290
:10493C00646570735C7465656E737934315C667232
:10494C00656572746F732D7465656E73795C7372C3
:10495C00635C7461736B732E630000002E70696F5F
:10496C005C6C6962646570735C7465656E737934D4
:10497C00315C6672656572746F732D7465656E73E8
:10498C00795C7372635C7461736B732E63000000EB
:10499C002E70696F5C6C6962646570735C746565BC
:1049AC006E737934315C6672656572746F732D74D5
:1049BC0065656E73795C7372635C7461736B732E73
:1049CC00630000002E70696F5C6C696264657073C3
:1049DC005C7465656E737934315C6672656572748E
:1049EC006F732D7465656E73795C7372635C74613F
:1049FC00736B732E630000002E70696F5C6C6962C0
:104A0C00646570735C7465656E737934315C667261
:104A1C00656572746F732D7465656E73795C7372F2
:104A2C00635C7461736B732E630000002E70696F8E
:104A3C005C6C6962646570735C7465656E73793403
:104A4C00315C6672656572746F732D7465656E7317
:104A5C00795C7372635C7461736B732E630000001A
:104A6C002E70696F5C6C6962646570735C746565EB
:104A7C006E737934315C6672656572746F732D7404
:104A8C0065656E73795C7372635C7461736B732EA2
:104A9C00630000002E70696F5C6C696264657073F2
:104AAC005C7465656E737934315C667265657274BD
:104ABC006F732D7465656E73795C7372635C74616E
:104ACC00736B732E630000002E70696F5C6C6962EF
:104ADC00646570735C7465656E737934315C667291
:104AEC00656572746F732D7465656E73795C737222
:104AFC00635C7461736B732E630000002E70696FBE
:104B0C005C6C6962646570735C7465656E73793432
:104B1C00315C6672656572746F732D7465656E7346
:104B2C00795C7372635C7461736B732E6300000049
:104B3C002E70696F5C6C6962646570735C7465651A
:104B4C006E737934315C6672656572746F732D7433
:104B5C0065656E73795C7372635C7461736B732ED1
:104B6C00630000002E70696F5C6C69626465707321
:104B7C005C7465656E737934315C667265657274EC
:104B8C006F732D7465656E73795C7372635C74619D
:104B9C00736B732E630000002E70696F5C6C69621E
:104BAC00646570735C7465656E737934315C6672C0
:104BBC00656572746F732D7465656E73795C737251
:104BCC00635C7461736B732E630000002E70696FED
:104BDC005C6C6962646570735C7465656E73793462
:104BEC00315C6672656572746F732D7465656E7376
:104BFC00795C7372635C7461736B732E6300000079
:104C0C002E70696F5C6C6962646570735C74656549
:104C1C006E737934315C6672656572746F732D7462
:104C2C0065656E73795C7372635C7461736B732E00
:104C3C00630000002E70696F5C6C69626465707350
:104C4C005C7465656E737934315C6672656572741B
:104C5C006F732D7465656E73795C7372635C7461CC
:104C6C00736B732E630000002E70696F5C6C69624D
:104C7C00646570735C7465656E737934315C6672EF
:104C8C00656572746F732D7465656E73795C737280
:104C9C00635C7461736B732E630000002E70696F1C
:104CAC005C6C6962646570735C7465656E73793491
:104CBC00315C6672656572746F732D7465656E73A5
:104CCC00795C7372635C7461736B732E63000000A8
:104CDC002E70696F5C6C6962646570735C74656579
:104CEC006E737934315C6672656572746F732D7492
:104CFC0065656E73795C7372635C7461736B732E30
:104D0C00630000002E70696F5C6C6962646570737F
:104D1C005C7465656E737934315C6672656572744A
:104D2C006F732D7465656E73795C7372635C7461FB
:104D3C00736B732E630000002E70696F5C6C69627C
:104D4C00646570735C7465656E737934315C66721E
:104D5C00656572746F732D7465656E73795C7372AF
:104D6C00635C7461736B732E630000002E70696F4B
:104D7C005C6C6962646570735C7465656E737934C0
:104D8C00315C6672656572746F732D7465656E73D4
:104D9C00795C7372635C7461736B732E63000000D7
:104DAC002E70696F5C6C6962646570735C746565A8
:104DBC006E737934315C6672656572746F732D74C1
:104DCC0065656E73795C7372635C7461736B732E5F
:104DDC00630000002E70696F5C6C696264657073AF
:104DEC005C7465656E737934315C6672656572747A
:104DFC006F732D7465656E73795C7372635C74612B
:104E0C00736B732E630000002E70696F5C6C6962AB
:104E1C00646570735C7465656E737934315C66724D
:104E2C00656572746F732D7465656E73795C7372DE
:104E3C00635C7461736B732E630000002E70696F7A
:104E4C005C6C6962646570735C7465656E737934EF
:104E5C00315C6672656572746F732D7465656E7303
:104E6C00795C7372635C7461736B732E6300000006
:104E7C002E70696F5C6C6962646570735C746565D7
:104E8C006E737934315C6672656572746F732D74F0
:104E9C0065656E73795C7372635C7461736B732E8E
:104EAC00630000002E70696F5C6C696264657073DE
:104EBC005C7465656E737934315C667265657274A9
:104ECC006F732D7465656E73795C7372635C74615A
:104EDC00736B732E630000002E70696F5C6C6962DB
:104EEC00646570735C7465656E737934315C66727D
:104EFC00656572746F732D7465656E73795C73720E
:104F0C00635C7461736B732E630000002E70696FA9
:104F1C005C6C6962646570735C7465656E7379341E
:104F2C00315C6672656572746F732D7465656E7332
:104F3C00795C7372635C7461736B732E6300000035
:104F4C002E70696F5C6C6962646570735C74656506
:104F5C006E737934315C6672656572746F732D741F
:104F6C0065656E73795C7372635C7461736B732EBD
:104F7C00630000002E70696F5C6C6962646570730D
:104F8C005C7465656E737934315C667265657274D8
:104F9C006F732D7465656E73795C7372635C746189
:104FAC00736B732E630000002E70696F5C6C69620A
:104FBC00646570735C7465656E737934315C6672AC
:104FCC00656572746F732D7465656E73795C73723D
:104FDC00635C7461736B732E630000002E70696FD9
:104FEC005C6C6962646570735C7465656E7379344E
:104FFC00315C6672656572746F732D7465656E7362
:10500C00795C7372635C7461736B732E6300000064
:10501C002E70696F5C6C6962646570735C74656535
:10502C006E737934315C6672656572746F732D744E
:10503C0065656E73795C7372635C7461736B732EEC
:10504C00630000002E70696F5C6C6962646570733C
:10505C005C7465656E737934315C66726565727407
:10506C006F732D7465656E73795C7372635C7461B8
:10507C00736B732E630000002E70696F5C6C696239
:10508C00646570735C7465656E737934315C6672DB
:10509C00656572746F732D7465656E73795C73726C
:1050AC00635C7461736B732E630000002E70696F08
:1050BC005C6C6962646570735C7465656E7379347D
:1050CC00315C6672656572746F732D7465656E7391
:1050DC00795C7372635C7461736B732E6300000094
:1050EC002E70696F5C6C6962646570735C74656565
:1050FC006E737934315C6672656572746F732D747E
:10510C0065656E73795C7372635C7461736B732E1B
:10511C00630000002E70696F5C6C6962646570736B
:10512C005C7465656E737934315C66726565727436
:10513C006F732D7465656E73795C7372635C7461E7
:10514C00736B732E630000002E70696F5C6C696268
:10515C00646570735C7465656E737934315C66720A
:10516C00656572746F732D7465656E73795C73729B
:10517C00635C7461736B732E630000002E70696F37
:10518C005C6C6962646570735C7465656E737934AC
:10519C00315C6672656572746F732D7465656E73C0
:1051AC00795C7372635C7461736B732E63000000C3
:1051BC002E70696F5C6C6962646570735C74656594
:1051CC006E737934315C6672656572746F732D74AD
:1051DC0065656E73795C7372635C7461736B732E4B
:1051EC00630000002E70696F5C6C6962646570739B
:1051FC005C7465656E737934315C66726565727466
:10520C006F732D7465656E73795C7372635C746116
:10521C00736B732E630000002E70696F5C6C696297
:10522C00646570735C7465656E737934315C667239
:10523C00656572746F732D7465656E73795C7372CA
:10524C00635C7461736B732E630000002E70696F66
:10525C005C6C6962646570735C7465656E737934DB
:10526C00315C6672656572746F732D7465656E73EF
:10527C00795C7372635C7461736B732E63000000F2
:10528C002E70696F5C6C6962646570735C746565C3
:10529C006E737934315C6672656572746F732D74DC
:1052AC0065656E73795C7372635C7461736B732E7A
:1052BC00630000002E70696F5C6C696264657073CA
:1052CC005C7465656E737934315C66726565727495
:1052DC006F732D7465656E73795C7372635C746146
:1052EC00736B732E630000002E70696F5C6C6962C7
:1052FC00646570735C7465656E737934315C667269
:10530C00656572746F732D7465656E73795C7372F9
:10531C00635C7461736B732E630000002E70696F95
:10532C005C6C6962646570735C7465656E7379340A
:10533C00315C6672656572746F732D7465656E731E
:10534C00795C7372635C7461736B732E6300000021
:10535C002E70696F5C6C6962646570735C746565F2
:10536C006E737934315C6672656572746F732D740B
:10537C0065656E73795C7372635C7461736B732EA9
:10538C00630000002E70696F5C6C696264657073F9
:10539C005C7465656E737934315C667265657274C4
:1053AC006F732D7465656E73795C7372635C746175
:1053BC00736B732E630000002E70696F5C6C6962F6
:1053CC00646570735C7465656E737934315C667298
:1053DC00656572746F732D7465656E73795C737229
:1053EC00635C7461736B732E630000002E70696FC5
:1053FC005C6C6962646570735C7465656E7379343A
:10540C00315C6672656572746F732D7465656E734D
:10541C00795C7372635C7461736B732E6300000050
:10542C002E70696F5C6C6962646570735C74656521
:10543C006E737934315C6672656572746F732D743A
:10544C0065656E73795C7372635C7461736B732ED8
:10545C00630000002E70696F5C6C69626465707328
:10546C005C7465656E737934315C667265657274F3
:10547C006F732D7465656E73795C7372635C74699C
:10548C006D6572732E6300002E70696F5C6C6962BF
:10549C00646570735C7465656E737934315C6672C7
:1054AC00656572746F732D7465656E73795C737258
:1054BC00635C74696D6572732E6300002E70696F86
:1054CC005C6C6962646570735C7465656E73793469
:1054DC00315C6672656572746F732D7465656E737D
:1054EC00795C7372635C74696D6572732E63000012
:1054FC002E70696F5C6C6962646570735C74656551
:10550C006E737934315C6672656572746F732D7469
:10551C0065656E73795C7372635C74696D657273C7
:10552C002E6300002E70696F5C6C69626465707329
:10553C005C7465656E737934315C66726565727422
:10554C006F732D7465656E73795C7372635C7469CB
:10555C006D6572732E6300002E70696F5C6C6962EE
:10556C00646570735C7465656E737934315C6672F6
:10557C00656572746F732D7465656E73795C737287
:10558C00635C74696D6572732E6300002E70696FB5
:10559C005C6C6962646570735C7465656E73793498
:1055AC00315C6672656572746F732D7465656E73AC
:1055BC00795C7372635C74696D6572732E63000041
:1055CC002E70696F5C6C6962646570735C74656580
:1055DC006E737934315C6672656572746F732D7499
:1055EC0065656E73795C7372635C74696D657273F7
:1055FC002E6300002E70696F5C6C69626465707359
:10560C005C7465656E737934315C66726565727451
:10561C006F732D7465656E73795C7372635C7469FA
:10562C006D6572732E6300002E70696F5C6C69621D
:10563C00646570735C7465656E737934315C667225
:10564C00656572746F732D7465656E73795C7372B6
:10565C00635C74696D6572732E6300002E70696FE4
:10566C005C6C6962646570735C7465656E737934C7
:10567C00315C6672656572746F732D7465656E73DB
:10568C00795C7372635C74696D6572732E63000070
:10569C002E70696F5C6C6962646570735C746565AF
:1056AC006E737934315C6672656572746F732D74C8
:1056BC0065656E73795C7372635C74696D65727326
:1056CC002E6300002E70696F5C6C69626465707388
:1056DC005C7465656E737934315C66726565727481
:1056EC006F732D7465656E73795C7372635C74692A
:1056FC006D6572732E6300002E70696F5C6C69624D
:10570C00646570735C7465656E737934315C667254
:10571C00656572746F732D7465656E73795C7372E5
:10572C00635C74696D6572732E6300002E70696F13
:10573C005C6C6962646570735C7465656E737934F6
:10574C00315C6672656572746F732D7465656E730A
:10575C00795C7372635C74696D6572732E6300009F
:10576C002E70696F5C6C6962646570735C746565DE
:10577C006E737934315C6672656572746F732D74F7
:10578C0065656E73795C7372635C74696D65727355
:10579C002E6300002E70696F5C6C696264657073B7
:1057AC005C7465656E737934315C667265657274B0
:1057BC006F732D7465656E73795C7372635C746959
:1057CC006D6572732E6300002E70696F5C6C69627C
:1057DC00646570735C7465656E737934315C667284
:1057EC00656572746F732D7465656E73795C737215
:1057FC00635C74696D6572732E6300002E70696F43
:10580C005C6C6962646570735C7465656E73793425
:10581C00315C6672656572746F732D7465656E7339
:10582C00795C7372635C6C6973742E6300000000A6
:10583C002E70696F5C6C6962646570735C7465650D
:10584C006E737934315C6672656572746F732D7426
:10585C0065656E73795C7372635C6C6973742E63CB
:10586C00000000002E70696F5C6C69626465707377
:10587C005C7465656E737934315C667265657274DF
:10588C006F732D7465656E73795C7372635C6C6990
:10589C0073742E63000000002E70696F5C6C69627B
:1058AC00646570735C7465656E737934315C6672B3
:1058BC00656572746F732D7465656E73795C737244
:1058CC00635C6C6973742E63000000005949454C8D
:1058DC00440000006576656E745F74004556454E55
:1058EC00540000002E70696F5C6C696264657073A3
:1058FC005C7465656E737934315C6672656572745F
:10590C006F732D7465656E73795C7372635C706F05
:10591C00727461626C655C706F72742E630000004F
:10592C002E70696F5C6C6962646570735C7465651C
:10593C006E737934315C6672656572746F732D7435
:10594C0065656E73795C7372635C706F727461629F
:10595C006C655C706F72742E630000002E70696F42
:10596C005C6C6962646570735C7465656E737934C4
:10597C00315C6672656572746F732D7465656E73D8
:10598C00795C7372635C706F727461626C655C706D
:10599C006F72742E630000002E70696F5C6C69620C
:1059AC00646570735C7465656E737934315C6672B2
:1059BC00656572746F732D7465656E73795C737243
:1059CC00635C706F727461626C655C706F72742E64
:1059DC00630000002E70696F5C6C696264657073A3
:1059EC005C7465656E737934315C6672656572746E
:1059FC006F732D7465656E73795C7372635C706F15
:105A0C00727461626C655C706F72742E630000005E
:105A1C002E70696F5C6C6962646570735C7465652B
:105A2C006E737934315C6672656572746F732D7444
:105A3C0065656E73795C7372635C706F72746162AE
:105A4C006C655C706F72742E630000002E70696F51
:105A5C005C6C6962646570735C7465656E737934D3
:105A6C00315C6672656572746F732D7465656E73E7
:105A7C00795C7372635C706F727461626C655C707C
:105A8C006F72742E630000002E70696F5C6C69621B
:105A9C00646570735C7465656E737934315C6672C1
:105AAC00656572746F732D7465656E73795C737252
:105ABC00635C706F727461626C655C706F72742E73
:105ACC00630000002E70696F5C6C696264657073B2
:105ADC005C7465656E737934315C6672656572747D
:105AEC006F732D7465656E73795C7372635C706F24
:105AFC00727461626C655C706F72742E630000006E
:105B0C002E70696F5C6C6962646570735C7465653A
:105B1C006E737934315C6672656572746F732D7453
:105B2C0065656E73795C7372635C706F72746162BD
:105B3C006C655C706F72742E630000002E70696F60
:105B4C005C6C6962646570735C7465656E737934E2
:105B5C00315C6672656572746F732D7465656E73F6
:105B6C00795C7372635C706F727461626C655C708B
:105B7C006F72742E630000002E70696F5C6C69622A
:105B8C00646570735C7465656E737934315C6672D0
:105B9C00656572746F732D7465656E73795C737261
:105BAC00635C706F727461626C655C706F72742E82
:105BBC0063000000756E6B6E6F776E004661756CDE
:105BCC0074204952513A20202020307825780D0A33
:105BDC00000000002073703A20202020202020207C
:105BEC002020307825780D0A00000000206C723AD5
:105BFC0020202020202020202020307825780D0AFD
:105C0C000000000020737461636B65645F72303A4E
:105C1C002020307825780D0A000000002073746174
:105C2C00636B65645F72313A2020307825780D0AF9
:105C3C000000000020737461636B65645F72323A1C
:105C4C002020307825780D0A000000002073746144
:105C5C00636B65645F72333A2020307825780D0AC7
:105C6C000000000020737461636B65645F723132F5
:105C7C003A20307825780D0A0000000020737461FA
:105C8C00636B65645F6C723A2020307825780D0A5E
:105C9C000000000020737461636B65645F70633A8D
:105CAC002020307825780D0A0000000020737461E4
:105CBC00636B65645F7073723A20307825780D0AD7
:105CCC0000000000205F434653523A202020202041
:105CDC002020307825780D0A00000000202028496B
:105CEC0041434356494F4C2920202020496E737460
:105CFC0072756374696F6E204163636573732056AC
:105D0C00696F6C6174696F6E0D0A00002020284465
:105D1C0041434356494F4C29202020204461746153
:105D2C00204163636573732056696F6C6174696F8E
:105D3C006E0D0A002020284D554E53544B4552529F
:105D4C00292020204D656D4D616E6765204661757B
:105D5C006C74206F6E20556E737461636B696E6723
:105D6C000D0A00002020284D53544B455252292037
:105D7C00202020204D656D4D616E67652046617554
:105D8C006C74206F6E20737461636B696E670D0A9F
:105D9C00000000002020284D4C5350455252292021
:105DAC00202020204D656D4D616E67652046617524
:105DBC006C74206F6E204650204C617A792053749D
:105DCC006174650D0A0000002020284D4D4152568B
:105DDC00414C4944292020204D656D4D616E67650D
:105DEC00204661756C74204164647265737320562F
:105DFC00616C69640D0A0000202028494255534506
:105E0C005252292020202020496E737472756374BD
:105E1C00696F6E20427573204572726F720D0A00A5
:105E2C0020202850524543495345525229202020C6
:105E3C004461746120627573206572726F722028E0
:105E4C006164647265737320696E20424641522905
:105E5C000D0A0000202028494D5052454349534516
:105E6C0052522920446174612062757320657272EC
:105E7C006F72206275742061646472657373206E36
:105E8C006F742072656C6174656420746F20696E28
:105E9C00737472756374696F6E0D0A002020285537
:105EAC004E53544B455252292020202042757320CA
:105EBC004661756C74206F6E20756E737461636BC4
:105ECC00696E6720666F7220612072657475726EE0
:105EDC002066726F6D20657863657074696F6E0DE6
:105EEC000A00000020202853544B455252292020F0
:105EFC0020202020427573204661756C74206F6ED3
:105F0C0020737461636B696E6720666F72206578AD
:105F1C0063657074696F6E20656E7472790D0A001A
:105F2C002020284C5350455252292020202020203C
:105F3C00427573204661756C74206F6E204650203C
:105F4C006C617A7920737461746520707265736505
:105F5C0072766174696F6E0D0A0000002020284271
:105F6C0046415256414C4944292020204275732009
:105F7C004661756C7420416464726573732056615C
:105F8C006C69640D0A000000202028554E444546DB
:105F9C00494E535452292020556E646566696E65CE
:105FAC006420696E737472756374696F6E0D0A0088
:105FBC00202028494E565354415445292020202056
:105FCC00496E737472756374696F6E206D616B6565
:105FDC007320696C6C6567616C20757365206F66E6
:105FEC0020455053520D0A00202028494E5650434C
:105FFC0029202020202020205573616765206661B0
:10600C00756C743A20696E76616C696420455843EE
:10601C005F52455455524E0D0A0000002020284E68
:10602C004F43502920202020202020204E6F204339
:10603C006F70726F636573736F720D0A00000000EE
:10604C00202028554E414C49474E454429202020BC
:10605C00556E616C69676E6564206163636573730B
:10606C002055736167654661756C740D0A000000FC
:10607C0020202844495642595A45524F2920202065
:10608C00446976696465206279207A65726F0D0ABD
:10609C0000000000205F484653523A202020202068
:1060AC002020307825780D0A00000000202028568A
:1060BC0045435454424C2920202020204275732003
:1060CC004661756C74206F6E205665632054616256
:1060DC006C6520526561640D0A0000002020284682
:1060EC004F5243454429202020202020466F7263C4
:1060FC0065642048617264204661756C740D0A00F9
:10610C00205F444653523A20202020202020307813
:10611C0025780D0A00000000205F414653523A20BA
:10612C00202020202020307825780D0A0000000047
:10613C00205F424641523A202020202020203078F7
:10614C0025780D0A00000000205F4D4D41523A2089
:10615C00202020202020307825780D0A0000000017
:10616C000A416374697665207461736B202854430B
:10617C0042293A2025730D0A00000000416374691E
:10618C007665207461736B2028737461636B293A94
:10619C002025730D0A0000000D0A537461636B20F7
:1061AC0074726163653A0D0A000000000A00000079
:1061BC0009737461636B5F617267733D3078257826
:1061CC000D0A0000097078546F704F665374616348
:1061DC006B3D307825780D0A00000000097078536B
:1061EC007461636B3D307825780D0A000970784531
:1061FC006E644F66537461636B3D307825780D0A7D
:10620C00000000000D0A537461636B2074726163AB
:10621C00653A0D0A000000000A0000001603550044
:10622C0053004200200053006500720069006100B9
:10623C006C00000018035400650065006E007300CC
:10624C0079006400750069006E006F000403090496
:10625C0009026200030100C032080B0002020201B5
:10626C0000090400000102020100052400100105D0
:10627C0024010101042402060524060001070582FD
:10628C000310001009040100020A000000070503B6
:10629C0002400000070584024000000904020002CD
:1062AC00FF6AFF000705810240000107050102405B
:1062BC000001000009026200030100C032080B005B
:1062CC00020202010009040000010202010005247F
:1062DC000010010524010101042402060524060016
:1062EC00010705820310000509040100020A0000E1
:1062FC0000070503020002000705840200020009E2
:10630C0004020002FF6AC7000705810200020107B0
:10631C0005010200020100000A060002EF02014022
:04632C00010000006C
:10633000000000000000000000000000000000005D
:10634000000000000000000000000000000000004D
:10635000F0B40D4B4FF0010C0C4F0D4E0D4D53E8AA
:10636000002F3C6830686A6843E800C10029F6D114
:10637000094D121A4FF47A732868A2FB0020E4FB3F
:106380000301F0BC704700BFE8460020E44600204F
:10639000E0460020001000E0DC46002009480A4AE0
:1063A0000A4B12680A4910B404685B680868002147
:1063B0001B1B5DF8044BA3FB00304FF47A73E2FB28
:1063C00003017047E0460020E4460020001000E092
:1063D000DC4600200548064B1B1AD90F01EBA30130
:1063E000491002D0034B03B118477047C032002058
:1063F000C03200200000000008B5054B1BB1054964
:106400000548AFF30080BDE80840FFF7E3BF00BFD9
:1064100000000000284500200068016038B50446EF
:1064200049B108460D4608F0C3FB236802462946D9
:106430005B68204698472046BDE8384003F016B90F
:1064400080B5244CA0B0244F244E254D4FF4FA6063
:1064500001F00CFDC821206800F096FD0128F5D15F
:106460001021304604F0EAFD284603F0FFF80CF056
:106470004BF91C4A03468021684608F001F868463B
:1064800008F096FB0146684604F0D8FD284603F064
:10649000EDF8386800F078FE134A0346802168461C
:1064A00007F0EEFF684608F083FB0146684604F0FB
:1064B000C5FD284603F0DAF810210C4804F0BEFDB3
:1064C000284603F0D3F8002320681A46194600F046
:1064D0003BFBBBE7F83F0020FC3F0020700300209F
:1064E000D026002084030020A0030020BC0300204D
:1064F00080B51A4C92B01A4D1A4E1B4F01A94FF09D
:10650000FF32206800F076FC0128F7D1019B32466B
:10651000402102A807F0B4FF6421286800F034FD90
:1065200001280AD00D2003F0B3FA01460D20B1FA7C
:1065300081F1490903F082FAE0E702A808F038FB8C
:10654000014602A804F07AFD384603F08FF80023D4
:10655000286819461A4600F0F7FAE3E7FC3F0020E6
:10656000F83F0020D0030020D026002080B5002472
:1065700092B01F4E1F4DDFF884801F4FDFF88090D0
:1065800009E0286800F000FD01282DD04FF4FA70D2
:1065900001F06CFC019C013401A900230A2230683F
:1065A000019400F0D1FA01284FF06401E9D1019B78
:1065B0004246402102A807F063FF6421286800F0EA
:1065C000E3FC0128E2D102A808F0F2FA014602A891
:1065D00004F034FD384603F049F8002328681A46D1
:1065E000194600F0B1FAD1E72C214846F0E700BF88
:1065F000FC3F0020F83F0020D02600201C04002093
:10660000EC0300204D4D40F2EE284D4CDFF8809118
:106610002E6880B54B4F82B00CF08AF82378002B9F
:106620005DD03B78DA075AD52B68D9F800209B1A41
:106630000E2B54D9434F40F6B736DFF854810CF097
:1066400077F82378002B54D03B78DB0751D52B68A3
:10665000D8F800209B1A0E2B4BD901210D2003F0F6
:1066600029FA04210022084600F03AFA364B186055
:10667000002845D0012000F09FFB344B1860002813
:1066800044D00024022532493248FFF7C7FE234692
:106690004FF4007230493148CDE9005401F0BEF9A1
:1066A000012839D123464FF400722D492D48CDE9F8
:1066B000005401F0B3F9012834D123464FF400729D
:1066C0002949CDE90004294801F0A8F901282FD172
:1066D00001F066FA26491F48FFF7A0FEFEE72B6887
:1066E00022789B1B4AB1B3F5FA6FA3D80CF020F8BF
:1066F00092E72B68B342A2D9AFE74345F6D999E7B1
:106700001C4B8F211C4A1D480BF0EAFF1C4B9321A8
:10671000194A1A480BF0E4FF1A4B9921164A1748F8
:106720000BF0DEFF184B9A21134A14480BF0D8FFE8
:10673000164B9B21104A11480BF0D2FFE446002073
:106740004349002042490020FC3F0020F83F002040
:10675000E0110020D0260020F81100203D020000AA
:1067600060120020C1010000C812002011010000C9
:1067700028130020A0110020B81100207C08002060
:10678000C8110020041200206C120020D01200203A
:10679000A0470020704700BFEFF311814FF02003A6
:1067A00083F31188BFF36F8FBFF34F8F044A1378C1
:1067B0000133DBB2012B137008BF5170704700BF6B
:1067C000E0260020044A1378013BDBB2137013B9B2
:1067D000537883F311887047E026002070B502F0EB
:1067E000A3FDFFF7B5FD164A002304F00DFD044696
:1067F0000D46164603F022FB844275F1000315DABC
:10680000001B104BC6F1000265EB45051860C3E99B
:1068100001523EB101380A4A45F1FF35921BC3E9E6
:1068200000059A60BDE8704002F0A4BD201A054B37
:1068300065F1000583E86100BDE8704002F09ABD93
:1068400040420F0080340020704700BF0A4610B558
:10685000EFF3108C72B60A490A4C08688318A342F9
:1068600006D2094CA34203D30B608CF3108810BDF1
:106870008CF31088054906480BF062FF0BF038FFD7
:106880006C2C002000E00620804900208833006046
:1068900019180060FFF75CBD70B51546826D04469F
:1068A000066D2AB9056865B301361046266570BDC8
:1068B0007DB9406803F03EF96368A26D1344A26895
:1068C0009342636019D322680136284662602665C8
:1068D00070BDC06803F02EF9A26DE36851429B1AA7
:1068E00022689342E36002D2A3680B44E360022D66
:1068F0000DD001360020266570BD0136284626657C
:1069000070BD8068013601F067FDA560CEE7012EFD
:106910004FF0000038BF0126C8E700BF70B505463C
:1069200002F002FD95F85D305CB2002C14DD05F13B
:10693000300603E0631EDAB25CB26AB16B6B3046BC
:1069400053B101F08DFB0028F4D001F0AFFC631EC1
:10695000DAB25CB2002AF1D1FF2385F85D3002F093
:1069600009FD02F0E1FC95F85C305CB2002C14DD0E
:1069700005F1100603E0631EDAB25CB26AB16B691E
:10698000304653B101F06CFB0028F4D001F08EFCCE
:10699000631EDAB25CB2002AF1D1FF2385F85C30C5
:1069A000BDE8704002F0E6BC70B540B3456D0446EA
:1069B000F5B1826DA2FB0525D5B90E4602F0B4FCF7
:1069C000226825656260D4E9153101FB03F3591A89
:1069D00013440A44A360FF23E26084F85C3084F827
:1069E0005D3026BB63698BB902F0C4FC012070BD29
:1069F000134B4FF4B671134A13480BF071FE134B4F
:106A000040F237110F4A12480BF06AFE04F11000F1
:106A100001F026FB0028E7D04FF0E0234FF0805232
:106A2000C3F8042DBFF34F8FBFF36F8FDCE704F182
:106A3000100002F03FFB04F1300002F03BFBD3E713
:106A40001C1A00206C060020E0330060141A00209D
:106A5000AC33006030B583B09DF8185023B3E0B17B
:106A60001C46C2B1C9B1B2B168230193019B682B26
:106A700021D1002908BF2246A1650121606522605D
:106A8000204684F85E10019BFFF78EFF204684F8B5
:106A9000645003B030BD0029E6D00A4B4FF4D871E2
:106AA000094A0A480BF01CFE094B4FF4C271064A12
:106AB00008480BF015FE084B4FF4CB71024A07480B
:106AC0000BF00EFE081A0020300600207C34006017
:106AD000DC19002014340060EC19002048340060F8
:106AE0002DE9F04110B3A0FB01370E460546EFB982
:106AF00001FB00F010F1690F18D86830904605F0DE
:106B000093FC044668B180F85E706EB100F16803D2
:106B1000012120462360C4E91556FFF745FF84F89C
:106B200064802046BDE8F0810346F1E7034B40F264
:106B30002D21034A03480BF0D3FD00BF081A0020A3
:106B4000C4050020183500602DE9F04385B001929E
:106B5000002800F09780894604469846002900F0F6
:106B60009880B8F1020F00F09F8001F0ABFB002885
:106B700000F0A580A8F102060025B6FA86F62F4699
:106B8000760907E002F0F6FB2046FFF7C7FE01F0AA
:106B90007BF8012502F0C8FB226D636D9A4243D356
:106BA000002E41D1019B002B5DD0002D38D002F08A
:106BB000E1FB01F061F802F0B7FB94F85C30FF2BC9
:106BC00001D184F85C7094F85D30FF2B01D184F81A
:106BD0005D7002F0CFFB01A902A801F00FFB0028B5
:106BE00047D102F0A1FB226D636D9A42CAD102F037
:106BF000C1FB019904F1100001F0B6F92046FFF73E
:106C00008DFE01F041F80028C3D14FF0E0234FF092
:106C10008052C3F8042DBFF34F8FBFF36F8FB8E7D7
:106C200002A801F0DFFAC2E7424649462046FFF7D4
:106C300033FE636B33B958B902F09CFB012005B0F9
:106C4000BDE8F08304F1300001F00AFA0028F3D027
:106C50004FF0E0234FF08052C3F8042DBFF34F8F65
:106C6000BFF36F8FE8E702F085FB304605B0BDE863
:106C7000F0832046FFF752FE01F006F8002005B031
:106C8000BDE8F083134B40F2B931134A13480BF0BF
:106C900027FD836D002B3FF464AF114B40F2BA31F6
:106CA0000D4A10480BF01CFD636D012B3FF45DAFE6
:106CB0000D4B40F2BB31084A0C480BF011FD019B13
:106CC000002B3FF457AF0A4B40F2BE31024A09484D
:106CD0000BF006FD141A00202C050020B4350060CE
:106CE000401A0020E8350060981A00201C36006029
:106CF000E81A00205036006070B582B0F9B1682300
:106D00000193019B682B21D10C46002601210546E9
:106D10002460204684F85E10019BC4E91516FFF735
:106D200043FE334632463146204684F86450A6601E
:106D30002660E660FFF708FF204602B070BD074BF3
:106D40004FF4C271064A07480BF0CAFC064B4FF4D9
:106D5000CB71034A05480BF0C3FC00BFDC190020CF
:106D60003006002014340060EC1900204834006024
:106D700038B5A0B18568044601F09EFA854201D07D
:106D8000002038BDE368013BE3600BB1012038BD52
:106D90001A4619462046FFF7D7FE012038BD034B9F
:106DA00040F2FE21024A03480BF09AFCBC1B002073
:106DB0008C0500208436006070B50546682005F01B
:106DC00033FB044698B100260121206080F85E6004
:106DD000C0E91516FFF7E8FD334632463146204636
:106DE00084F86450A6602660E660FFF7ADFE20469A
:106DF00070BD00BF2DE9F04385B00192002800F07E
:106E000083800E460446002900F0858001F05AFA7E
:106E1000002800F08B8002F087FA256D002D5ED1EE
:106E2000019B002B37D02F4604F130084FF0E029AA
:106E300002A801F0D7F902F09DFA00F01DFF02F060
:106E400073FA94F85C30FF2B01D184F85C7094F8ED
:106E50005D30FF2B01D184F85D7002F08BFA01A93F
:106E600002A801F0CBF9E0B902F05EFA236D2BBB6A
:106E700002F080FA0199404601F076F82046FFF7CB
:106E80004DFD00F001FF08B302F04EFA256D35BB51
:106E9000019B002BCFD102F06DFA002005B0BDE8B8
:106EA000F0832046FFF73AFD00F0EEFE02F03CFAD8
:106EB000236D002BEFD002F05DFAE5E702F05AFAFD
:106EC0002046FFF72BFD00F0DFFEDDE74FF080539B
:106ED000C9F8043DBFF34F8FBFF36F8FD4E7A26DA6
:106EE00042B1E168A36811449942E16029D2304679
:106EF00002F020FE013D636925652BBB02F03AFAE2
:106F0000012005B0BDE8F083184B40F2EC51184A5F
:106F100018480BF0E5FB836D002B3FF477AF164B61
:106F20004FF4BE61124A15480BF0DAFB019B002BAF
:106F30003FF471AF124B40F2F5510D4A11480BF07E
:106F4000CFFB2168E160D2E704F1100001F088F87E
:106F50000028D3D04FF0E0234FF08052C3F8042D27
:106F6000BFF34F8FBFF36F8FC8E700BFC41B002074
:106F7000AC04002058380060D01B00208C38006022
:106F8000E81A0020C0380060F0B585B001910028F3
:106F900000F08B80866D0446002E40F09B8001F04F
:106FA00091F90546002800F09C803546002702F044
:106FB000BBF9236D002B7FD1019B002B00F0868055
:106FC000002D45D002F0D6F900F056FE02F0ACF9E3
:106FD00094F85C30FF2B01D184F85C7094F85D303C
:106FE000FF2B01D184F85D7002F0C4F901A902A859
:106FF00001F004F9F8B902F097F9236D63BB02F0D0
:10700000B9F92368002B47D0019904F1300000F052
:10701000ABFF2046FFF782FC00F036FE48B94FF088
:10702000E0234FF08052C3F8042DBFF34F8FBFF31E
:107030006F8F0125BBE72046FFF770FC00F024FEB0
:1070400002F072F9236D83B1012502F093F9AEE7E6
:1070500002A801F0C7F8B5E702F08CF92046FFF767
:107060005DFC012500F010FEA1E702F083F916B9DE
:10707000304605B0F0BD02F057F9616B19B1636C91
:107080005968C1F10A010026A06801F027FA02F050
:1070900071F9304605B0F0BD02F046F9A06801F084
:1070A00021F9064602F066F9AEE71E4B40F2856113
:1070B0001D4A1E480BF014FB013B226823652AB3CE
:1070C000636993B9012602F055F9D1E71E4602F033
:1070D00051F9CDE7164B40F28961134A15480BF080
:1070E000FFFA019BB3B9064660E704F1100000F017
:1070F000B7FF0028E6D04FF0E0234FF08052C3F8EE
:10710000042DBFF34F8FBFF36F8FDBE701F06CFAF5
:10711000A060D5E7084B40F28E61034A07480BF0A8
:10712000DFFA00BFC41B002038080020F4380060DC
:107130003C1B002028390060E81A00205C39006000
:1071400070B5A0B1866804460D4601F0B5F88642D8
:1071500008D029462046FFF717FF10B1E368013336
:10716000E36070BDE36801200344E36070BD034B3E
:1071700040F23A31024A03480BF0B2FABC1B00203D
:10718000580500209039006010B582B048B104461F
:1071900002F0CAF8206D019002F0ECF8019802B0FC
:1071A00010BD034B40F69E01024A03480BF098FACB
:1071B000D815002098070020983B006008B538B12A
:1071C00090F85E3003B108BDBDE8084005F034B961
:1071D000034B40F6D701034A03480BF081FA00BF86
:1071E000141A00200C060020343C006070B50446E0
:1071F0000E46154602F098F894F85C30FF2B02D149
:10720000002384F85C3094F85D30FF2B02D100231A
:1072100084F85D3002F0AEF8236D23B12046BDE85E
:107220007040FFF77BBB04F130002A46314600F086
:10723000B9FE2046BDE87040FFF770BB70B500F1A5
:107240000C0C4FF00A0E45682DB9BEF1010EFBD1B2
:107250007246104670BD83689B68634508BF4369EA
:107260001C699B689C4508BF43691A692AB1166C62
:107270008E4202D8166D8E4203D29442F1D18360C1
:10728000E3E78360104670BD2DE9F041044602F04B
:107290004BF8454A454D1368013313602B68002BAA
:1072A0004DD0434B1B68002B41D0E36B414E42480D
:1072B000012242499A4007683A4302600A68013253
:1072C0000A6062655A0106EB4313B1589A68B1F13E
:1072D0005A3F5BD1D969B1F15A3F57D16168B1F1D9
:1072E0005A3F5AD1E169B1F15A3F56D1D168586835
:1072F000C4E903210130D668211DB160D160A361CA
:10730000586002F037F82A4B1B6873B12A68E36BA8
:10731000D26B9A4209D24FF0E0234FF08052C3F86B
:10732000042DBFF34F8FBFF36F8FBDE8F0812A6844
:10733000E36BD26B1F4E9A42B9D82C60B7E72C6032
:107340001368012BB1D11B4E374606F5A07838469D
:10735000203701F0AFFEB845F9D1DFF89080184F23
:10736000404601F0A7FE384601F0A4FE154801F0A2
:10737000A1FE154801F09EFE144801F09BFE144B3F
:10738000C3F80080134B1F60E36B90E7124B40F68D
:107390003301124A12480BF0A3F9124B40F63301A5
:1073A0000E4A11480BF09CF9AC47002040450020E4
:1073B0007448002054450020BC470020B8470020F6
:1073C000204800205448002000490020E0480020C8
:1073D000484500204C450020B00F00207C070020CD
:1073E000D03C006080100020043D00600048002078
:1073F0002DE9F843354C0546354A0F462668354B8E
:10740000354CD2F800800022D3F800902368206821
:1074100083F8AD21043001F0DBFE40B9236801227E
:107420002E49DB6B9A400B6823EA02030B606B1C4E
:1074300027D137B32A4B19689A68B1F15A3F36D130
:10744000D969B1F15A3F32D121684968B1F15A3F47
:1074500034D12168C969B1F15A3F2FD1D06825686C
:107460002168EA6008612168D06804318160206881
:107470005968246804300131D0605960A361BDE8C7
:10748000F8832368761921689E6005D34846043145
:10749000BDE8F84301F05EBE4046043101F05AFEFB
:1074A000104B1A68B242EAD91E60BDE8F8830E4B51
:1074B00042F2A8110D4A0E480BF012F90D4B42F2A0
:1074C000A8110A4A0C480BF00BF900BF2049002014
:1074D000484500204C45002040450020BC47002086
:1074E000E0480020484800206C0E002040070020A3
:1074F000383D0060FC0E00206C3D006010B5044675
:10750000783007F053FA94F8AC3123B1012B11D045
:10751000022B08D110BD206C04F08EFF2046BDE880
:10752000104004F089BF064B41F66911054A064830
:107530000BF0D6F82046BDE8104004F07DBF00BF38
:107540003411002060070020D43D0060F8B50D4CD8
:107550002368B3B10C4F0D4E01F0E6FE7B691D6947
:10756000281D01F035FE3368013B33602368013B81
:10757000236001F0FFFE2846FFF7C0FF2368002BC1
:10758000EAD1F8BDB047002000490020AC470020F8
:10759000094C4FF0E0264FF0805508B5FFF7D6FFB5
:1075A0006368012B05D9C6F8045DBFF34F8FBFF3A5
:1075B0006F8FFFF749F9F1E7544500202C4B00226B
:1075C00070B51A60FFF766F92A4B2B4A18601568E8
:1075D00019682A4CA94205D91E682068416F491BC9
:1075E000314441671868236810602168226809687F
:1075F000126C1B6C914203D91A68B2F1A53F20D0DE
:107600002168206844310BF067F81D4B1B68B3FA02
:1076100083F3DBB21B4AC3F11F0302EB43115B018F
:107620004868F0B188680C3380681A4490428860DA
:1076300014D00369144A23602368236878331360E5
:1076400070BD5A68B2F1A53FDAD19A68B2F1A53F90
:10765000D6D1DB68B3F1A53FD2D1D6E748698860BF
:10766000E7E70A4B41F22F41094A0A480BF038F884
:107670002C490020944700209047002040450020DE
:10768000BC47002054450020702C00209419002095
:1076900098060020083E00602DE9F0470A9C4FEA5A
:1076A000820A07460D465246A521206C9846AAF14B
:1076B000040A089EDDF8249007F0D8F8236C5344A0
:1076C00023F0070AC4F850A07DB105F1FF3C05F195
:1076D000090104F1430E1CF8015F0EF8015F0DB1C2
:1076E0008C45F8D1002384F84D30092E38D8201D60
:1076F000E663E665C6F10A0601F0F0FC04F120003D
:1077000001F0ECFC4FF490720021666204F1780005
:1077100064612463012607F0A9F8154B3946002758
:1077200003F16805E367D0334246C4F88050504601
:10773000C4F884300F4D104BC4E946530F4BC4F8C6
:1077400020310B23C4E94467A4F824310AF0E0FF98
:107750002060B9F1000F01D0C9F80040BDE8F08702
:10776000074B40F27A71074A07480AF0B9FF00BF99
:10777000C44300200E33CDAB34126DE6ECDE0500C1
:1077800068110020E00700203C3E0060684B1A684A
:1077900001322DE9F04F1A6083B0002A7AD0DFF869
:1077A000C891D9F800309A42C0F09080614F3B6890
:1077B0005D68002D69D00025CA46DFF8B0C14FF0E2
:1077C000010BA846DFF8A8E1914601953B685B698B
:1077D0001B6999688945C0F0A6809A691C1DD3E988
:1077E0000310C86081609168A142516801F1FF31C6
:1077F00008BF9060C3F8188051605A6B82B1D3E91A
:107800000A10C86003F12000DE6AB160916881420D
:10781000516801F1FF3108BF9660C3F834805160B0
:10782000D96BDCF800000BFA01F20243CCF800201F
:107830004A015EF802600EEB4112B6F15A3F9068C1
:1078400051D1D669B6F15A3F4DD15E68B6F15A3F73
:107850005FD1DE69B6F15A3F5BD1C668D8601E6160
:10786000C5685668AC60C46001369A61324B566098
:107870001B68019ADB6B994288BF01223B685B68F9
:107880000192002BA2D11546D1464FF0FF33C9F823
:1078900000301CE0274B19684968002932D127497C
:1078A0001C680868186026480C6001680131016096
:1078B00019684968F1B9DFF8B0904FF0FF33C9F8A3
:1078C0000030D9F800309A42BFF470AF00251D4B4C
:1078D0001B682BB31C4B1B68002B0CBF28460120D8
:1078E00003B0BDE8F08F194B41F2D621184A194870
:1078F0000AF0F6FE1B68DFF870905B695B68C9F8F8
:1079000000304EE7144B41F29221114A13480AF01D
:10791000E7FE134B41F2D6210D4A12480AF0E0FE71
:1079200001F08CFDD6E7019DCAF80010CFE700BF3B
:107930002049002048450020404500204C450020BB
:107940004C480020504800202C490020AC1E00204C
:10795000AC060020A43E0060341E0020703E006093
:10796000741F0020D83E006048480020BC4700201B
:10797000544500202DE9F04387B00E460021DDF884
:107980003C80109C0491B8F1000F24D054B3994668
:107990004FF4D87317460593059A9A4229D10546A4
:1079A0002046059B06F062FF28460E9DC4F84080E5
:1079B0004B460095022502943A4684F8AC5104AD3A
:1079C00031460195FFF768FE2046FFF75DFC0498FD
:1079D00007B0BDE8F0830A4B40F20751094A0A4854
:1079E0000AF07EFE094B4FF4A161064A08480AF0EE
:1079F00077FE084B4FF4A261024A07480AF070FE76
:107A00003C1C0020F80700200C3F00605C1C00209C
:107A1000403F0060781C0020743F00602DE9F04377
:107A2000074685B0900016468846994604F0FCFC4F
:107A3000D0B1054601214FF4D87004F0ADFC0446E6
:107A4000A8B105644B460D9D324641463846019526
:107A50000C9D02940095FFF71FFE2046FFF714FCD3
:107A6000012005B0BDE8F0834FF0FF30F9E728466C
:107A700004F0E2FC4FF0FF30F3E700BFF8B5044636
:107A8000374E01F051FC002C3ED0271D384601F046
:107A90009FFB68B9E26B334B03EB42135B683BB966
:107AA0003149012303FA02F20B6823EA02030B6057
:107AB000636B1BB104F1200001F08AFB2B4A2C4DB3
:107AC0001368013313603368A3422B6826D0294A18
:107AD0001368013B1360284B1A6852687AB11A6820
:107AE000264B526952681A6001F044FC2046FFF7A9
:107AF00005FD2B6813B13368A3421CD0F8BD1F4BA2
:107B00004FF0FF321A60EFE73468002CBDD11C4BF8
:107B100040F6B2011B4A1C480AF0E2FD002BD6D009
:107B200039461A4801F0E2FA194A13680133136022
:107B300001F020FCDDE7174B1B6853B94FF0E02341
:107B40004FF08052C3F8042DBFF34F8FBFF36F8FF8
:107B5000F8BD114B40F62B110A4A10480AF0C0FD3F
:107B60004045002054450020BC470020B847002075
:107B700074480020AC4700204845002048480020B9
:107B8000B417002070070020A83F006000490020C3
:107B9000B0470020B4470020CC170020DC3F006035
:107BA00010B500238AB04921274AADF82430CDE929
:107BB000073307AB8DF81C1012F8014F03F8014F83
:107BC000002CF9D106AA05A904A8CDE904440AF0BD
:107BD000BBFD234607A90094DDE90402CDE901209D
:107BE000069A1A48FFF7C6FE194B186018B9194BC8
:107BF0001B680AB010BD01F0B1F9012808D00130AE
:107C0000F5D1154B40F6C361144A15480AF068FDDA
:107C10004FF0200383F31188BFF36F8FBFF34F8FB3
:107C2000104B114A1B681149783313604FF0FF3332
:107C30000F4A0B600F4B10601C600AF071FD054B82
:107C40001B680AB010BD00BF781900206112000047
:107C500040480020E02C0020801900200C07002064
:107C60008443006040450020702C002048480020DC
:107C70007448002020490020024A13680133136031
:107C8000704700BFB44700202DE9F04F664C83B029
:107C900001F04AFB2368002B00F0A7802368013B1A
:107CA00023602068002840F08A80604B1B68002B0E
:107CB00000F085805E4E7368002B68D05D4F4FF0FA
:107CC0000108DFF8A4E18146DFF898B173691B6908
:107CD0005A6B03F12005D3E90A01C16088609068FE
:107CE000A84208BF91605168C3F8349001395160CF
:107CF000986903F1040C3D68D3E90321D1608A60DF
:107D000082686245426808BF8160013AD96BC3F856
:107D10001890426008FA01F22A433A604A015EF87C
:107D200002500EEB4112B5F15A3F90684FD1D56920
:107D3000B5F15A3F4BD15D68B5F15A3F4ED1DD697F
:107D4000B5F15A3F4AD1C568D8601D61556805F143
:107D5000010ADBF80050ED6B0195C568C5F808C055
:107D6000C0F80CC09A61019BC2F804A0994202D9E4
:107D7000314BC3F800807368002BA7D12F4B1A68D2
:107D80005268002A4AD12E4B4FF0FF321A602D4E16
:107D9000294F3568002D30D04FF0010806E0FFF77D
:107DA000F5FC08B1C7F80080013D25D02368002B01
:107DB000F5D033680133336001F040FBF4E7002075
:107DC000019001F0D7FA019803B0BDE8F08F1E4B87
:107DD00040F6D5711D4A1E480AF082FC1D4B40F644
:107DE000D5711A4A1C480AF07BFC1C4B40F6C17145
:107DF000164A1B480AF074FC35603B68002BDED045
:107E00004FF0E0234FF0805216490968C3F8042D63
:107E1000BFF34F8FBFF36F8F0120D1E71A68084B74
:107E2000526952681A60B2E7B4470020AC4700209C
:107E300054480020BC4700202C4900204845002021
:107E40004848002050480020AC1E0020FC060020BE
:107E5000EC430060741F002020440060F4240020E4
:107E6000B8430060404500205445002008B560B18B
:107E70000F4B1A6801321A601B68012B10D10021C8
:107E8000FFF7B6FAFFF700FF48B94FF0E0234FF0D5
:107E90008052C3F8042DBFF34F8FBFF36F8F08BD1F
:107EA000044B40F6A511044A04480AF019FC00BF2F
:107EB000B4470020C01C002034070020F0440060BC
:107EC000014B1868704700BF2049002008B14430BA
:107ED000704708B5054B186808B1443008BD044B1D
:107EE00041F28B01034A04480AF0FAFB40450020A6
:107EF000B4170020EC0600202445006008B5054BAF
:107F0000186800B108BD044B41F2AE11034A0448A1
:107F10000AF0E6FB40480020081E0020C0060020B2
:107F20002846006008B5074B1B681BB9BDE8084030
:107F3000FFF72CBC044A13680133136001F07EFA8A
:107F4000002008BDB447002050480020044B1B68A7
:107F50001BB1044B01221A607047FFF72FBB00BF13
:107F6000B44700202C49002010B558B1094B0C46ED
:107F70001968203101F0EEF820460121BDE81040DB
:107F8000FFF736BA044B41F2B541044A04480AF0FF
:107F9000A7FB00BF40450020E81700208006002016
:107FA00094470060F8B5002842D08C46016803462B
:107FB0008568B1F15A3F2DD1C169B1F15A3F29D13C
:107FC0001F4C2168096AB1F15A3F2AD12168896B97
:107FD000B1F15A3F25D1002A11462268EE6808BF48
:107FE0006046956218BF4FF0FF302268D66226685F
:107FF00022682768203602F120045A6802F1010C39
:10800000EA689660EC607B63C3F804C0BDE8F840A2
:10801000FFF7EEB90B4B41F2FF410B4A0B480AF058
:108020005FFB0B4B41F2FF41074A0A480AF058FB3D
:10803000094B41F2F341044A08480AF051FB00BFE2
:1080400040450020201800204C060020CC4800604D
:10805000A018002000490060E81700209848006040
:1080600043691B6970B5002B76D05A6B03F120046D
:108070000025D3E90A01C16088609068A0424848A1
:1080800008BF91605168006801395D63516030B389
:10809000444A10689168B0F15A3F6BD1D069B0F191
:1080A0005A3F67D1186AB0F15A3F71D1986BB0F15D
:1080B0005A3F6DD1C868C3E90A10C8688460CC60B3
:1080C000D96B5A63384B50681B680130DB6B5060CA
:1080D00099423FD90123354A1846136070BDD3E950
:1080E00003109A691C1DC86000261869304D816014
:1080F0009168A142D96B08BF906050689E610138B9
:108100005060012228688A40024348012A60294AB7
:10811000155802EB4112B5F15A3F906823D1D56949
:10812000B5F15A3F1FD15D68B5F15A3F29D1DD69DC
:10813000B5F15A3F25D1C568D8601D61C66855683C
:10814000B460C46001359A61174B55601B68DB6BE6
:108150009942BFD8002070BD174B41F22A51174AEF
:1081600017480AF0BDFA174B41F23051134A16482E
:108170000AF0B6FA154B41F24451104A14480AF07D
:10818000AFFA144B41F230510C4A13480AF0A8FAE6
:10819000124B41F24451094A11480AF0A1FA00BFBA
:1081A000B447002054480020404500202C490020BE
:1081B000BC47002054450020F8210020D8050020AD
:1081C000344900600822002068490060A423002090
:1081D000D0490060E42200209C4900603C2400203B
:1081E000044A0060034A044B12681B68C0E900237C
:1081F000704700BF4C48002020490020F0B583B0F4
:10820000002835D00D46002939D0044601F08CF8FD
:108210001E4A1F4B17681968666891F8AD0150B186
:108220001B680022012083F8AD21019001F0A2F823
:10823000019803B0F0BD2B68591CF6D0DFF868C078
:108240002168DCF80000814205D0BE4203D800233B
:1082500001202B60E9E7B81B8342F8D9DB1BDCF86F
:1082600000101268002033442B60C4E90012DCE7E0
:10827000084B41F2DA51084A08480AF031FA084B33
:1082800041F2DB51044A07480AF02AFA204900204B
:10829000404500206C190020740500203C4B006014
:1082A0002C1C0020704B00604C480020014B012228
:1082B0001A6070472C490020014B1868704700BFB6
:1082C00040450020054B1B6833B1054B1868B0FAD8
:1082D00080F040094000704701207047744800203A
:1082E000B4470020F8B50446B8B1334DC36B2A68D3
:1082F000D26B934212D2426A002A04DB2A68D26B04
:10830000C2F10A0242622D4EA26906EB43139A4261
:108310000CD02B680120DB6BE363F8BD2B68C06DCC
:10832000DB6B98422CBF00200120F8BD271D38468A
:1083300000F04EFF224A40B32B6801201568DB6B2A
:108340005901E363715806EB431600FA03F3B1F1E8
:108350005A3F43EA05031360B3681ED1F269B2F1D4
:108360005A3F1AD16268B2F15A3F1DD1E269B2F1A7
:108370005A3F19D1DA68E36022617268D968013224
:108380008F60DF60A6617260F8BDE36B01219940E8
:10839000136823EA01031360CEE70A4B41F61D215F
:1083A000094A0A480AF09CF9094B41F61D21064A80
:1083B00008480AF095F900BF4045002054450020C8
:1083C000BC47002054200020F4040020404C0060F2
:1083D00034210020744C006088B1F8B5334B04465A
:1083E0001B68834246D11B6E002B4AD0C16B013BF8
:1083F000C26D0366914200D01BB10020F8BD002081
:108400007047051D284600F0E3FE294930B90122D6
:10841000E06B0B68824023EA02030B60E36D0120EE
:108420000F68C3F10A025E01E3636262214A965952
:1084300002EB431200FA03F3B6F15A3F43EA070393
:108440000B60936824D1D169B1F15A3F20D16168A2
:10845000B1F15A3F23D1E169B1F15A3F1FD1D96837
:10846000E36021615168DE680131B560DD60A261C1
:108470005160F8BD104B41F66321104A10480AF0D4
:108480002FF9104B41F664210C4A0F480AF028F9E5
:108490000E4B41F68521094A0D480AF021F90D4B92
:1084A00041F68521054A0C480AF01AF9404500209A
:1084B000BC4700205445002024200020BC0400209C
:1084C000A84C00603C200020DC4C0060AC1E00206A
:1084D000104D0060741F0020444D006070B1036EA9
:1084E00070B50446002B4AD0C06DE26B814238BFA4
:1084F0000146012B01D18A4201D170BD70472E4B3C
:108500001B68A34242D0636AE163002B02DBC1F126
:108510000A016162294DA36905EB42129342ECD135
:10852000261D304600F054FEE36B012224499A4098
:1085300018B9086820EA02000860086802430A6067
:108540005A0105EB4313A9589A68B1F15A3F24D157
:10855000D969B1F15A3F20D16168B1F15A3F23D1B5
:10856000E169B1F15A3F1FD1D168C4E90321D16853
:108570008E605968D6600131A361596070BD114B9E
:1085800041F6C121104A11480AF0AAF8104B41F6F1
:10859000DC210D4A0F480AF0A3F80F4B41F60431D5
:1085A000094A0E480AF09CF80D4B41F60431064A80
:1085B0000C480AF095F800BF4045002054450020C3
:1085C000BC4700203C2000204C080020784D006073
:1085D00054190020AC4D0060AC1E0020E04D00603E
:1085E000741F0020144E0060034B186810B1036E16
:1085F00001330366704700BF4045002003282DE982
:10860000F04383B063D8384D1E46044617462B68A6
:10861000034493F8A831022B01D00A9B33BB00F02E
:1086200083FE2EB12B6804F1660253F822303360CA
:108630002B68234493F8A831022B0CD000202B6820
:1086400000220190234483F8A82100F093FE0198B2
:1086500003B0BDE8F0832B68012003EB8403D3F85B
:10866000982122EA0702C3F89821E8E71F4A8846C2
:1086700013680133136000F057FE2B68234493F80E
:10868000A831022B2AD02B684FF0010903EB840399
:10869000D3F8982122EA0802C3F898212B682344D2
:1086A00083F8A89100F066FE49460A98FEF7A0FEFE
:1086B000FFF7EAFA0028B2D14FF0E0234FF08052E2
:1086C000C3F8042DBFF34F8FBFF36F8FA7E7084B9D
:1086D00041F67B61074A08480AF002F800F04AFEBA
:1086E000FFF7D2FA9BE700BF40450020B4470020C7
:1086F00040150020200800207C4E00602DE9F0414C
:10870000032982B0DDF8208000F292800446002820
:1087100000F095800D4617461E4600F005FEB8F1A4
:10872000000F05D005F1660354F82330C8F8003077
:108730006319022193F8A82183F8A811D3B2042E5B
:1087400000F29B80DFE806F009535E060300022B6F
:1087500000F08A80663544F82570012B3FD1A3696B
:10876000251D00204B4ED4E90312D6F800C0CA6084
:1087700091609968A942E16B08BF9A605A68A0614C
:108780000120013A5A604B01434AD75800FA01F3DD
:1087900002EB411243EA0C03B7F15A3F336093688E
:1087A00054D1D669B6F15A3F50D16668B6F15A3FF6
:1087B00053D1E669B6F15A3F4FD1DE68E3602661D6
:1087C0005668DF680136BD60DD60636BA26156608C
:1087D000002B4BD1314B1B68DB6B99421DD801201C
:1087E000019000F0C7FD019802B0BDE8F08104EBF4
:1087F0008505012BD5F8982142EA0702C5F8982192
:10880000ADD0ECE704EB8505012BD5F8982102F1FA
:108810000102C5F89821A2D0E1E74FF0E0234FF024
:108820008052C3F8042DBFF34F8FBFF36F8FD7E78C
:108830001B4B41F6EF611B4A1B4809F051FF1B4BD4
:1088400041F6F061174A1A4809F04AFF194B41F600
:108850003171144A184809F043FF184B41F6317141
:10886000104A174809F03CFF0020B9E7154B41F6C4
:1088700034710C4A144809F033FF144A1268002A74
:108880003FF46BAF124B41F62571064A114809F0CF
:1088900027FF00BFBC470020544500204045002072
:1088A000DC1C00200C080020B04E0060F01C0020F2
:1088B000E44E0060AC1E00204C4F0060741F00208E
:1088C000804F0060201D0020B44F00602049002030
:1088D000001D0020184F00602DE9F041DDF81880E0
:1088E000002800F0BF8003290D4600F2C280164622
:1088F0001F46044600F06EFDEFF3118C4FF020038D
:1089000083F31188BFF36F8FBFF34F8FB8F1000F60
:1089100005D005F1660354F82330C8F8003060191B
:10892000022290F8A83180F8A821D8B2042F00F2D2
:10893000CC80DFE807F00A4B56060300022800F05F
:108940009F8005F1660144F82160012804D00120D0
:108950008CF31188BDE8F081636B002B40F09280AE
:10896000604B1B68002B47D05F4B19689A68B1F1C8
:108970005A3F40F09580D969B1F15A3F40F090805C
:10898000216AB1F15A3F40F09280A16BB1F15A3F98
:1089900040F08D80D16804F12000C4E90A215968B3
:1089A00001315960D1688860D060E26B63634F4BDE
:1089B0001B68DB6B9A42CAD9079B13B10123079A44
:1089C000136001234A4A18461360C1E704EB85018E
:1089D0000128D1F8983143EA0603C1F89831B6D19D
:1089E000BAE704EB85010128D1F8983103F10103BE
:1089F000C1F89831ABD1AFE7A369201DD4E90312C8
:108A0000CA609160996881423A4908BF9A60002221
:108A10000D68A2615A68013A5A600123E26B9340E3
:108A20002B430B605101344B5D5803EB4213B5F1FE
:108A30005A3F99682DD1DD69B5F15A3F29D1656852
:108A4000B5F15A3F3AD1E569B5F15A3F36D1CD6813
:108A5000E16025615D68CE680135B060C860A361E2
:108A60005D60A4E7254B41F66971254A254809F068
:108A700037FE254B41F66A71214A244809F030FE41
:108A8000002065E7224B41F6BF711D4A214809F0DD
:108A900027FE214B41F6C471194A204809F020FEF7
:108AA0001F4B41F6DA71164A1E4809F019FE1E4B9B
:108AB00041F6DA71124A1D4809F012FE1C4B41F6CC
:108AC000C4710F4A1B4809F00BFE1B4B1B68002B9F
:108AD0003FF43BAF194B41F6B471094A184809F00D
:108AE000FFFD00BFB447002054480020404500204F
:108AF0002C490020BC47002054450020F01C0020D9
:108B0000B0070020E84F0060DC1C00201C50006013
:108B1000201D002084500060AC1E0020B850006072
:108B2000A423002020510060601D002054510060EB
:108B3000741F0020EC50006020490020001D002020
:108B400050500060284B1A6870B5064682B01AB1C2
:108B50001A68126C824219D94FF0E023D3F8043D11
:108B6000DBB2002B3CD0214D0A24013C2846314683
:108B7000203DFEF763FB84B10028F6D04FF0E023E0
:108B8000D3F8043DDBB22BB302B070BD1A68126D8E
:108B90008242E1D3186802B070BD0028EED1144BB8
:108BA0001868FEF74BFB0028E8D1124B1868FEF757
:108BB00045FB0028E2D11048FEF740FB0028DDD13C
:108BC0000E48FEF73BFB4FF0E023D3F8043DDBB249
:108BD000002BD9D1019000F0CDFB019802B070BDFF
:108BE00000F0A2FBBFE700BF404500207446002014
:108BF000484500204C45002000490020E048002066
:108C0000F0B5124C83B000F08FFB256825B103B09E
:108C1000BDE8F04000F0AEBB0D4F0E4E384600F000
:108C200049FA304600F046FA0B4A009510211760C9
:108C30000A200A4A0A4B16600A4AFDF70BFF206019
:108C400003B0BDE8F04000F095BB00BF2449002010
:108C5000C0470020E0470020444500205045002048
:108C600078480020EC4600202DE9F0411F4F0546D2
:108C70000E463B685B691C6904F10408404600F03D
:108C8000A7FA94F830305A070DD423F00103204698
:108C900084F83030A36ABDE8F041184762451BD81C
:108CA0001D46A36A9847226AA6EB050C204664611C
:108CB000AB182CBF012100219E42A360EED2AE4230
:108CC00001D20029ECD03868414600F043FAA36A8B
:108CD0002046BDE8F0411847054B4146186800F0B2
:108CE00039FAA36A2046BDE8F04118474445002000
:108CF000504500202DE9F04F914E85B0DFF85482A9
:108D00004FF0000A8F4FDFF8509233685D68002DF6
:108D100000F0D7805B695D68FEF7AEFFFFF7D0F823
:108D2000D8F80030044698426AD38542C8F800005B
:108D300000F2F680FEF7A8FF21462846FFF794FFD1
:108D4000CDE900AACDE902AA002269463868FEF7FB
:108D500051F80028D9D0009B002BC0F2A080029CC3
:108D6000002CF1D0A36913B1201D00F031FAFFF7F8
:108D7000A7F8D8F800300546984212D3009BC8F8EF
:108D80000050013B082BDFD8DFE803F015157963AD
:108D90008015157963005B694FF0FF315868FFF764
:108DA00063FF33685A68002AF5D1D9F80020C9F862
:108DB00000303260E2E794F830C0019A216A4CF04A
:108DC00001006461531884F830002CBF012000209A
:108DD000AB42A3606CD8AA1A914200F2A3801CF0A7
:108DE000040F23D12CF0010384F83030A36A20460D
:108DF0009847A9E75B694FF0FF315868FFF734FFE8
:108E000033685A68002AF5D1D9F80020C8F8004024
:108E1000C9F800303260FEF737FF91E7EB1A8B425A
:108E200078D3A36A20469847216A5B4613EB010B6F
:108E300064612CBF012200225D45C4F808B0EDD268
:108E40009D4201D2002AECD0211D306800F082F949
:108E5000CCE794F83020019B42F00102236284F8B1
:108E60003020002B64D02B44211D6461AB42A360F1
:108E700094BFD9F80000306800F06CF964E794F80A
:108E8000303023F0010384F830305DE794F830305F
:108E90009A073BD523F0010384F8303054E7019B57
:108EA000DDE902019847009B002BFFF64DAF56E726
:108EB000AA4201D9002892D0211D306800F04AF959
:108EC00042E7FEF7D9FEFEF7FBFFD8F80030044674
:108ED000834295D8D9F80030C8F800405A68B2FAF1
:108EE00082F25209291B3868FEF780F9FEF7CCFEA2
:108EF00000287FF425AF4FF0E0234FF08052C3F8F5
:108F0000042DBFF34F8FBFF36F8F19E7204603F097
:108F100093FA19E7211DD9F8000000F01BF965E765
:108F20000022DFE7211DD9F8000000F013F90BE75C
:108F3000054B40F20E41054A054809F0D1FB00BF40
:108F4000444500202449002078110020A805002075
:108F500060540060444800205045002030B589B07E
:108F6000FFF74EFE114B1B68CBB1002407AA06A9E0
:108F700005A80925CDE9054409F0B6FB2346079A63
:108F80000095DDE90501CDE9011009490948FEF721
:108F9000F1FC094B186010B1012009B030BD074B3E
:108FA0004FF4A371064A074809F09AFB24490020B0
:108FB0002C250020C5290000284900203425002048
:108FC000F4050020945400602DE9F04180463420DF
:108FD0000D4616461F4603F027FA0446A8B10023A3
:108FE00080F83030A5B1FFF70BFE069B201DC4F8BA
:108FF0000080A362C4E9085700F070F82EB194F81D
:10900000303043F0040384F830302046BDE8F0816E
:10901000034B40F2A911034A034809F061FB00BF6A
:109020001025002040050020C854006010B5134CE6
:1090300084B023688BB180B105290290CDE900127C
:1090400014DCFFF73FF902284FF0000308D069460F
:1090500020681A46FDF778FD00E0002004B010BD3E
:10906000069A69462068FDF76FFDF7E7044B4FF459
:10907000EB71044A044809F033FB00BF2449002087
:109080003C2500200C0500206455006008B5054B08
:10909000186800B108BD044B40F22121034A04487E
:1090A00009F01EFB2849002060250020D404002080
:1090B000CC5500604FF05A3300F10C0200210360E0
:1090C000C36110B44FF0FF34C0E90112C0E90334AA
:1090D000C0E905225DF8044B704700BF4FF05A33DA
:1090E0000022036042618361704700BF02688368A9
:1090F000B2F15A3F10B516D1C269B2F15A3F12D13E
:109100000A68B2F15A3F14D18A69B2F15A3F10D1BC
:10911000DC684268C1E902340132DC68A160D960D0
:109120004861426010BD064B7321064A064809F0AB
:10913000D7FA064B7421034A054809F0D1FA00BF5B
:10914000E015002088040020085800605016002018
:109150003C58006038B503684D68B3F15A3F20D1E0
:10916000C369B3F15A3F1CD10B68B3F15A3F1ED10A
:109170008B69B3F15A3F1AD16B1C0FD000F10C036D
:109180001C469B685A68AA42FAD942688B60013231
:10919000D960CC60A1604861426038BD8469A36831
:1091A000F3E7064B9621064A064809F099FA064B62
:1091B0009721034A054809F093FA00BFE015002003
:1091C0005C0400207058006050160020A458006015
:1091D000426910B49468D0E9021384425DF8044BEC
:1091E000CB6099604FF0000108BF93605368416104
:1091F000013B18465360704700F0DAB900B54FF0F4
:10920000FF3483B0002300941A4619461846FFF72E
:10921000F5F900F071F9F5E700B50A2483B00023F1
:1092200000941A4619461846FFF7E8F909F084FA3F
:10923000F5E700BF30B5002383B0154C4FF48072C2
:1092400014491548CDE900312146FEF7E7FB01221C
:109250001249002304F1080000911146FFF7B4FE03
:109260000546FEF72DFE0023024601210093284605
:10927000FFF7DCFE0A4D082000234FF4807204F152
:109280001001CDE900050748FEF7C8FB03B030BD6B
:10929000D8580060A4400020E92E0000C92E00002C
:1092A000A8400020CD2E0000064B19680868B0E8E1
:1092B000F04F80F30988BFF36F8F4FF0000080F309
:1092C0001188704740450020EFF30980BFF36F8F8E
:1092D000144B1A681EF0100F08BF20ED108A20E909
:1092E000F04F10602DE909004FF0200080F3118845
:1092F000BFF34F8FBFF36F8FFEF728FE4FF00000D4
:1093000080F3118809BC19680868B0E8F04F1EF0B6
:10931000100F08BFB0EC108A80F30988BFF36F8F7D
:10932000704700004045002008B54FF0200383F34C
:109330001188BFF36F8FBFF34F8F0A4A1368013351
:10934000012B136000D008BD4FF0E023D3F8043D9B
:10935000DBB2002BF7D0044B40F2F711034A04486C
:1093600009F0BEF9DC2C0020D41600201C060020D9
:10937000D05A0060084A08B513682BB1013B13604E
:109380000BB983F3118808BD044B4FF4FF71044AF5
:10939000044809F0A5F900BFDC2C002018170020B4
:1093A000980400200C5B006008B54FF0200383F3A5
:1093B0001188BFF36F8FBFF34F8FFEF7B3FD28B156
:1093C0004FF0E0234FF08052C3F8042D002383F3C5
:1093D000118808BD08B5EFF305830F2B05D90F4998
:1093E0000F4A5B5C12789A420AD84FF0E0230D4A8C
:1093F000D3F80C3D126803F4E063934207D808BD2C
:10940000094B4FF46271094A094809F069F9094B9F
:109410004FF46671054A084809F062F9F0E300E08C
:10942000414900208C4700202C17002068040020B0
:10943000485B006058170020845B00600449054ABF
:109440004968054B1960136801331360704700BF0A
:10945000001000E0E4460020E0460020EFF3108218
:1094600072B6437F5BB9017F012930B40BD0032969
:1094700013D00123437702B962B630BC70470AB9F2
:1094800062B670477047124C2168B1B1114943610F
:109490000B68086083615861EBE70F4D0F492C683A
:1094A0008CB143610B68836158614FF0E0234FF04A
:1094B00080540860C3F8044DDBE7064B2060186059
:1094C000C0E90511D5E7C0E905442860EDE700BF14
:1094D00074400020804000207C4000207840002024
:1094E00090F81CC04160BCF1020FC26001D18368DA
:1094F0001847FFF7B3BF00BF70B5EFF3108272B625
:109500000C4C206880B10C4E00254369236073B178
:109510009D6102B962B6836845779847EFF3108280
:1095200072B620680028F0D102B962B670BD33600F
:10953000EFE700BF7C40002078400020FFF7DCBF51
:109540001A4A1368FBB1196830B405688D4210D20D
:10955000491B00248360C4601960D8601060022336
:1095600030BC0375704702601C68A24211D32146CB
:1095700015461C469B686A1A002BF4D1C0E90234D8
:109580000260A060EBE7C0E90233022310600375BC
:109590007047491B836002222144DC68C460D860A4
:1095A000C468A0601960027530BC70476C40002030
:1095B000F8B5214D2C6834B30026204F05E08368B0
:1095C00098476368C3B92C68ECB12268002A2FD190
:1095D000A36803B1DA6020692B60036826751B68F5
:1095E000BB4221D1037F4660022BC460E7D0FFF766
:1095F00035FF6368002BE6D020462360FFF7A0FF0D
:109600002C68002CE1D1EFF3108272B60C4B0021D4
:109610001C68196002B962B62CB12046A468FFF735
:109620008FFF002CF9D1F8BD224600219847C8E7EA
:10963000013A2260E7E700BF6C400020B131000032
:10964000704000200449054A4968054B19601368B9
:1096500001331360704700BF001000E0E4460020B3
:10966000E0460020084601F0D3BC00BF00B5036807
:1096700083B040F60D2C022201A95B68ADF804C04E
:10968000984703B05DF804FB054B022888BF0346EA
:1096900010B41C68184663685DF8044B184700BF97
:1096A000D0260020A249A34B88422DE9F047A24CC6
:1096B0005E699A69D4F80C801BD9A04B984240F29D
:1096C0000281C31A9E491B0AA1FB031340F22761C2
:1096D000DB0903EB830303EB830303F2E2438B42D7
:1096E00028BF0B46A3F54877964BA3FB0737FF0827
:1096F00004E0954FB8428CBF0E2706278D4908F02D
:109700001F09D1F88030B94543F0C003C1F880305B
:109710000CD228F01F08A1F5F82148EA0708C1F883
:109720000C800B68002BFCDA08F01F0916F00073A0
:1097300024D186490C698649A14300F0EA8082F46D
:10974000805134464FF4805514F0605F04D026F009
:1097500060561E43774B5E6111F4405F07D022F4E0
:10976000405274492A438A618B6C1A07FCD446F034
:109770000076704A5661936C9B06FCD4754CA042EF
:1097800000F2CE804FF0010C0146634603FB01124C
:1097900003F1010E0CF10105A24218D8BEF1080F29
:1097A0004FF0010340F08D80BCF1040F00F2918076
:1097B0000A18A24200F2A48005FB00F1AC4603F1B6
:1097C000010E03FB01120CF10105A242E6D90CF1D6
:1097D000FF318C0286EA81215F4810445F4A904243
:1097E0007FD9DFF8A4A16C225D48584DB0FBFEF094
:1097F000D5F800E0B0FBFCF0DFF890C10EEA0C0CED
:10980000D44509D042F400524FF4805CC5F800C042
:109810002A602A68002AFCDA464A156905F007051D
:109820009D4203D01361936CDD03FCD411F4E05F1F
:1098300009D026F4E05604F4E0543E4A264356612B
:10984000936C9907FCD44749474A014491423CD85C
:10985000464BC909A3FB0131090B4B1E1B0286EACB
:10986000030212F4407F06D026F4407603F44073DE
:10987000304A334353612F4A536923F000735361D5
:10988000936C9B06FCD43A4B4F45A3FB00234FF04F
:10989000FF324FEA9343B0FBF1F1B2FBF3F3354AE9
:1098A0001060354A1160354A136008D228F01F084D
:1098B000214A48EA0707D7601368002BFCDABDE8A5
:1098C000F087734662E7122718E74FF440730421CC
:1098D000C5E70CF1FF31204807238C02104486EACB
:1098E0008121274ADFF8A8A0A2FB0020020D25480D
:1098F000362A38BF362202FB00F042EA0A0A74E731
:109900004FEA8C24002386EA8C214FF0010EAC46EE
:1099100062E71D4686F0C05411464FF0C05313E76E
:1099200000244FF0010C024631462346E64653E739
:1099300000A4781F00C00F40000008400046C32369
:1099400023B24C001F85EB5100366E0100800D40A4
:1099500040300080FFB19F26808D5B00FF7EF64D7A
:1099600000643F4D7FD1F0087F17B42C9F10E500B5
:1099700083DE1B43CC260020C8260020DC460020C6
:10998000819F5E16001BB7006C2000807F30018035
:109990000020008000B970472DE9F84F0121814671
:1099A000214C224D224E54E8003F2A68306844E89A
:1099B0000013002BF7D11F494B684FF47A7BDFF877
:1099C00078A01B1A01270BFB02F8DAF80020A3FB92
:1099D00002325A4594BF9044D84454E8003F2A6864
:1099E000306844E80073002BF7D14B68DAF800C008
:1099F0001B1A0BFB02F2A3FB0C3CBCF57A7F94BF55
:109A0000624402F57A72A2EB0802B2F57A7F06D3BD
:109A1000B9F1010908F57A78DFD1BDE8F88F08F0CF
:109A200087FE0449D9E700BFE8460020E44600204D
:109A3000E0460020001000E0DC460020362816D862
:109A40000201104B03EB00109B5810B4C2685C6815
:109A5000144205D061B95DF8044BC3F88820704703
:109A6000836851B1084A5DF8044B1A60704770472B
:109A70005DF8044BC3F884207047044A5DF8044B3A
:109A80001A607047F00A002038F0010038300100F9
:109A900036280BD8064B020103EB00109A58C36816
:109AA00092681A4214BF01200020704700207047BE
:109AB000F00A0020362829D8164B0201012903EBB1
:109AC00000109A5810B45368C4680ED004290CD002
:109AD00023EA040353608368A9B1022917D003293C
:109AE0000CBF0D4A0D4A1A6007E023430129536059
:109AF000836808D040F638021A60436815225DF882
:109B0000044B1A60704738221A60F6E77047044A1F
:109B10001A60F2E7F00A0020383001003800010036
:109B200038F0010008B5FCF76DFDFCF733FE08F0D6
:109B3000FFFDFAE7844641EA000313F003036DD109
:109B4000403A41D351F8043B40F8043B51F8043B00
:109B500040F8043B51F8043B40F8043B51F8043B07
:109B600040F8043B51F8043B40F8043B51F8043BF7
:109B700040F8043B51F8043B40F8043B51F8043BE7
:109B800040F8043B51F8043B40F8043B51F8043BD7
:109B900040F8043B51F8043B40F8043B51F8043BC7
:109BA00040F8043B51F8043B40F8043B51F8043BB7
:109BB00040F8043B51F8043B40F8043B51F8043BA7
:109BC00040F8043B403ABDD2303211D351F8043B47
:109BD00040F8043B51F8043B40F8043B51F8043B87
:109BE00040F8043B51F8043B40F8043B103AEDD2F6
:109BF0000C3205D351F8043B40F8043B043AF9D247
:109C0000043208D0D2071CBF11F8013B00F8013B19
:109C100001D30B8803806046704700BF082A13D326
:109C20008B078DD010F003038AD0C3F10403D21A3E
:109C3000DB071CBF11F8013B00F8013B80D331F872
:109C4000023B20F8023B7BE7043AD9D3013A11F8F2
:109C5000013B00F8013BF9D20B7803704B7843705D
:109C60008B7883706046704701F1FF3C70B56646A3
:109C7000002400E00134B0FBF2F502FB1503092BD0
:109C800003F1370E03F130035FFA8EFE98BF5FFADF
:109C900083FE9042284606F801EFEBD2631C0022B7
:109CA000C818CA547CB162461CF8015F10F8016DF7
:109CB000A1EB0C0302328CF80060013B521A0570D4
:109CC00023449A42EFDB084670BD00BF00230F22F9
:109CD00048F2B82C194610B54FF470444FF4806E1A
:109CE000A0F88C414FF46044A0F88E210A46A0F8F9
:109CF0009031B0F888319BB243F0F003A0F888317E
:109D000001EB4103013100EB431304299C80A3F8CC
:109D100006E05A841A865A805A81A3F80EC05A82E5
:109D2000DA825A83DA83EBD1B0F888319BB243F000
:109D30000F03A0F88831B0F888319BB243F4706308
:109D4000A0F8883110BD00BF374B384A996F3848AA
:109D500041F47F0170B5996741F20106D3F8801094
:109D600045F6C05543F226040A43C3F88020FFF7A6
:109D7000ADFF00F58040FFF7A9FF00F58040FFF739
:109D8000A5FF00F58040FFF7A1FF0022A0F503101A
:109D90004FF00F0E114600EB42134FEA421C013206
:109DA0009981042A5981A3F80EE09E82DD8020F873
:109DB0000C1019829C81EED100221E484FF00F0E2C
:109DC00041F20106114645F6C05543F2260400EB68
:109DD00042134FEA421C01329981042A5981A3F8A7
:109DE0000EE09E82DD8020F80C1019829C81EED15D
:109DF000002211480F2641F20105114645F6C054D4
:109E000043F2260E00EB42134FEA421C01329981C5
:109E1000042A5981DE819D82DC8020F80C10198291
:109E2000A3F80CE0EED170BD00C00F40000003FCB1
:109E300000C03D4000001E4000401E40074A506ADE
:109E4000936A19468446506A936A9942F9D18445C7
:109E5000F7D1DB0B43EA4040704700BF00400D40A4
:109E600072B6EFF30583524CC4F884301EF0040F31
:109E70000CBFEFF30882EFF309824FF0E0234D4E61
:109E80004D4DD3F8280DD3F82C1DC4E92201D3F889
:109E9000341DD3F8383DC4E924139369C4F89830CD
:109EA000D369C4F89C3000F0B7F884ED280AFFF7B6
:109EB000C5FF0B214FF0FF32C4F8A4000B46C4F8D5
:109EC00080103E49301D5A40202402F00103013C1D
:109ED00001FB03F383EA5202F7D1A84202D0736870
:109EE0000646EFE7324BC3F8A820BFF34F8F4FF081
:109EF000E0233049324AC3F8701FC3F8702FBFF314
:109F00004F8FBFF36F8F2F4A02252F48D36E2F49F3
:109F100043F44053D3660560D3692D4823F07F0393
:109F200043F04003D3610B6883423DD8264D0021A6
:109F30004FF0E0234FF0FF3229600126C5F80811E9
:109F40002449C5F80011C5F80861C3F88021C3F899
:109F50008421C3F88821C3F88C21C3F8902101E043
:109F600000F04CF9D5F80C31002BF9D00134C5F8CC
:109F70000C614F2CF4D9184B022018494FF00042C5
:109F8000C1F840015A63D5F80C313BB91448154962
:109F90000D4A0163D2F80C31002BFAD04FF0E023C8
:109FA000114AC3F80C2DFEE7FFF77CFBBEE700BFAC
:109FB00000FF272080FF2720A8FF27202083B8ED5F
:109FC000A0FF272000C00F4000400840CC26002002
:109FD000803DCD0B009F240000900D4000002E40DE
:109FE00000800F40F100AD0B0400FA05002070471F
:109FF0004FF0FF30704700BF4FF4005300204B601C
:10A00000704700BF012070474FF0FF30704700BF1E
:10A0100030BFFDE7FFF724BF124AD2F880305B075C
:10A02000FBD5D2F880301048C3F30B230F4990EDD5
:10A03000007A07EE903A91ED006AB8EE477A0C4A42
:10A04000F8EEE77A0B4BD2ED006A77EEC77A93ED24
:10A05000007AB8EE477A67EE867A87EEA60A37EE80
:10A06000400A704700810D40CC460020D4460020B5
:10A07000D8460020D0460020836BF0B41BB1536853
:10A0800043F40043536072B6446B3CB31A4B2260F6
:10A09000D3F8B0410C421DD1184E776804E07468C3
:10A0A000E41BB4F5166F0BD2D3F8404144F480445E
:10A0B000C3F84041D3F8B851D3F840416404EED519
:10A0C0000D4007D10C4CC0E90225D4F8B0310B4348
:10A0D000C4F8B031426362B6F0BC7047064DC0E9C7
:10A0E0000224D5F8B0310B43C5F8B03102634263A6
:10A0F00062B6F0BC704700BF00002E40001000E0C8
:10A1000070B5056B9DB106462A46002403E012682F
:10A110000134012A0CD0536813F08003F7D0326366
:10A120002CB12846B36B2D689847013CF9D170BD1E
:10A13000C6E90C33F4E700BF30B4D9B91F4C204B4B
:10A140000021204A01254FF0011099601D60C4E9EB
:10A15000023180245C60C2F8BC01D2F8B0311A48E8
:10A160002B43C2F8B0310160D2F8B031002BFBD1E3
:10A1700030BC70470904154B104C012541F080019B
:10A180009860104A596000F580511D60D96000F553
:10A190000051A364196100F5405100F580405961F8
:10A1A00000219861E164D2F8B03143F48033C2F801
:10A1B000B031D2F8B031002BFBD1C0E70000002055
:10A1C000C032002000002E4008450020E032002070
:10A1D000084901220B7802FA00F023EA0000087017
:10A1E00030B9054AD2F8483123F08003C2F848312B
:10A1F000704700BF3D49002000002E402DE9F04F80
:10A20000974C83B0D4F84471FB07C4F8447153D51C
:10A21000D4F8AC21002A4AD0924EDFF860A2DFF8D1
:10A220007492DFF874B2DFF87482C4F8AC21D6E916
:10A230000A20D4F8403143F40053C4F84031D4F834
:10A2400040319D04F5D5D4F8403123F40053C4F8CF
:10A2500040314FF00113C4F8B431D4F8B45115F0C3
:10A260000115FAD193B28446CAF80050B3F5086FCD
:10A2700000F0CF8100F2DB8040F202318B4200F02F
:10A28000E78100F29A80822B00F0CB81B3F5817FC9
:10A2900040F08A8010F0780F83B200F003824FF014
:10A2A0000113C4F8C031D4F8AC21002ABDD16C4AE6
:10A2B000D2F8BC31002B42D17E0616D5684BD3F8BC
:10A2C000AC21C3F8AC21D3F8BC21C3F8BC21D3F82E
:10A2D000B041002CFBD14FF0FF32C3F8B421D3F8CA
:10A2E000843100F02DFD604B1C60FC0103D55F4BF9
:10A2F0001B6803B19847B80103D55D4B1B6803B1D8
:10A300009847790708D5564BD3F8843113F4007376
:10A3100047D0584B01221A70514BD3F848311A06D6
:10A320000AD53B0608D5544A13782BB1013BDBB262
:10A330001370002B00F0728203B0BDE8F08F4F491C
:10A34000C2F8BC310868034240F0D181464A146823
:10A350001C40B1D05FEA144810D0424E4FF00109C2
:10A3600098FAA8F5B5FA85F506EBC51009FA05F5D2
:10A370004030FFF7C5FE38EA0508F1D1A4B2002C41
:10A380009AD0384E4FF0010894FAA4F5B5FA85F545
:10A3900006EBC51008FA05F5FFF7B2FEAC43F3D1A2
:10A3A0008AE7344A1370B7E7802B7FF478AF3448DC
:10A3B00002210580FFF7C0FE75E7B3F5A06F00F03E
:10A3C0000B81A3F5D063012B3FF669AF2D4B5D6880
:10A3D000002D3FF464AF1FFA8CFC4FEA124E04E0EC
:10A3E0001D690C33002D3FF45AAF1A887245F7D11E
:10A3F0005A886245F4D14FEA1E22032A00F0A58153
:10A400001A89000C824228BF0246BEF5007F40F048
:10A41000A181184B1C4918781C4B0192002818BFC9
:10A4200019461B48FFF786FB194D019AE1E142F2FC
:10A4300021218B427CD033D942F221318B4200F072
:10A4400081804FF6C0018B427FF429AF10F47F4F1B
:10A4500083B27FF424AF43F46E4363F30F0CB5E78C
:10A4600000002E40000000200C450020A4470020E2
:10A47000A847002044490020454900200845002005
:10A4800094460020541500205C620060C0620060A9
:10A4900000002020004500205DCFC6B8C0012E403E
:10A4A000B3F5106F66D042F221018B427FF4F7AE14
:10A4B000030C072B7FF4F3AEB24BB349F560D960C0
:10A4C000B249B360C3F80890C1E9002001221A60C4
:10A4D000AF4A5A60AF4A1A61D4F8B01141F0010195
:10A4E000C4F8B01102F5805102F5005259619A6129
:10A4F000D4F8B031002BFBD1A74AF3649360012359
:10A50000B264136048F2800353604FF00113C4F843
:10A51000BC31D4F8B03143F48033C4F8B0314FF4D7
:10A520008033CAF80030D4F8B031002BFBD1BAE642
:10A5300080B238B9994BC2F307421968984B196039
:10A54000984B1A70944B00229A60F2640122B36413
:10A550001A6080225A604FF00113C4F8BC31D4F85D
:10A56000B03143F48033C4F8B031D4F8B031002BAB
:10A57000FBD198E6C2F307428B4B1A708B4BC4F8A1
:10A58000C8318B4BC4F8CC318A4BC4F8D03100F0C1
:10A59000D9FB80222946884804F068F9874B80223D
:10A5A000C6F8A0B0C6F8E0307B4BF5645A600122D3
:10A5B000B3649D601A604FF00113C4F8BC31D4F845
:10A5C000B03143F48033C4F8B031CAF80050D4F845
:10A5D000B031002BFBD166E66F4B0121F5641960A9
:10A5E00080219D60B36459604FF00113C4F8BC3101
:10A5F000D4F8B03143F48033C4F8B031D4F8B0317A
:10A60000002BFBD1130C5B0643F08073C4F854316C
:10A6100049E6654B01216A481B780370FFF78CFD02
:10A6200041E683B210F078007FF439AE03F07F0288
:10A6300058F82210624A1080180600F19E80CB075D
:10A6400001D50123137002215D48FFF775FD2AE64D
:10A6500010F0780F83B27FF422AE03F07F0213F084
:10A66000800F58F8223014BF43F4803343F00103C5
:10A6700048F822300022484BF2649A600122B36409
:10A680001A6080225A604FF00113C4F8BC31D4F82C
:10A69000B03143F48033C4F8B031D4F8B031002B7A
:10A6A000FBD100E603F07F0213F0800F58F8223050
:10A6B00014BF23F4803323F0010348F82230002232
:10A6C000354BF2649A600122B3641A6080225A60AA
:10A6D0004FF00113C4F8BC31D4F8B03143F48033E7
:10A6E000C4F8B031D4F8B031002BFBD1DBE5002049
:10A6F000086026490C88486842F221018C427FF4A8
:10A7000025AE80B200287FF421AE2E492E4C03C91D
:10A71000A18086284FEA11412060A1717FF416AE16
:10A7200072B62A48017841F008010170D2F8481148
:10A730000D0605D480200143C2F84401C2F8481137
:10A7400062B6234A5021117000E6000C2A7882423A
:10A7500028BF0246BEF5E06F44D11E4B1E4D18784F
:10A760001E491F4B0192002818BF19462846FFF7C3
:10A77000E1F907236B70019A3BE0C9033FF561AF34
:10A7800061E700BFE032002000550020F03F0020CC
:10A790008000070000650020C0320020E446002051
:10A7A000A047002042490020434900200200CC007D
:10A7B000C80002000200C800800000201993D57470
:10A7C0009446002000450020984700203D49002085
:10A7D000454900204449002000002020C06200605C
:10A7E0005C6200602946104D01922846FFF7A2F9ED
:10A7F000019A25F01F031544BFF34F8F4FF0E0215E
:10A80000C1F8703F20339D42FAD8BFF34F8FBFF39A
:10A810006F8F05481146FFF78FFC44E50320FFF7D3
:10A82000D7FC07F069FF00BF000020202DE9F047AA
:10A830001F46831E022B01D9BDE8F087DFF84C903C
:10A8400015460C463C2209EBC01806464FEAC01AD2
:10A85000002108F10400240404F008F8B5FA85F298
:10A860000123520944EA427449F80A40C8F8387092
:10A87000C8F80830002FDFD0034AB34011680B43FB
:10A880001360BDE8F08700BF0C45002000000020E9
:10A890002DE9F0470D46811E022901D9BDE8F08758
:10A8A000C701DFF84C909246044640373C22002115
:10A8B0001E4609EB07082D0408F1040003F0D6FF3B
:10A8C000BAFA8AF2520945EA427249F8072001228F
:10A8D000C8F83860C8F80820002EDFD0034B1034C9
:10A8E0001968A2400A431A60BDE8F0870C450020B1
:10A8F0000000002012048160C36101F5405342F062
:10A90000800210B40124426001F50052046001F598
:10A91000805401F58041C46081615DF8044BC0E959
:10A9200004237047831E0A46022B00D97047064B4A
:10A9300000F110014FF0010C03EBC0100CFA01F113
:10A940004030FFF799BB00BF00000020831E0A467D
:10A95000022B00D970470121024B814003EBC0104C
:10A96000FFF78ABB0000002040687047124A134B73
:10A97000D2F8200220F07F40984210B584B002D275
:10A9800000EB800040000E4C01A90A22FFF76CF991
:10A9900001A90023204611F8012B01333AB10A2BFB
:10A9A00020F8022FF7D11623237004B010BD5B00EE
:10A9B000DBB2237004B010BD00441F4080969800A5
:10A9C000C42C002000F0DCBA00F0ACBA00F010BBE0
:10A9D00000F0CABA00F066BB00F03CBB0846114666
:10A9E00000F02CBBF8B5144C4FF0E025134E4FF49B
:10A9F000003204EB4024124F06EB40160346C5F824
:10AA00008C2121463A883046FFF774FF3B88234467
:10AA1000BFF34F8FC5F85C4F2034A342FAD8BFF381
:10AA20004F8FBFF36F8F03203146FFF78FFF4FF437
:10AA30000033C5F80C31F8BD800020200033002021
:10AA400030490020244B2DE9F0411C884368C5693A
:10AA5000C3F30E43E41A002C24DD204920480A7871
:10AA60000078D3B21F4E82421F4807D010F80380EF
:10AA700036F81870C7F50072944218D901330022D5
:10AA800026F81540082B194E88BF134626F81520C6
:10AA900098BFDAB2C554164B0A701A6814441C6089
:10AAA000BDE8F0812846BDE8F041FFF79BBF07EB0A
:10AAB0004820104922462744084401EB4521FFF76E
:10AAC00039F80B4A284626F8187013682344BDE865
:10AAD000F0411360FFF786BF304900203B4900205A
:10AAE0003C490020A0460020C0460020B04600207F
:10AAF0009C460020800020201D4B1A78002A36D169
:10AB000002F0FF031B4A12788AB32DE9F0411A4D77
:10AB10002A8852B3194EC2F50068194F3278194C81
:10AB200007EB421704EBC224424638462146FFF7A2
:10AB3000E1FE04EB0802BFF34F8F4FF0E023C3F8B0
:10AB4000704F2034A242FAD8BFF34F8FBFF36F8FFC
:10AB500004203946FFF7E6FE33780133DBB2032BDE
:10AB600088BF0023337000232B80BDE8F08170473D
:10AB70004049002043490020324900203F4900203D
:10AB800000340020801020202DE9F04F85B0CDE961
:10AB90000110002900F0BF800023604CDFF898818D
:10ABA000DFF898A15E4F009301235E4A23705E4B4D
:10ABB0001978B8F8003002EB4119002B40F0A7805B
:10ABC0001E461D469B464846FFF7CEFE10F080000D
:10ABD00000F08C80BFF34F8F9AF8003084F800B0FB
:10ABE00005B93E68002B7DD13B689B1B782B00F29A
:10ABF00087804E4B1B78002B74D007F099FD012203
:10AC0000B8F8003015462270002BDCD0464AC3F558
:10AC1000006011781A4600EBC120454DC902284456
:10AC2000019D954217D20393DDE901512A46FEF7B3
:10AC300081FF039B4FF040425B1BA8F800303D4B67
:10AC4000C3F88420BFF34F8F00980023284423705B
:10AC500005B0BDE8F08F364BCD180299FEF76AFFBC
:10AC600000234FF4006229464846FFF743FEBFF336
:10AC70004F8F05F1200205F50063934234BF012395
:10AC800040234FF0E02205EB4313C2F8705F2035FC
:10AC9000AB42FAD1BFF34F8FBFF36F8F0420494609
:10ACA000FFF740FE204A13780133DBB2032B84BF49
:10ACB00000231D4A1370B8F80030019AD11A009A87
:10ACC0001A4401910092029A1A4400230292194AEE
:10ACD000A8F80030C2F88430BFF34F8F23700029EA
:10ACE0007FF462AF009805B0BDE8F08F4FF40062CA
:10ACF0000D4B8AF8000019781346A8F800208AE75F
:10AD0000012300988AF8003005B0BDE8F08F1A469C
:10AD1000C3F500607FE70198E5E700BF40490020E8
:10AD2000E4460020003400203F4900204349002031
:10AD30008010202000002E40324900203E49002093
:10AD4000704700BF2D4B002180222D4870B51B7825
:10AD500000242C4D8B422C4E0CBF40234FF400732B
:10AD60002B80338003F082FD284A2146284B147043
:10AD70004FF4807227481C8003F078FD264A10218A
:10AD8000264B0220C2E90044C2E90244244AC3E936
:10AD900000441470234AC3E90244234B1C70234629
:10ADA00014602246FFF774FD2246318803201F4BB2
:10ADB000FFF73CFD2346012229880420FFF768FDA8
:10ADC00020460134FFF70EFE082CF9D1184B002164
:10ADD0004A221848184C0460C3F88410C3F8802035
:10ADE000D3F84821154942F08072C3F8482121B1B7
:10ADF000134A137843F00103137070BD44490020D7
:10AE00000034002034490020304900203F49002010
:10AE10003249002000330020A0460020B046002028
:10AE20003B4900209C4600203C490020154700007B
:10AE300000002E40A4470020C94700000000000089
:10AE4000464900202DE9F04F4FF0E0234FF4003247
:10AE5000DFF8C8A083B0C3F88C218B469AF8004075
:10AE600000294FD08046E4B20027DFF8B490264B8B
:10AE7000ABEB070225491B78A34204F101043FD044
:10AE8000092C234B404628BF00241E5D39F816C00C
:10AE90000CEB462319441F4B33F81650A5EB0C0559
:10AEA000AA421CD20CEB462C18491B4C614401925F
:10AEB000FEF740FE216839F816505846019AA1EB7A
:10AEC0000B012A44394429F8162021604FF0E02371
:10AED0004FF40032C3F80C2103B0BDE8F08F2A46CE
:10AEE0002F44FEF727FE0C49E3B230460A68A84417
:10AEF000521B0A608AF80030FFF774FDBB45B6D8D4
:10AF00003846E3E70846E1E73B490020800020207F
:10AF1000C0460020A04600209C4600203C4900205E
:10AF2000B04600200B4B0C4A12781978D3B28A42F3
:10AF30000DD0013309480A4A092B0A4928BF0023CA
:10AF4000C35C31F8131002EB4323585C70474FF099
:10AF5000FF3070473B4900203C490020C04600209C
:10AF600080002020B0460020044B10B51C680CB1B6
:10AF7000204610BD07F0DCFB204610BD9C4600209B
:10AF80002DE9F84F144E154D33782A78934221D08D
:10AF9000DCB2DFF85090DFF850B0DFF85080104F8F
:10AFA0000134082C5FFA84FA01D90024A24619F86A
:10AFB0000400DBF8003038F8102037F81010521A6F
:10AFC0009B1ACBF80030FFF70DFD86F800A02B7818
:10AFD000A342E5D1BDE8F88F3C4900203B49002061
:10AFE000B0460020C04600209C460020A04600201D
:10AFF00000B583B001210DF10700FFF723FF20B159
:10B000009DF8070003B05DF804FB4FF0FF30F9E74F
:10B01000094B00B583B01B788DF807003BB10121C7
:10B020000DF10700FFF7B0FD03B05DF804FB03F07E
:10B03000FF0003B05DF804FB43490020044B1B787C
:10B0400003F0FF020BB1FFF79FBD1046704700BF32
:10B05000434900202DE9F0410024DFF8448001231A
:10B060000D4D27460D4E88F80030337828462035A0
:10B07000A34204F1010405D0FFF776FC030658BF94
:10B0800007F50067042CF0D1BFF34F8F002338463B
:10B0900088F80030BDE8F081003400203F490020EE
:10B0A000404900202DE9F8431D4B1B7813B11D4D7D
:10B0B0002A880AB9BDE8F8831B4EC2F500691B490E
:10B0C00033784A461A4C01EB43181A4F04EBC32459
:10B0D000012340463B7021460023FFF70BFC04EBA5
:10B0E0000902BFF34F8F4FF0E023C3F8704F2034B5
:10B0F000A242FAD8BFF34F8FBFF36F8F04204146AF
:10B10000FFF710FC33780133DBB2032B88BF002339
:10B11000337000232B80BFF34F8F3B70BDE8F88363
:10B1200043490020324900203F49002000340020DC
:10B13000801020204049002008B5D0E900325BB1E2
:10B14000BAB10F4BA3FB0213DB0803EB4303B2EBD3
:10B1500083030AD1012008BD094BA3FB0213DB08BE
:10B1600003EB4303B2EB830301D0D21A4260F02A0F
:10B17000F0D803F08BFC1C22034600201A6008BDA7
:10B18000ABAAAAAA70B5044638B319B1B2FA82F6CE
:10B190007609A2B9206800B36268F2B1184B194968
:10B1A00002FB03F3B1EBB30F17D3A368E3B900229B
:10B1B000012322606260A260E260184670BD1D46F5
:10B1C000049BC0E90012C360FFF7B6FF03460028E6
:10B1D000F3D06DB90123184670BD03F057FC162259
:10B1E00000230260184670BD002103F03FFBDEE73C
:10B1F000626831462068A56003F038FB0123DCE774
:10B20000ABAAAAAA5555551553B94AB9002908BF82
:10B2100000281CBF4FF0FF314FF0FF3001F0BAB8EB
:10B22000ADF1080C6DE904CE00F006F8DDF804E09D
:10B23000DDE9022304B070472DE9F047089E0D4672
:10B2400004460F46002B4AD18A42944665D9B2FA89
:10B2500082F343B102FA03FCC3F120029F4020FABB
:10B2600002F217439C404FEA1C4E1FFA8CF5B7FBC5
:10B27000FEF1220C0EFB117742EA074201FB05F0BA
:10B2800090420AD91CEB020201F1FF3780F01C81C9
:10B29000904240F2198102396244121AA4B2B2FB00
:10B2A000FEF00EFB102244EA024400FB05F5A54225
:10B2B0000AD91CEB040400F1FF3280F00781A5429B
:10B2C00040F204816444023840EA0140641B0021DA
:10B2D0001EB1DC400023C6E90043BDE8F0878B4285
:10B2E00008D9002E00F0ED800021C6E900050846CF
:10B2F000BDE8F087B3FA83F1002949D1AB4202D30C
:10B30000824200F2F880841A65EB0302012017469E
:10B31000002EE2D0C6E90047DFE702B9FFDEB2FA4D
:10B3200082F3002B40F090808A1A4FEA1C471FFAE4
:10B330008CFE0121B2FBF7F507FB1520220C42EA37
:10B3400000420EFB05F0904208D91CEB020205F109
:10B35000FF3802D2904200F2CB804546121AA4B2C6
:10B36000B2FBF7F007FB102244EA02440EFB00FE9A
:10B37000A64508D91CEB040400F1FF3202D2A64511
:10B3800000F2BB801046A4EB0E0440EA05409FE7A4
:10B39000C1F120078B4022FA07FC4CEA030C05FAA6
:10B3A00001F420FA07F3FD404FEA1C492343B5FBA3
:10B3B000F9F81FFA8CFE09FB18551C0C44EA0544E9
:10B3C00008FB0EF5A54202FA01F200FA01F00BD9D2
:10B3D0001CEB040408F1FF3A80F08880A54240F29B
:10B3E0008580A8F102086444641B9DB2B4FBF9F3A4
:10B3F00009FB134445EA044403FB0EFEA64508D9A5
:10B400001CEB040403F1FF356CD2A6456AD9023B5C
:10B41000644443EA0843A3FB0295A4EB0E04AC4248
:10B42000C846AE4656D353D056B1B0EB080264EBD3
:10B430000E0404FA07F7CA40CC401743C6E900746B
:10B4400018460021BDE8F087C3F1200102FA03FC91
:10B4500020FA01F225FA01F19D402A434FEA1C47E8
:10B460001FFA8CFEB1FBF7F007FB1015110C41EA37
:10B47000054100FB0EF58D4204FA03F408D91CEBDC
:10B48000010100F1FF382FD28D422DD902386144DD
:10B49000491B92B2B1FBF7F507FB151142EA0142D5
:10B4A00005FB0EF1914208D91CEB020205F1FF38B1
:10B4B00016D2914214D9023D6244521A45EA004123
:10B4C00038E73146304608E73946E6E61046FBE6FF
:10B4D0004845A9D2B9EB020865EB0C0E013BA3E786
:10B4E0004546EAE72B4694E74046D1E7D0467BE75E
:10B4F000023D624432E708460AE76444023842E704
:10B5000003685A004CBF43F0004323F00043184443
:10B51000704700BF2DE9F84329B34F1E0446154676
:10B520003E464FF0000808EB060101EBD1714910CF
:10B5300004EBC1094846FFF7E3FF0346C8000830A3
:10B540008F42204409D0AB4209D8FFF7D9FF013818
:10B55000A8420AD201F10108E5E7AB4205D98845C6
:10B5600001D04E1EDFE74FF000094846BDE8F883E2
:10B57000012807D0022807D0044B00280CBF18462A
:10B580000020704702487047024870470159000088
:10B59000095900001159000030B5224B83B0044610
:10B5A0008D1E43B301A92846AFF30080F0B1019985
:10B5B0002A46FFF7AFFF0146C0B1FFF7A1FF4B6876
:10B5C000A064012B2BD0002B01F1040025DBFFF739
:10B5D00097FF002323650368E064002B12DBFFF76D
:10B5E0008FFF03460020236103B030BD00230920F4
:10B5F000236103B030BD0C4B0C49C91AC910184661
:10B600000191D5E7C3F30360FFF7B2FF031E0CBF40
:10B6100009200020236103B030BD0123DAE70023B5
:10B620000520E0E70000000034C40000E0C4000092
:10B630000368DA0710B5044606D49B0700F14800FA
:10B6400009D500F06DFC2368590709D51A070ED5F6
:10B65000DB0613D510BD00F05BFC23685907F5D459
:10B6600004F1D00000F064FC23681A07F0D404F55C
:10B67000A87000F065FC2368DB06EBD404F5E870E5
:10B68000BDE8104000F0A0BC0346006800B11844BB
:10B69000704700BF704700BF70B504460E46316C5E
:10B6A0002046FFF779FF054688B9326C626123694D
:10B6B00032462146012098470828F0D0072806D1B5
:10B6C0002846316CFFF7E6FF301D00F015FCFEF751
:10B6D0009FFC00BF2DE9F0470D1DD0F80C80D0F87D
:10B6E0001890074614460FCDADF5727D0DF10C0C88
:10B6F000ACE80F000FCDACE80F000FCDACE80F00A9
:10B7000095E80F0002AE4FF0000E8CE80F00C6F86F
:10B7100000E020E0336C7B614FF4F07231467AA890
:10B72000FEF708FA3B697AAA394650469847889B43
:10B7300073642146CDE9006905463B463A4601203F
:10B74000C0470446E0B94FF4F0727AA93046FEF7DC
:10B75000F1F9082D1AD1316C3846FFF71DFF093475
:10B760005FFA84FA05460028D4D0B36B73643A4676
:10B77000CDE900693B464AF010010120C04700B105
:10B78000092528460DF5727DBDE8F087072DF7D114
:10B790002046316CFFF77EFF03A800F0ADFB00BF31
:10B7A000F0B5CB6B0B6401F1040C0E460546BCE80A
:10B7B0000F00F9B001AC0FC4BCE80F000FC4BCE827
:10B7C0000F000FC49CE80F004FF0FF3784E80F0014
:10B7D000009706E02B696A462946984708280446E0
:10B7E00008D110992846FFF7D7FE0028F2D009208B
:10B7F00079B0F0BD6846FFF71BFF062CF7D1314644
:10B800002846FFF749FF00BFC160D96B8261196408
:10B8100000221946FFF75EBF70B5C66843690B6426
:10B82000AEB903690A4604460D4601460220984710
:10B83000072805D008280FD129462046FFF72CFFFE
:10B840003046296CFFF726FF281D00F055FB01222A
:10B85000FFF740FFFEF7DCFBFEF7DAFBC26822B120
:10B86000CA6B0A640022FFF735BFFFF799BF00BF1C
:10B87000012912D009D873B90F2A0CD800EB820223
:10B8800018465368009A136070470339012994BF22
:10B89000012002207047022070470846704700BF11
:10B8A00000B585B00A46002303A900911946FFF7A9
:10B8B000DFFF039805B05DF804FB00BF012912D03B
:10B8C00009D873B90F2A0CD8009900EB82020968D5
:10B8D0005160184670470339012994BF01200220A6
:10B8E0007047022070470846704700BF10B584B00B
:10B8F000002303AC039200940A461946FFF7DEFFCB
:10B9000004B010BD70B5D36B136402F1040C05468E
:10B910000C46BCE80F00ADF50E7D0DF15C0EAEE8F7
:10B920000F00BCE80F00AEE80F00BCE80F00AEE867
:10B930000F009CE80F004FF0FF368EE80F001696C0
:10B9400010E0FFF7D3FF214616A8A847034616AA22
:10B950006946082083B9049B9847052806460CD001
:10B96000092809D026996846FFF716FE03466A465D
:10B970000C2116A8002BE4D0092616A8FFF758FEC4
:10B9800030460DF50E7D70BD2DE9F04FCC6C89B0C1
:10B990001E4654F8043B06940D46174600F0030873
:10B9A000002E79D01A0C8DF81D201B04D2B20593FD
:10B9B00004EB820402238DF81C302B6DB8F1020FCA
:10B9C00008BFAC6B13F001030CD005A9384600F09A
:10B9D00095FB18B9082009B0BDE8F08F092009B01F
:10B9E000BDE8F08FD4F800A0BAF1000FEDD00193BC
:10B9F00000F008030293022E4AD0B4F800A0B4F875
:10BA000002900434AB6C29F0010B0F2138469B44A3
:10BA1000FFF746FF834539D82AF001025A44824293
:10BA200094BF002201224FEA490303F002030AF007
:10BA3000010A43EA0A03012B4BD0022B32D0002B20
:10BA4000CCD1B8F1000F02D0002A40F0CD800434F0
:10BA5000D4F800A0BAF1000FCDD105A9384600F006
:10BA60004DFB0028BAD1019B002BB3D00F213846E3
:10BA7000FFF716FF0E2102463846FFF737FF38461C
:10BA80006A4A0F21FFF732FF0720A8E70022CAE722
:10BA9000D4F804900834B5E71B0205938DF81D60B7
:10BAA000032388E7D4F8009029F0004BB8F1000F89
:10BAB00046D12AB1029B002B5BD0BBF1000F73D0A3
:10BAC000B9F1000F00DA04340BF1010B04EB8B0425
:10BAD000BEE7B8F1000F19D1B2B161682268881CC5
:10BAE0004FEAD2723FF47AAF05F158030131049363
:10BAF00000F08E80201DFFF7C7FD04AB01462846ED
:10BB0000AFF30080002859D10834A1E70D21384651
:10BB1000D5F82090FFF7C4FE8145F5D1AB6A9C4271
:10BB2000F2D12046FFF7ECFC0F2102463846FFF722
:10BB3000DDFE38462A460021FFF7D8FE07204EE7F3
:10BB40000D213846D5F820A0FFF7AAFE8245B7D1CF
:10BB5000AB6A9C42B4D104230022C5E90B23E3184D
:10BB6000C5F828B06B632368002B59DB01230193D0
:10BB7000AAE7994605F15803CDF80C8004F1040AB0
:10BB8000B0461E460EE050460496FFF77DFD0022AB
:10BB9000014604AB284609F101090AF1040AAFF392
:10BBA0000080D8B9D945EED10D213846FFF778FE8F
:10BBB000049B2862C5E90934062010E781460D215F
:10BBC0003846FFF76DFEB9F1020F04BF2B46049A09
:10BBD000286214BF049B43F82C2FEBE74646D4F8A9
:10BBE0000090DDF80C806BE72046FFF789FC0434F9
:10BBF0000246AC6328461446AFF3008000283FF4A9
:10BC0000EDAE384622460F21FFF770FE0720E6E62C
:10BC10000D2138460193FFF743FE019B2862C9E7D7
:10BC20000BF1010004EB80007CE700BF0000000086
:10BC30000023FFF7A9BE00BF0123FFF7A5BE00BF89
:10BC40000223FFF7A1BE00BF2DE9F0430646C3B0B3
:10BC500091461C46042900F29B80DFE801F07B56E8
:10BC6000992E0300002C40F09380102A00F290805F
:10BC70000368DC0600F1F38020AF384600F0AEF92F
:10BC8000B46B394600234FF0010C0CFA03F212EAB0
:10BC9000090F204603F1010303D050F8042B0A607A
:10BCA0000446042B01F10401EFD13846B46300F0DF
:10BCB0008BF9002043B0BDE8F083032C68D194B227
:10BCC00004EB1243102B4FEA124961D803681D0799
:10BCD00000F1CD8020AF384600F054F9B26B07EB8D
:10BCE000C90154B10B46D01A01EBC401E4001D5840
:10BCF00043F8045B8B42FAD122443846B26300F029
:10BD00001FF9002043B0BDE8F083012C4FEA124830
:10BD10001FFA82F938D0052C3AD108EB0903202B01
:10BD200036D8B8F10F0F76D9B9F1000F40F0838003
:10BD30000F2B0BD83368D80708D5304623F0010302
:10BD400043F0020340F8483B00F0EEF8002043B017
:10BD5000BDE8F083E4B9876B23461FFA82FC01201B
:10BD6000341D00FA03F212EA0C0F394604D051F8E0
:10BD7000042B44F823200F460133102BF1D119F482
:10BD80000050E3D1B76304E008EB0903102B03D99B
:10BD9000022043B0BDE8F083B8F10F0FF8D8336844
:10BDA000DA0706D5304623F0030340F8483B00F09D
:10BDB000B3F820AF38464D4600F0AEF8B26B002D18
:10BDC0005ED04FF0000907EBC80102EBC503043950
:10BDD00052F8040B41F8040F9A42F9D1B9F1000F5F
:10BDE00054D06F464146102938BF102107EBC101DE
:10BDF000843903EBC90253F8045B41F8045F9A42AB
:10BE0000F9D1012C3BD0B8F10F0FB26358D93846A5
:10BE100000F08EF89AE7102B54D93268D707A3F1B7
:10BE2000100909D522F00103304643F0020340F81F
:10BE3000483B00F079F83268530739D4B8F10F0F56
:10BE400002D820A800F070F86F463846C8F11005F7
:10BE500000F072F8002DB26B28DD20AFB3E723F0BD
:10BE60001003036000F5E87000F0B8F804E723F071
:10BE70000803036000F5A87000F084F82AE720AFFB
:10BE80000432B263384600F043F85FE7012CF7D084
:10BE9000B8F10F0FB2633FF659AF384600F040F8E3
:10BEA000B9F1000F3FF452AF6F46B0E7134699E780
:10BEB000304622F0040240F8D02B00F03DF8BDE7F8
:10BEC00020AFEAE73368D90708D523F001033046ED
:10BED00043F0020340F8483B00F026F820AF384614
:10BEE0004D4600F021F8B26B002D7FF46AAF384662
:10BEF00000F016F82AE700BF00F1340191E838009D
:10BF00009C46A6464CF8045D90E8FF0FE54600BD50
:10BF100090EC210B704700BF80EC210B704700BFF5
:10BF200090EC200B704700BF80EC200B704700BFE7
:10BF3000D0EC200B704700BFC0EC200B704700BF57
:10BF4000F0EC0201F0EC0211F0EC0221F0EC023115
:10BF5000F0EC0241F0EC0251F0EC0261F0EC027105
:10BF6000F0EC0281F0EC0291F0EC02A1F0EC02B1F5
:10BF7000F0EC02C1F0EC02D1F0EC02E1F0EC02F1E5
:10BF8000704700BFE0EC0201E0EC0211E0EC02219E
:10BF9000E0EC0231E0EC0241E0EC0251E0EC026145
:10BFA000E0EC0271E0EC0281E0EC0291E0EC02A135
:10BFB000E0EC02B1E0EC02C1E0EC02D1E0EC02E125
:10BFC000E0EC02F1704700BFB0FC0181B0FC0191D0
:10BFD000B0FC01A1B0FC01B1704700BFA0FC018121
:10BFE000A0FC0191A0FC01A1A0FC01B1704700BF21
:10BFF000EC4600B52DE900502DE9FF1F4FF000037E
:10C000002DE90C0001A9FFF7CBFBDDF840E012B0F1
:10C01000704700BFEC4600B52DE900502DE9FF1F29
:10C020004FF000032DE90C0001A9FFF7F5FBDDF847
:10C0300040E012B0704700BFEC4600B52DE900505B
:10C040002DE9FF1F4FF000032DE90C0001A9FFF7B8
:10C0500005FCDDF840E012B0704700BFEC4600B5CB
:10C060002DE900502DE9FF1F4FF000032DE90C00D2
:10C0700001ABFFF7C9FBDDF840E012B0704700BF2D
:10C08000EC4600B52DE900502DE9FF1F4FF00003ED
:10C090002DE90C0001AAFFF735FCDDF840E012B0F5
:10C0A000704700BF027A03467AB9427AA2B141686A
:10C0B000013A10B44272086803220C1D1A7202027F
:10C0C0005C60000E10BC1A6070470068013A1A727A
:10C0D00002021A60000E7047B020704700B585B0AC
:10C0E000002303AA009219460C22FFF7C1FB039814
:10C0F00005B05DF804FB00BFFFF7F0BF2DE9F0438A
:10C1000085B007460E464FF0000803AD3046FFF7F6
:10C11000C9FFB028044600F0CB80030640D500F0EC
:10C12000F003802B56D0B02B7DD01CD8902B00F084
:10C130009380A02B13D1C34303F007034FF47F6216
:10C140001A41010702F47F624FF0000348BF42F436
:10C15000804219463846FFF777FD0028D6D00920DF
:10C1600005B0BDE8F083C02B4BD1C62800F0898014
:10C17000C72800F0A28000F0F803C02B00F0BC80BC
:10C18000C82800F0BF80C928E9D13046FFF78AFFF0
:10C19000020300F00F0002F470220130024339E084
:10C1A0008300DBB203F104090023194600950D2238
:10C1B0003846FFF75DFB039B60064CBFA3EB09030A
:10C1C0004B440393002300950D2219463846FFF790
:10C1D00075FB9BE704023046FFF764FF2043B0F590
:10C1E000004FBCD004010023A2B219463846FFF725
:10C1F0002BFD0028B3D114F4004F18BF4FF00108F5
:10C2000084E700F0F803D02BA9D100F00702013237
:10C2100042F40022052301213846FFF715FD0028CE
:10C220003FF474AF9BE7B12837D0B22800F0878085
:10C23000B32856D000F0FC03B42B90D000F00702D6
:10C24000013242F40022012319463846FFF7FCFC74
:10C2500000283FF45BAF82E700F00D030D2B3FF4A5
:10C260007EAF002300F00F02194600953846FFF715
:10C27000FFFA002300950D2219463846FFF71EFBF2
:10C2800044E73046FFF70EFF020300F00F0002F410
:10C290007022013002430323D6E73046FFF702FF46
:10C2A000024600283FF45BAF10F0F003CCD056E715
:10C2B000B8F1000F32D0002052E73046FFF7F2FE0F
:10C2C000024600283FF44BAF10F0F00F7FF447AF69
:10C2D000002304213846FFF7B7FC00283FF416AFCF
:10C2E0003DE73046FFF7DEFE020300F00F0002F4E8
:10C2F000702201300243A6E700F00F02013242F43F
:10C300002022C8E73046FFF7CDFE00F0F00200F033
:10C310000F031032013343EA02327BE703AC43469A
:10C320000E22414600943846FFF7A2FA0094434695
:10C330000F2241463846FFF7C1FA404610E7002376
:10C340000D22194600953846FFF792FA3046FFF75E
:10C35000A9FE0206039C4FF002090CD500F07F00F5
:10C3600000FA09F0044430460394FFF79BFE0306ED
:10C3700009F10709F2D400F07F0303FA09F304F589
:10C38000017423441DE700BF08B5FFF7B5FE806CBC
:10C3900008BD00BF704700BF10B4044C03460A46F6
:10C3A00020685DF8044B194600F002B8702C00209C
:10C3B00038B5A1FB02148CBB00F046F80546E0B18D
:10C3C00050F8042C22F00302043A242A17D8132A26
:10C3D0001AD91B2AC0E900441DD9242A14BF00F130
:10C3E000100200F118024FF00003C0E9024404BF3C
:10C3F00004614461C2E900339360284638BD214698
:10C4000002F034FA284638BD02460023C2E9003360
:10C410009360284638BD00F10802F6E702F036FBCB
:10C420000C2300250360E8E7024B0146186800F082
:10C430000BB800BF702C0020024B0146186802F0B8
:10C4400075BC00BF702C00202DE9F04F01F10B06E8
:10C45000162E83B0044624D8102900F2BA80FAF7C9
:10C460009BF9102618220220B54F3A44A2F1080188
:10C4700053688B4200F0BA805A68D96822F00302F0
:10C480001A449D68E9608D60516841F001012046C1
:10C49000516003F10805FAF795F9284603B0BDE8A5
:10C4A000F08F36F0070600F19480B14200F29180DF
:10C4B000FAF772F9B6F5FC7FC0F09A81730A00F0C2
:10C4C0008F80042B00F26F81B30903F1390003F16F
:10C4D000380CC3009A4F3B44A3F108055B689D42AA
:10C4E00006D10CE0002980F22781DB689D4206D04E
:10C4F0005A6822F00302911B0F29F3DD60463D6963
:10C50000DFF850C265457CD06A6822F00302931BB5
:10C510000F2B00F37B81002BC7E904CC80F26C81E8
:10C52000B2F5007F80F01A81D308796801334FEAB1
:10C53000521E012202FA0EF20A4357F833E0C5F800
:10C5400008E007EBC3010839E9607A6047F8335027
:10C55000CEF80C50831001219940914257D81142D6
:10C5600006D120F003004900114200F10400FAD086
:10C5700007EBC0094D468646D5F80C80454508D1E5
:10C580001DE1002B80F22481D8F80C80454500F095
:10C590001681D8F8042022F00302931B0F2BF0DD44
:10C5A0002046D8E9025408EB060146F00106C8F817
:10C5B0000460EC60A56043F00104C7E90411C1E91F
:10C5C00002CC4C6048F80230FAF7FCF808F1080594
:10C5D00002E00C2323600025284603B0BDE8F08F5D
:10C5E0004FF4007340204FF03F0C73E7D3689A423A
:10C5F00008BF02307FF440AF3D69DFF858C16545A0
:10C6000082D17A688310012199409142A7D9BD68EF
:10C610006B6823F003094E4503D8A9EB06030F2BE3
:10C620007ADCDFF834B1474BDBF800201B680132BD
:10C63000334405EB090A00F0338103F580530F33CF
:10C6400023F47F6828F00F0841462046FAF7FEF8E9
:10C65000411C024600F0F380824500F2EE803A4B26
:10C66000196841441960084600F04E81DBF800105B
:10C67000019301311BBFA2EB0A010918CBF800207E
:10C68000196012F0070B00F01781CBF108010A4482
:10C69000CBF5805190440831A1EB0801C1F30B0A9E
:10C6A000514620460092FAF7D1F8421CDDE90023FA
:10C6B00000F04F81801A00EB0A081968BA6048F050
:10C6C00001005144BD425060196000F02981B9F168
:10C6D0000F0F40F227816868A9F10C0C2CF0070CB1
:10C6E00000F0010040EA0C0068604FF0050E05EB19
:10C6F0000C00BCF10F0FC0E901EE00F2328150686E
:10C700001546124B1A688A4238BF1960104B1A68D6
:10C710008A4238BF196094E0AA1943F0010346F039
:10C7200001066E602046BA605360FAF74BF8083590
:10C73000284603B0BDE8F08FD9681A44A1E600BFCF
:10C7400050280020C043002090430020B843002020
:10C75000BC43002058280020582C0020B2F5206F40
:10C760004FEA522363D3142B00F2B78003F15C012C
:10C77000C9005B3307EB010E7958AEF1080E8E4508
:10C7800000F091804B6823F00303934202D989683B
:10C790008E45F7D1D1F80CE07A68C5E9021ECEF8D3
:10C7A0000850CD60D6E6142B59D9542B00F29D8049
:10C7B000330B03F16F0003F16E0CC3008AE60EF138
:10C7C000010E1EF0030F05F108057FF4D5AE51E010
:10C7D000424445465368D8F80C1043F001035360B7
:10C7E00055F8083F2046D9608B60F9F7EBFFF3E678
:10C7F000F00806F1080237E62A442046536843F061
:10C80000010353600835F9F7DDFFE5E6A919204675
:10C8100046F0010643F001046E60C7E90411C1E966
:10C8200002CC4C60AB50F9F7CDFF0835D4E6930944
:10C8300003F13901C90038339CE7BD425FD0BD68C0
:10C84000686820F003084645A8EB060302D80F2BC2
:10C850003FF762AF2046F9F7B5FF0025BCE603F1CC
:10C860005C0003F15B0CC30034E659F808394B4512
:10C8700040F0968010F0030F00F1FF30F5D17B6897
:10C8800023EA01037B60490099423FF6C0AE19B923
:10C89000BDE649000EF1040E1942FAD0704667E673
:10C8A00003F11008D0E69A104FF001087B6808FAEF
:10C8B00002F21A437A6070E702EB08014942C1F3C1
:10C8C0000B0A514620460092F9F7C0FF431CDDE9F0
:10C8D00000237FF4EFAEDA46EFE6542B25D8130B96
:10C8E00003F16F01C9006E3344E7B3F5AA7F25D881
:10C8F000F30B03F1780003F1770CC300EAE5294B51
:10C90000186840441860B1E6CAF30B0CBCF1000F84
:10C910007FF4ACAEBD68C84448F001006860F0E642
:10C920001546EEE60123536094E7B3F5AA7F23D8BA
:10C93000D30B03F17801C90077331BE740F254525F
:10C94000934223D8B30C03F17D0003F17C0CC300A8
:10C95000C0E5ABF1080BD844A8EB02084FF0000A81
:10C96000ABE605F108012046009302F0DFF9BD684F
:10C97000009B68681968C4E640F254518B420BD89A
:10C98000930C03F17D01C9007C33F3E64FF47E7311
:10C990007F204FF07E0C9DE54FF47E717E23E9E60B
:10C9A0007B6870E79043002010B5034B044619687C
:10C9B00002F0EEFA204610BD702C00202DE9F84F51
:10C9C0001746002900F098800C4607F10B058046B9
:10C9D000F9F7E2FE162D54F8041C5BD810252A4600
:10C9E000AF425CD821F003069642A4F1080962DA4E
:10C9F000BC4BD3F808C009EB0600844500F09780D3
:10CA0000D0F804C02CF0010303445B68DB0768D452
:10CA10002CF0030C06EB0C03934247DACB0710D43F
:10CA200054F8083CA9EB030ADAF8043023F00301B8
:10CA30008C44B444944580F211817318934280F27F
:10CA4000E88039464046FFF7FFFC0746E0B154F85E
:10CA5000043C23F001034B44A0F10802934200F090
:10CA6000D280321F242A00F2F580132A00F2AC8013
:10CA700003462246116819605168596092689A60AD
:10CA80002146404602F052F94046F9F79BFE3846EF
:10CA9000BDE8F88F25F00705002D2A46A0DA0C2303
:10CAA000C8F8003000273846BDE8F88F1E46D0E9A8
:10CAB0000223D3609A60731B0F2B22D8D9F804305D
:10CAC00003F0010333434E44C9F80430736843F064
:10CAD0000103736040462746F9F774FE3846BDE807
:10CAE000F88FC907ADD454F8083CA9EB030ADAF86B
:10CAF000041021F00301A0E7BDE8F84F1146FFF74D
:10CB0000A3BCD9F8042009EB050102F001024E4450
:10CB100043F001032A43C9F804204B60736843F0D3
:10CB2000010308317360404602F000F9D2E7DCF8F7
:10CB3000040020F0030B06EB0B0C05F110008445FC
:10CB40004DDAC9073FF57DAF54F8081CA9EB010A7F
:10CB5000DAF8041021F003018B44B34458453FF741
:10CB60006CAF5746DAF80C1057F8080F321F242A1A
:10CB7000C160886000F2DB80132A40F2D680216811
:10CB8000CAF808106168CAF80C101B2A00F2DF808E
:10CB900008340AF110022168116061685160A168CF
:10CBA00091600AEB0501ABEB050242F001029960CE
:10CBB0004A60DAF8043003F001032B434046CAF818
:10CBC0000430F9F7FFFD6EE7236803606368436094
:10CBD0001B2A68D804F1080200F108034AE709EBB0
:10CBE00005029A60ACEB050343F00103536054F86F
:10CBF000043C03F001032B43404644F8043CF9F79E
:10CC0000E1FD27464FE750F8043C23F003031E44A0
:10CC100051E75746DAF80C1057F8080F321F242A4C
:10CC2000C16088604CD8132A48D92168CAF8081016
:10CC30006168CAF80C101B2A56D808340AF1100291
:10CC40001E462368136063685360A3689360D146EF
:10CC50003C4630E7214601F08DFD11E7D0E9021393
:10CC60005746CB60996057F8081FDAF80C30CB6054
:10CC7000321F242A99602DD8132A29D92368CAF88B
:10CC800008306368CAF80C301B2A42D808340AF10D
:10CC9000100322681A6062685A60A2689A60664649
:10CCA000D1463C4607E7A3688360E368C360242A53
:10CCB00026D004F1100200F11003DBE63A46BFE78C
:10CCC000214638461E46D14601F054FD3C46F2E668
:10CCD0003B46DEE7214638466646D14601F04AFD2E
:10CCE0003C46E8E650280020A168CAF81010E16828
:10CCF000CAF81410242A20D010340AF118029FE731
:10CD0000236903616169416104F1180200F11803AC
:10CD1000B0E6A368CAF81030E368CAF81430242AD1
:10CD200021D010340AF11803B3E73A4633E721461D
:10CD3000384601F01FFD164B33E72269CAF8182068
:10CD40006269CAF81C2018340AF1200278E7A16849
:10CD5000CAF81010E168CAF81410242A0DD0103453
:10CD60000AF1180217E72369CAF818306369CAF88C
:10CD70001C3018340AF120038BE72269CAF8182006
:10CD80006269CAF81C2018340AF1200203E700BFC8
:10CD9000502800200EB410B583B005AB064C53F8F4
:10CDA000042B01930146206800F044F803B0BDE86D
:10CDB000104003B0704700BF702C00202DE9F84FE1
:10CDC0004B6E9C0490462DD59368126843B38B46F6
:10CDD000064602F1080959E9025A5FEA9A0715D096
:10CDE000043D002401E0A7420ED055F8041F5A4626
:10CDF000304601F08BFC431C04F10104F3D1002305
:10CE0000C8E90133BDE8F88FD8F808302AF0030AE2
:10CE1000A3EB0A03C8F8083009F10809002BDAD19E
:10CE20000020ECE701F08EF90023C8E90133BDE8EA
:10CE3000F88F00BF2DE9F04F2DED028BC5B00DF13D
:10CE4000500A834608EE101A164600210822504662
:10CE50001C46079301F00AFDBBF1000F04D0DBF87C
:10CE60003430002B00F0A08618EE102A536EDB073A
:10CE700040F11385B2F90C108AB295040BD418EE68
:10CE8000103A41F4005199815B6E8AB218EE101A83
:10CE900023F400534B66100740F1058118EE103A59
:10CEA0001B69002B00F0FF8002F01A030A2B00F030
:10CEB0000A810023CDE91933CDE90D331BAA0C9368
:10CEC000189291460B930593B0464446A84BD3F86D
:10CED000E45001F04FFD2246034612A9CDF800A010
:10CEE0005846A847002800F04581C0F23981129ABF
:10CEF000252A034601D01C44E8E7B4EB08060546A2
:10CF000040F03C81002361788DF8433004F1010842
:10CF100006934FF0FF371E462B2408F10108A1F1BC
:10CF200020035A2B00F27881DFE813F0B502760176
:10CF30007601B0027601760176016A00760176010B
:10CF40007D028D02760188029702760192025B00D3
:10CF50005B005B005B005B005B005B005B005B00F9
:10CF60007601760176017601760176017601760109
:10CF700076015C0284007601760176017601760105
:10CF800076017601760176017601E8007601760178
:10CF9000760133027601DA02760176018B0576019D
:10CFA00076017601760176017601760176017601C9
:10CFB00076015C028600760176017601CD0286005C
:10CFC0007F007601C0027601FD02EA00ED027F00DB
:10CFD000760133027C006905760176016B057601E6
:10CFE0007C00A1F13003002218F8011B02EB820241
:10CFF00003EB4202A1F13003092BF5D906928EE72B
:10D00000584601F0BDFC43680D93184601F0D0FD71
:10D010000E900546584601F0B3FC83680B93002D33
:10D0200040F0D68498F8001077E798F8001046F0A2
:10D03000200672E746F01006B40640F18E81079B89
:10D04000073323F007031A46596852F8083B079242
:10D050000A460029C0F27084791C00F0A28526F0EF
:10D060008001039153EA020100F03F840A2B72F120
:10D07000000180F0418530338DF80F31039E01238C
:10D0800004930DF20F14049BBB42B8BF3B460393BD
:10D09000002308939DF84330002B00F0CB80039BC6
:10D0A00001330393C6E018EE101A584618EE105AD2
:10D0B00001F070FA002840F05286AA8902F01A03A3
:10D0C0000A2B7FF4F6AE18EE101AB1F90E30002BD1
:10D0D000FFF6EFAE4B6EDB0702D4970540F11286E8
:10D0E00018EE101A23463246584600F069FE0590A5
:10D0F000059845B0BDEC028BBDE8F08F46F01006F8
:10D1000016F0200200F03681079B073323F0070357
:10D1100019465A6851F8083B079126F4806103913B
:10D12000002100208DF84300781C00F01082039845
:10D1300020F0800653EA020040F00882002F40F001
:10D140003885002940F0D583039B13F00103049335
:10D1500000F0118430238DF80F310DF20F1492E797
:10D1600008220021504601F081FB01231C44ADE65A
:10D17000E4260020B4EB080605461BD0199B1A9A3A
:10D1800001333244072BC9E900861A9219931CDD3A
:10D19000002A00F0A68318EE101A18AA5846FFF7C6
:10D1A0000DFE20BB0DF16C09059B33440593002D4A
:10D1B0007FF4A8AE1A9B002B40F0C18518EE103A00
:10D1C0000022B3F90C30199215E009F10809EBE7D8
:10D1D00018EE101A18AA5846FFF7F0FD002800F0C4
:10D1E000A680089B1BB10899584601F09FFD18EED8
:10D1F000103AB3F90C3018EE102A526E12F0010FEB
:10D200009AB200F0A080500600F1B285059845B0B2
:10D21000BDEC028BBDE8F08F0029CBD000238DF848
:10D2200043300123CDE903338DF8AC102BAC002340
:10D2300008931F4616F00203099302D0039B0233A2
:10D24000039316F084030A9305D1069B039A9D1A53
:10D25000002D00F37B82DDE91903411C9DF843207A
:10D2600082B101220133C9F8042007290DF14302DC
:10D27000CDE91913C9F8002000F34A82084609F1E4
:10D2800008090131099AE2B111AA0233C9F8002054
:10D2900007294FF00202CDE91913C9F8042040F321
:10D2A0005082002B00F0438318EE101A18AA58463B
:10D2B000FFF784FD002894D1DDE919030DF16C0915
:10D2C000411C0A9A802A00F08481049ABD1A002D1C
:10D2D00000F3D781049AC9F8004013440729CDE927
:10D2E0001913C9F8042040F36E81002B00F07582F9
:10D2F00018EE101A18AA5846FFF760FD00287FF4B0
:10D3000070AF1A9B0DF16C09750705D5069A039944
:10D31000541A002C00F36B82DDE905210398814249
:10D32000ACBF521812180592002B7FF451AF089928
:10D3300000231993002900F04981584601F0F6FCBA
:10D340000DF16C09C1E59C053FF55DAF18EE104A83
:10D35000A06D05F0E1F9A28955E7F006079A00F102
:10D360001F83710640F1198332F9043B0792DA17E3
:10D3700011466EE616F01003079940F0098316F087
:10D38000400000F001831A4651F8043B07919BB21C
:10D39000C3E6079B1A4600238DF84330134653F823
:10D3A000044B0393002C00F01284532900F0658392
:10D3B00016F0100540F061837B1C00F0B3843A4600
:10D3C0002946204601F08CFB0890002800F09F843D
:10D3D000031B039A049323EAE3732F4607920393F4
:10D3E000089557E6432902D0F50640F12D83079DA5
:10D3F0000822002116A82BAC01F038FA16AB55F81C
:10D40000042B2146584602F0BFF90346013304902D
:10D4100000F0B384049B079523EAE373039300238E
:10D420008DF8433003E7079B53F8042B0692002A3C
:10D4300080F29C82069A5242CDE9062398F80010A9
:10D4400046F0040669E598F800108DF8434064E55D
:10D4500098F8001046F080065FE5424612F8011B7E
:10D460002A2900F09684A1F13003092B90464FF051
:10D4700000073FF654AD18F8011B07EB870703EBD5
:10D480004707A1F13003092BF5D948E598F80010BA
:10D4900046F0010641E59DF84330002B7FF4C2AD14
:10D4A000202398F800108DF8433036E598F80010E6
:10D4B0006C2903BF98F8011046F0200608F1010816
:10D4C00046F0100629E598F80010682903BF98F87F
:10D4D000011046F4007608F1010846F040061CE50C
:10D4E00046F010030393039B13F0200200F0068222
:10D4F000079B073323F0070319465A6851F8083B86
:10D50000079101210DE6079A46F00203039352F8B2
:10D51000043B079247F63002ADF84420B84A0C921B
:10D5200002210022FDE5B70600F14882F50600F170
:10D530004683740600F1D583B00540F14083079B14
:10D54000059953F8042B07931170BEE40396012943
:10D550003FF48CAD022944AC11D10C9803F00F01BB
:10D560001B09415C04F8011D43EA0273120953EAE6
:10D570000201F3D1039E44AB1B1B049383E503F02C
:10D580000701DB0843EA4273D208303153EA02054F
:10D59000204604F8011DF2D1039EF307EBD5302994
:10D5A000E8D03023023804F8013C44AB1B1A039E38
:10D5B0000493044667E5049B1B9401221C931A9371
:10D5C00019920DF16C0909F108099DE60DF16C093C
:10D5D0007BE4069A039D551B002D7FF776AE102D38
:10D5E00040F3BB83099418EE104A07E000F1020CE7
:10D5F00009F108091046103D102D1EDD8149C9F8BA
:10D600000010421C10331021072ACDE91923C9F854
:10D610000410EBDD18AA002B74D0214658460DF1FA
:10D620006C09FFF7CBFB00287FF4DBADDDE91903C4
:10D63000103D102D00F1010CE0DC099C714AC9F885
:10D6400004502B44BCF1070FCDE919C3C9F80020E1
:10D6500040F39481002B00F01F8318EE101A18AAD3
:10D660005846FFF7ABFB00287FF4BBAD049ADDE919
:10D670001903BD1A002D00F101010DF16C097FF7AE
:10D6800029AE102D29DD0994102718EE104A07E065
:10D6900000F1020C09F108091046103D102D1ADDA9
:10D6A000421C58491033072AC9E90017CDE919234C
:10D6B000EEDD18AA03B3214658460DF16C09FFF7B9
:10D6C0007DFB00287FF48DADDDE91903103D102DA1
:10D6D00000F1010CE4DC099C61464A4AC9F8045097
:10D6E0002B440729CDE91913C9F8002000F3E7807E
:10D6F00009F108090131EDE54FF0010C18460DF173
:10D700006C09CAE74FF0010C18460DF16C0972E77D
:10D71000002B00F0048118EE101A18AA5846FFF7E3
:10D720004DFB00287FF45DADDDE919030DF16C09B7
:10D73000411CA7E5022311AA1C931B9201210DF1A4
:10D740006C09084609F10809411CBAE5102D40F39F
:10D75000E582DDE919130F94084618EE104A07E038
:10D7600000F1020C09F108091046103D102D1DDDD5
:10D770002549C9F80010421C10331021072ACDE9B1
:10D780001923C9F80410EBDD18AA03B32146584643
:10D790000DF16C09FFF712FB00287FF422ADDDE9E3
:10D7A0001903103D102D00F1010CE1DC0F9C6046C7
:10D7B000154AC9F804502B440728CDE91903C9F8C4
:10D7C000002000F3C18009F10809411C46E5184614
:10D7D0004FF0010C0DF16C09C7E77607199353D58B
:10D7E000069A0399541A002C4EDD0DF16C09102C89
:10D7F00040F3B082199918EE106A10250DE000BFB1
:10D80000B40A002084250020D00A0020881C09F1D9
:10D8100008091146103C102C1ADD4A1CB34810337D
:10D82000072AC9E90005CDE91923EFDD18AA33B3AA
:10D8300031465846FFF7C2FA00287FF4D2ACDDE942
:10D840001913103C102C01F101000DF16C09E4DCFE
:10D85000A64AC9F8044023440728CDE91903C9F8AA
:10D8600000207FF759AD7BB118EE101A18AA584660
:10D87000FFF7A4FA00287FF4B4AC1A9B4CE5012012
:10D8800019460DF16C09C5E7DDE9053203998A42B5
:10D89000ACBF9B185B18059349E5B2F90C108F05D6
:10D8A00018EE103A8AB23FF5E8AA18EE105A986DB1
:10D8B00004F04EFFB5F90C108AB2FFF7DEBA002B68
:10D8C0003FF479AE18EE101A18AA5846FFF776FA08
:10D8D00000287FF486AC19991A9B01310DF16C096F
:10D8E000F8E419920DF16C095EE4002F7FF4C3ABEC
:10D8F000039E0027049744ACFFF7C5BB039B13F0BE
:10D90000100354D1039A12F0400000F06B81079984
:10D910001A4651F8043B07919BB2012101E4099A90
:10D92000002A64D1184601210DF16C09C9E40121D6
:10D9300018460DF16C09C4E45B4262EB42020396A7
:10D940002D200121FFF7EEBB002B00F0888018EEA0
:10D95000101A18AA5846FFF731FA00287FF441AC94
:10D96000DDE919030DF16C09411C77E498F800100A
:10D970000793FFF7D2BA44ACFFF785BB09F108095A
:10D980000CF101016046A0E416F4007240F09781AA
:10D9900051F8043B0791FFF7C0BBB30500F1888144
:10D9A00052F8043B0792DA171146FFF752BB07996A
:10D9B00051F8043B07910121FFF7B3BB079B059882
:10D9C00053F8041B0793C217C1E90002FFF77DBAA1
:10D9D0000B9B002B3FF426AB0B9B1B78002B3FF4DB
:10D9E00021AB98F8001046F48066FFF796BA022340
:10D9F00011AA1C931B9201200DF16C09A2E603965B
:10DA000071E53B4B0C9316F0200259D0079B07336E
:10DA100023F0070318465A6850F8083B0790F407AC
:10DA200009D553EA020006D08DF84510302146F0A2
:10DA300002068DF8441026F4806103910221FFF75D
:10DA400070BB2C4B0C93DEE7079B012153F8042B92
:10DA500003918DF8AC20079304912BACDFE49DF883
:10DA60004320002A40F03281099A002A7FF462AEF6
:10DA7000184601210DF16C0927E40021082216A89F
:10DA8000139400F0F3FE791C00F0BC80002507948D
:10DA90002C460CE02BA9584601F076FE421C20448F
:10DAA00000F06B81B84208DC00F070810446139AE4
:10DAB000525916AB0435002AECD10494079CAFE010
:10DAC00016F0100307980CD116F0400405D01A4642
:10DAD00050F8043B07909BB2A1E716F4007240F0A7
:10DAE000E18050F8043B079099E700BFD00A00207E
:10DAF000B40A0020A00A00200399049744AC9E4673
:10DB000008EE90BA01F480664FF0000C234606E060
:10DB1000BEF10A0F72F1000239D3A6462A46A64981
:10DB20001EEB020040F100000F46A1FB001424F0A0
:10DB3000030101EB9401401ABEEB00014FF0CC351C
:10DB400062F1000405FB01F507FB0455A1FB074149
:10DB50000D44052704F00101A1FB071B0918640807
:10DB6000303103F8011C44EAC5740CF1010C013B8F
:10DB70006D08002ECCD00B9909786145C8D1BCF155
:10DB8000FF0FC5D0BEF10A0F72F100026CD21C4625
:10DB900044AB1B1B049F039E049318EE90BAFFF73F
:10DBA00072BA0396FFF762BA584600F0A1FAFFF77F
:10DBB0005BB9012903967FF4CDACFFF75CBA079BF4
:10DBC000059953F8042B11600793FFF77EB9062FD0
:10DBD0003B46039A794C079228BF0623049303938C
:10DBE000FFF725BB039B079913F4007214BF51F88C
:10DBF000043B51F8043B07911CBF0246DBB20121F4
:10DC0000FFF78FBA16AB00930023194613AA5846A4
:10DC100001F0E0FD03460133049000F0AE80139460
:10DC2000049B002B30D0632B63DC002308932BACC8
:10DC30000822002116A800F019FE049D16AB0093DF
:10DC400013AA2B462146584601F0C4FD854240F0F8
:10DC5000AB80039B049A07930023A3541F4622EA38
:10DC6000E2730393FFF716BA0E9A0D999B1A1846A2
:10DC7000089300F04DFE0B99089B4A780AB10131D8
:10DC80000B914FF0000C48E7039B0793049B039311
:10DC90001F460893FFF7FEB9012118460DF16C09E4
:10DCA000FFF713BB50F8043B07902246DBB2B6E601
:10DCB00012F9043B0792DA171146FFF7CAB951F877
:10DCC000043B07910246DBB2FFF727BA01231C93FE
:10DCD00001210DF143031B930DF16C090B46FFF776
:10DCE000CDBA079B059953F8042B07931180FFF7D2
:10DCF000ECB8591C5846FEF7A7FB044600283CD058
:10DD0000089095E7886D04F007FDFFF7E9B9039BDC
:10DD10000793CDE90377089FFFF7BCB919981A9BC1
:10DD2000013045E5039B0793204600F041FF20EAC0
:10DD3000E0732F46049003930895FFF7ABB918EEF4
:10DD4000101A18AA5846FFF739F800283FF436AAE7
:10DD5000FFF74DBA199801307AE58C466EE46B6E88
:10DD6000D90705D4AB899A0502D4A86D04F0D4FC78
:10DD70004FF0FF330593FFF749BA18EE102AB2F9B6
:10DD80000C3043F040039381FFF735BA079C0497AA
:10DD900046E7079B98F8011053F8047B07939046D9
:10DDA00047EAE777FFF7B9B818EE102A938943F0EE
:10DDB00040039381FFF715BACDCCCCCCC80A002024
:10DDC00070B50C468989ADF58E6D21F00201ADF874
:10DDD0001410616E1B91E189ADF81610E16909918B
:10DDE000616A0B911CA9029106914FF4806106466D
:10DDF0000491079118A80021CDE90032089104F0A0
:10DE000067FCDDE9003202A93046FFF713F8051E72
:10DE100007DB02A9304600F0ABF8002818BF4FF02E
:10DE2000FF35BDF814305B0603D5A38943F04003EA
:10DE3000A381189804F064FC28460DF58E6D70BD22
:10DE4000B1F90C202DE9F0410C461107804647D46A
:10DE5000636842F40062002BA2815EDDA56A002D9A
:10DE600058D00023D8F80060C8F8003093B212F4FC
:10DE7000805256D10123E1694046A847431C67D030
:10DE8000A389A56A5F0705D56368C01A236B0BB128
:10DE9000E36BC01AE169024600234046A847411CD3
:10DEA00041D1D8F80030002B3DD01D2B01D0162BCE
:10DEB00056D1A3892269226023F4006300216160A6
:10DEC000A381216BC8F8006021B304F1400399429B
:10DED00002D0404600F02AFF00202063BDE8F08118
:10DEE0002669BEB193B2256826609A070CBF6369A4
:10DEF0000023AD1BA3600BE02B463246E169676A45
:10DF00004046B847B0F1000CA5EB0C05664417DDA0
:10DF1000002DF1DC0020BDE8F081E36B002B9DDCDF
:10DF2000F8E7206DAEE7B4F90C302269226023F4E3
:10DF30000063A3810022DB046260C2D52065C0E7D4
:10DF4000A38943F040034FF0FF30A381BDE8F08187
:10DF5000D8F80030002B93D01D2B06D0162B04D000
:10DF6000A38943F04003A381D5E7C8F80060D1E757
:10DF700038B50C46054608B1436B03B3B4F90C0041
:10DF800088B1636EDB0701D481050FD52846214691
:10DF9000FFF756FF636EDA07054602D4A3899B0597
:10DFA00008D5284638BD0546284638BDA06D04F082
:10DFB000CFFBEBE7A06D04F0AFFB284638BD00F0C7
:10DFC00097F8DBE7024A0349034800F035BA00BF7F
:10DFD000602C002005B00000A82500200C4B4168F3
:10DFE000994210B5044601D003F0A4F9A168094B89
:10DFF000994202D0204603F09DF9E168064B994210
:10E0000004D02046BDE8104003F094B910BD00BF15
:10E01000C44300202C440020944400202DE9F84300
:10E020002A4C2B4B2B48DFF8C090DFF8C0802A4FDA
:10E030001860002504230822294604F15C00274EBD
:10E040006566C4E90253C4E90055C4E90455A561F5
:10E0500000F00CFC224B63670822294604F1C4003F
:10E06000C4E90749C4E90987C4E91A55C4E91E553A
:10E07000C4F8CC502567C4F88050E66200F0F6FB87
:10E08000184BC4F8DC30294604F16803082204F573
:10E090009670C4F88430C4E92298C4E92476C4E9AF
:10E0A0003455C4E93855C4F83451C4F8D850C4F8CC
:10E0B000E85000F0DBFB04F1D003C4E93C98C4E96C
:10E0C0003E76C4F8EC30BDE8F88300BFC4430020BE
:10E0D000FC440020957C00003D8200005D82000031
:10E0E0000900010012000200D9810000FD8100003A
:10E0F00010B504460A4804F02BFB636B23B9094BA7
:10E10000094A1B68626323B1BDE81040044804F06B
:10E1100003BBFFF783FFBDE81040014804F0FCBAE1
:10E12000C0420020FC440020AD7C0000014804F007
:10E130000FBB00BFC0420020014804F0EDBA00BF91
:10E14000C04200209368002B00F085802DE9F04F3D
:10E15000B1F90C300C461907804683B0174698B2C7
:10E1600025D523691BB310F002033D682DD04FF075
:10E17000000ADFF8C0B25646B9465E4533465246FD
:10E1800028BF5B464046002E52D0E169676AB84717
:10E19000002856DDD9F808301B1A8244361AC9F80F
:10E1A0000830002BE9D1002003B0BDE8F08F2146F4
:10E1B000404600F0EFF9002840F03881B4F90C3007
:10E1C0003D6898B210F00203D1D110F0010944D19A
:10E1D0004E46009746B38205D4F808B040F18580DA
:10E1E000B3455A4600F2B48010F4906F40F0C180FD
:10E1F00020680192494600F0BDFAA368019AA3EB9A
:10E200000B012368A1601344B24623600026009AE4
:10E210009368A3EB0A03D1449360002BC3D0B4F9F5
:10E220000C0080B2002ED6D1D5E900960835D1E792
:10E23000D5E900A60835A0E721464046FFF798FE3D
:10E2400088B3B4F90C3043F040034FF0FF30A381A2
:10E2500003B0BDE8F08F002070471E46BA469946CD
:10E26000184600951F4666B3002832D04A46D4E9C6
:10E2700004132068A568B24228BF3246884204D9F8
:10E2800005EB030B5A4500F3A780934264DCE16978
:10E29000656A3A464046A847B0F1000BD1DDB9EBBC
:10E2A0000B09C9D00120DAF80830A3EB0B035F4457
:10E2B000A6EB0B06CAF80830002B3FF474AF002E13
:10E2C000D2D1009A5668134608320092002EF8D038
:10E2D0001F6832460A21384600F002FC002800F090
:10E2E0009C800130A0EB0709C0E7206823699842B1
:10E2F00016D86269B24213D86FF00043B34228BF08
:10E300003346E16993FBF2F3676A02FB03F340468D
:10E310004A46B847B0F1000A93DDA6EB0A0676E755
:10E32000B345DA4628BFB2465246494600F022FAC3
:10E33000A3682268A3EB0A035244A3602260002B67
:10E34000EBD121464046FFF713FE0028E5D078E7E1
:10E350002068B34632464CE73946019200F00AFA8B
:10E36000019AA3689B1AA360236813442360934611
:10E3700095E723682169A3EB010B636903EB430A6B
:10E380000AEBDA7A0BF101034FEA6A0A3344534588
:10E39000524684BF9A46524643052CD51146404604
:10E3A000FEF752F800283BD05A4621690190FBF74E
:10E3B000C1FBA289019B22F4906242F08002A281FB
:10E3C00003EB0B002361AAEB0B03C4F814A0A360BA
:10E3D0002060B34632460CE739465A4600F0CAF987
:10E3E00023685B44236021464046FFF7C1FD0028B7
:10E3F0003FF455AF25E74046FEF7E0FA0346002814
:10E40000DED12169404600F091FCB4F90C300C22B9
:10E4100023F08003C8F8002015E7721C914626E718
:10E420000C22B4F90C30C8F800200CE74FF0FF3094
:10E43000BAE600BF00FCFF7F2DE9F84380460F4697
:10E4400016464FF00009D6E90154013D11D4A389C5
:10E45000012B05F1FF3508D9B4F90E3001332146FF
:10E4600003D04046B84749EA00096B1C04F1680430
:10E47000EDD13668002EE6D14846BDE8F88300BFEE
:10E480000CB410B51F4B00291C689CB035DB4FF451
:10E490000273ADF81430029006901FAB18D001390A
:10E4A0004FF6FF7204910791ADF8162002A91E9A4B
:10E4B0000193204601F09CF9421C01DA8B23236072
:10E4C000029B00221A701CB0BDE8104002B07047D9
:10E4D0004FF6FF7204910791ADF8162002A91E9A1B
:10E4E0000193204601F084F9431C01DA8B23236059
:10E4F0001CB0BDE8104002B070478B2323604FF082
:10E50000FF30F5E7702C002010B50C46B1F90E1065
:10E5100000F090FA002803DB236D0344236510BD4F
:10E52000A38923F48053A38110BD00BF2DE9F041DE
:10E530000C46B1F90C101F46CB05054616460BD408
:10E5400021F48051A1813B46B4F90E103246284691
:10E55000BDE8F04100F084BAB4F90E1002230022A5
:10E5600000F052FAB4F90C10EAE700BF10B50C46FF
:10E57000B1F90E1000F048FAA389421C0EBF23F433
:10E58000805343F480532065A38110BDB1F90E1070
:10E5900000F0FAB938B5314B1B6805460C4613B18B
:10E5A0005A6B002A4ED0B4F90C3018079AB21CD519
:10E5B000216929B312F0010007D00020A060606932
:10E5C0004042A06139B1002038BD950758BF60694D
:10E5D000A0600029F7D1120658BF0846F4D543F0D1
:10E5E0004003A3814FF0FF3038BDD1062ED552072E
:10E5F00014D4216943F00803A3819AB20029D9D128
:10E6000002F42070B0F5007FD4D02146284602F0F5
:10E61000F5FEB4F90C3021699AB2CBE7216B51B108
:10E6200004F14002914204D0284600F07FFBB4F987
:10E630000C300022226321690022C4E9001223F079
:10E640002403D7E71846FFF753FDACE7092243F050
:10E6500040032A604FF0FF30A38138BD702C0020AA
:10E660002DE9F04782B082468846144600F082F9D0
:10E67000012803D108F1FF33FE2B36D90DF104092F
:10E68000424604F15C034946504601F07DF8421CC5
:10E69000064632D020B39DF804C0002509E0236867
:10E6A0005A1C226083F800C00135B54218D219F80F
:10E6B00001CFA368013B002BA360F0DAA769BB423E
:10E6C00061462246504602DBBCF10A0FE7D102F058
:10E6D00001FF431CE8D10646304602B0BDE8F08792
:10E6E0004646304602B0BDE8F0875FFA88FC8DF8F8
:10E6F00004C006460DF10409CFE7A389304643F074
:10E700004003A38102B0BDE8F08700BF30B5536E6F
:10E7100013F0010FB2F90C30144683B005469AB2DB
:10E7200001D198051CD5900406D4626E43F40053C1
:10E7300042F40052A381626622462846FFF790FF0A
:10E74000636EDA07054602D4A3899B0502D52846E5
:10E7500003B030BDA06D03F0DFFF284603B030BD2D
:10E76000A06D019103F0F4FFB4F90C3001999AB255
:10E77000D9E700BF88420DD98B1883420AD900EB34
:10E78000020CBAB1624613F801CD02F801CD9942EC
:10E79000F9D170470F2A0ED8034602F1FF3C4AB167
:10E7A0000CF1010C013B8C4411F8012B03F8012FF3
:10E7B0006145F9D1704740EA01039B0750D1A2F1AE
:10E7C000100370B501F1200C23F00F0501F1100EBC
:10E7D00000F11004AC441B095EF8105C44F8105CB6
:10E7E0005EF80C5C44F80C5C5EF8085C44F8085C6D
:10E7F0005EF8045C44F8045C0EF1100EE64504F18A
:10E800001004E9D1013312F00C0F01EB031102F0F7
:10E810000F0400EB031327D0043C24F003064FEA57
:10E82000940C1E441C1F8E465EF8045B44F8045F83
:10E83000B442F9D10CF1010402F0030203EB8403AA
:10E8400001EB840102F1FF3C4AB10CF1010C013BE8
:10E850008C4411F8012B03F8012F6145F9D170BDEB
:10E8600002F1FF3C03469BE72246EBE7830730B506
:10E8700048D0541E002A3FD0CAB2034601E0013CF2
:10E880003AD303F8012B9D07F9D1032C2DD9CDB232
:10E8900045EA05250F2C45EA054536D9A4F11002B5
:10E8A00022F00F0C03F1200EE6444FEA121C03F194
:10E8B000100242E9045542E9025510327245F8D17E
:10E8C0000CF1010214F00C0F03EB021204F00F0C18
:10E8D00013D0ACF1040323F003030433134442F8D0
:10E8E000045B9342FBD10CF003042CB1C9B21C446D
:10E8F00003F8011B9C42FBD130BD64461346002C3B
:10E90000F4D1F9E703461446BFE71A46A446E0E708
:10E9100040EA01039B0730B501D1032A0FD8844692
:10E9200001F1FF3E07E01EF8011F03F8011B541E12
:10E93000C1B19C4622466346002AF4D130BD0B4645
:10E940008446194653F8045BA5F1013424EA050412
:10E9500014F0803FE4D1043A032A4CF8045B1946D2
:10E96000EFD8DDE79444002CE8D003F8011B6345A1
:10E97000FBD130BD014B93F828017047E4260020FD
:10E9800000487047D427002038B5074D00220446C0
:10E9900008462A60FBF72CFB431C00D038BD2B68CF
:10E9A000002BFBD0236038BD10450020154B1B68A1
:10E9B000834225D0416C70B5054681B100268C5943
:10E9C0003CB121462468284600F0B0F9002CF8D16B
:10E9D000696C0436802EF2D1284600F0A7F9A96BA5
:10E9E00011B1284600F0A2F9E96C11B1284600F0F7
:10E9F0009DF96B6B1BB12846BDE87040184770BD90
:10EA0000704700BF702C002038B50C46084D844676
:10EA1000114620461A4600232B606446FBF7F4FAA1
:10EA2000431C00D038BD2B68002BFBD0236038BDC1
:10EA30001045002038B50C46084D84461146204646
:10EA40001A4600232B606446FBF7D0FA431C00D023
:10EA500038BD2B68002BFBD0236038BD104500204B
:10EA600038B50C46084D8446114620461A46002308
:10EA70002B606446FAF708FE431C00D038BD2B68B3
:10EA8000002BFBD0236038BD10450020014B1868D7
:10EA9000704700BF702C002070B50D4E0D4D761BD9
:10EAA000B61006D0002455F8043B01349847A6421E
:10EAB000F9D1094E094D761B03F036FEB61006D08B
:10EAC000002455F8043B01349847A642F9D170BDA3
:10EAD00048320060483200604C32006048320060CA
:10EAE00001F0FF01102A2BDB10F0070F08D010F8FF
:10EAF000013B013A8B422DD010F0070F42B3F6D103
:10EB0000F0B441EA012141EA014122F007047FF01B
:10EB100000070023F0E80256083C85EA010586EA72
:10EB2000010685FA47F5A3FA87F586FA47F6A5FAAE
:10EB300087F68EB9EED1F0BC01F0FF0102F00702BA
:10EB400032B110F8013B013A83EA010313B1F8D165
:10EB50000020704701387047002D06BF3546033846
:10EB6000073815F0010F07D1013015F4807F02BF7F
:10EB7000013015F4C03F0130F0BC0138704700BFD0
:10EB80000000000000000000000000000000000085
:10EB90000000000000000000000000000000000075
:10EBA0000000000000000000000000000000000065
:10EBB00090F800F06DE9024520F007016FF0000CBD
:10EBC00010F0070491F820F040F049804FF0000465
:10EBD0006FF00700D1E9002391F840F000F1080040
:10EBE00082FA4CF2A4FA8CF283FA4CF3A2FA8CF378
:10EBF0004BBBD1E9022382FA4CF200F10800A4FADF
:10EC00008CF283FA4CF3A2FA8CF3E3B9D1E9042332
:10EC100082FA4CF200F10800A4FA8CF283FA4CF369
:10EC2000A2FA8CF37BB9D1E9062301F1200182FA23
:10EC30004CF200F10800A4FA8CF283FA4CF3A2FA29
:10EC40008CF3002BC6D0002A04BF04301A4612BA37
:10EC5000B2FA82F2FDE8024500EBD2007047D1E93A
:10EC6000002304F00305C4F100004FEAC50514F0C9
:10EC7000040F91F840F00CFA05F562EA05021CBF9A
:10EC800063EA050362464FF00004A9E7F8B5244F94
:10EC90000C460646F7F780FDBB685D68C4F57E61EB
:10ECA0000F3125F003054B1923F47F6323F00F0385
:10ECB000A3F58054B4F5805F07DB00213046F7F7F9
:10ECC000C5FDBB682B44984204D03046F7F77AFD67
:10ECD0000020F8BD61423046F7F7B8FD01300DD095
:10ECE000104ABB682D1B45F001055D601368304676
:10ECF0001B1B1360F7F766FD0120F8BD00213046AD
:10ED0000F7F7A4FDBA68831A0F2BDEDD43F0010389
:10ED10005360054B03491B68C01A0860D5E700BF64
:10ED20005028002090430020582C0020002961D05A
:10ED3000F8B50C460646F7F72FFD54F8042C7B4F28
:10ED4000A4F1080522F0010105EB010CB868DCF81C
:10ED50000430604523F0030300F08B80D207CCF829
:10ED6000043032D454F8082CAD1A1144AA6807F1C3
:10ED7000080082426AD00CEB0304D4F804E0EC688B
:10ED8000D4601EF0010FA26000F0978041F00103F3
:10ED90006B60CCF80010B1F5007F35D27868CB08F5
:10EDA0000122490901338A40024357F833107A603F
:10EDB00007EBC302083AC5E9021247F83350CD60A9
:10EDC0003046BDE8F840F7F7FDBC0CEB0302526893
:10EDD000D00710D4194407F10800DCF8083083424A
:10EDE00073D0DCF80C20DA60936041F001036B60B3
:10EDF0006950D0E7704741F00103B1F5007F44F856
:10EE0000043CCCF80010C9D3B1F5206F4FEA512370
:10EE100048D28B0903F1390003F13802C300F81816
:10EE2000FB580838984259D05A6822F003028A42A7
:10EE300002D99B689842F7D1D868C5E9023085604D
:10EE4000DD603046BDE8F840F7F7BCBC0CEB0302D0
:10EE50005268D20763D40B44DCE90212CA609160A5
:10EE600043F001026A603046EB50BDE8F840F7F726
:10EE7000A9BC0B44D10707D454F8082CAD1A13448D
:10EE8000D5E90212CA60916043F001026A60284A23
:10EE9000BD6012689A4293D8264B30461968FFF736
:10EEA000F5FE8DE7142B0AD9542B1FD80B0B03F159
:10EEB0006F0003F16E02C300B1E719448DE703F15F
:10EEC0005C0003F15B02C300A9E741F00103C7E95D
:10EED0000455C5E902006B60695071E779689210CA
:10EEE000012404FA02F20A437A60A6E7B3F5AA7F86
:10EEF00006D8CB0B03F1780003F17702C3008EE74D
:10EF000040F25452934206D88B0C03F17D0003F17A
:10EF10007C02C30083E74FF47E737E227FE741F0DB
:10EF200001036B60CCF800104AE700BF50280020B6
:10EF30005C2C0020C0430020134B9C4610B503F509
:10EF4000806E5CF8083F5C6824F003040F2C2146B7
:10EF5000D4BF00200120DCF80C30634508D05A688B
:10EF6000DB6822F003026345114400F10100F6D191
:10EF70000CF1080CE645EED1044B1A685860521AA1
:10EF8000C3E907215C6210BD502800209043002097
:10EF900070B50C4C054608460E46F7F7FDFBFFF72B
:10EFA000CBFF0FCCAC46ACE80F000FCCACE80F00A9
:10EFB00094E803008CE803003046F7F703FC28468A
:10EFC00070BD00BF9043002082B049B15AB16BB10F
:10EFD00013780B601278101E18BF012002B0704722
:10EFE00001A9002AF3D1104602B070476FF001006A
:10EFF000F4E700BF436C70B505460C464BB153F8BF
:10F00000240080B1026843F824200023C0E90333C0
:10F0100070BD21220421FDF7CBF903466864002866
:10F02000EDD1002070BD012101FA04F6721D92009D
:10F030002846FDF7BDF90028F3D0C0E90146E4E712
:10F0400031B1436C4A6853F82200086043F822103B
:10F05000704700BF2DE9F0410E6980460F461D46FE
:10F0600001F1140E0020DEF800108CB202FB0453F4
:10F07000090C4FEA134C02FB01CC01309CB204EBAB
:10F080000C4486424EF8044B4FEA1C45EBDC3DB184
:10F09000BB68B34207DD07EB860301365D613E6165
:10F0A0003846BDE8F081796840460131FFF7A2FF9C
:10F0B0000446B0B13A69023207F10C0192000C30FB
:10F0C000FAF738FDD8F844307A6853F822103960DE
:10F0D00043F82270274607EB860301365D613E61E7
:10F0E000DEE7034B03482246BA2102F0B1FA00BF23
:10F0F000B0080020C4080020030C1B04D3B900048E
:10F10000102310F07F4F04BF0002083310F0704F3F
:10F1100004BF0001043310F0404F04BF80000233ED
:10F12000002805DB10F0804F03F1010308BF202306
:10F13000184670470023E4E7036813F0070208D07D
:10F14000D9071FD49A0722D55B0803600122104615
:10F15000704799B209B91B0C1022D9B209B908320B
:10F160001B0A190704BF1B090432990704BF9B0837
:10F170000232D90703D45B0802F1010205D0036013
:10F18000104670470022104670472022DFE79B0898
:10F19000022203601046704738B5436C04460D46A2
:10F1A0004BB15868B0B102685A6000220123C0E92F
:10F1B0000435C26038BD21220421FDF7F9F8034669
:10F1C00060640028EDD1094B0948002240F2451146
:10F1D00002F03EFA1C2201212046FDF7E9F8002842
:10F1E000F1D001220223C0E90123DEE7B0080020AC
:10F1F000C40800202DE9F04F0E691569AE4285B0B4
:10F200008846144605DB2A46234635460C461646F4
:10F210009846A3686168AF19BB42B8BF0131FFF7D8
:10F22000E9FE0190002800F08780019B03F114099A
:10F2300009EB870AD14505D24B46002243F8042B3F
:10F240009A45FBD808F1140808EB860B04F1140367
:10F25000D8451A4603EB85055FD22B1B153B23F0DF
:10F26000030304331534A54238BF0423CDE902A7B4
:10F27000AC461F46924605E0090C29D1C34509F169
:10F28000040948D958F8041B8DB2002DF4D0564615
:10F290004C46002356F8041B22681FFA81FE90B2E8
:10F2A000090C05FB0E00120C034405FB012202EBC6
:10F2B00013429BB243EA0243B44544F8043B4FEA8D
:10F2C0001243E7D849F8073058F8041C090CD5D088
:10F2D000D9F8003050461A464C4600260588120CD4
:10F2E00001FB052216449BB243EA064344F8043B63
:10F2F00050F8045B22682D0C93B201FB053303EB3D
:10F30000164384454FEA1346E8D8C34549F8073009
:10F3100009F10409B6D8DDE902A7002F02DC05E0F7
:10F32000013F03D05AF8043D002BF9D0019B184649
:10F330001F6105B0BDE8F08F034B0448019A4FF4FC
:10F34000B17102F085F900BFB0080020C4080020A8
:10F3500012F003032DE9F0411446064632D10D4662
:10F36000A41020D0D6F84080B8F1000F33D0E307C6
:10F370004FF0000707D4641015D0D8F80000A8B1EA
:10F380008046E307F7D5424629463046FFF732FF6D
:10F39000B5B16968736C641053F821202A6043F892
:10F3A00021500546E9D12846BDE8F0814246414654
:10F3B0003046FFF71FFFC8F8000007608046E0E70F
:10F3C0000546D8E7013B0F4A52F823200023FFF7F8
:10F3D00041FE0546C4E701213046FFF70BFE80469B
:10F3E00040B1012340F27122C0E9043200233064AD
:10F3F0000360BCE7044B0548424640F2451102F069
:10F4000027F900BF600E0020B0080020C4080020CB
:10F410002DE9F0470D4614462F69AB68496807EBA4
:10F4200062177E1C9E4280464FEA621904DD5B0033
:10F430009E4201F10101FADC4046FFF7DBFD844604
:10F44000002852D0B9F1000F00F114020EDD09F1CD
:10F4500005014FEA810E134600EB8101002043F8BD
:10F46000040B8B42FBD1AEF114031A44296905F158
:10F47000140314F01F0E03EB81012ED0CEF12009EE
:10F4800010464FF0000A1C6804FA0EF444EA0A041D
:10F4900040F8044B53F8044B994224FA09FAF2D885
:10F4A0004B1B153B23F00303043305F11500814288
:10F4B00038BF0423BAF1000F18BF374642F803A043
:10F4C000D8F844306A68CCF8107053F822102960DC
:10F4D000604643F82250BDE8F087043A53F8040B25
:10F4E00042F8040F9942F9D8EAE7034B0348624611
:10F4F0004FF4EF7102F0ACF8B0080020C40800200F
:10F500000B6984460069C01A16D10CF1140C143131
:10F510000CEB830210B401EB830301E0944508D2A5
:10F5200052F8044D53F8041D8C42F7D005D24FF029
:10F53000FF305DF8044B7047704701205DF8044BC5
:10F54000704700BF2DE9F84F0F691369FF1A002FAC
:10F550000E4690467FD101F11405143202EB83026E
:10F5600005EB830301E09D4278D253F8041D52F865
:10F57000044DA142F7D069D37168FFF73BFD814686
:10F58000002877D03569D8F81020C76008F1140E2C
:10F5900006F1140009F1140A06F110010EEB8202C3
:10F5A00000EB850756464FF0000C5EF8044B51F80F
:10F5B00004BFA3B21CFA8BFCACEB03034FEA144C60
:10F5C000CCEB1B4C0CEB234C9BB243EA0C43724537
:10F5D00046F8043B4FEA2C4CE7D8A2EB080115395A
:10F5E00008F11508424521F0030404F1040438BF72
:10F5F0000424204421F0030238BF002287425244F1
:10F60000544418D92646014651F8043B1CFA83FCA1
:10F610004FEA2C4202EB13421FFA8CFC4CEA0243E5
:10F620008F4246F8043B4FEA224CEDD8013F3F1A87
:10F6300027F00307E21923B952F8043D013D002BDE
:10F64000FAD0C9F810504846BDE8F88F3346012774
:10F650004646984690E7F9DB00278DE70021FFF743
:10F66000C9FC814668B101220023C9E90423484648
:10F67000BDE8F88F064B07484A4640F2452101F0A5
:10F68000E7FF034B03484A4640F2372101F0E0FF11
:10F69000B0080020C40800202DE9F043884683B05C
:10F6A000012157EC106B1546FFF7A4FC0446002817
:10F6B00051D0C7F30A59C7F31303B9F1000F01D0B2
:10F6C00043F48013002E019318D101A8FFF734FDF5
:10F6D000019A6261012200F120032261B9F1000F59
:10F6E00025D0A9F2334909EB03022046C3F13503C3
:10F6F000C8F800202B6003B0BDE8F0836846009690
:10F70000FFF71AFD034610B3DDE90002C3F1200143
:10F7100002FA01F10143DA4061610192002AA2611B
:10F7200014BF022201222261B9F1000FD9D1A3F244
:10F730003243C8F8003004EB82031869FFF7DCFCA1
:10F74000C0EB421320462B6003B0BDE8F083009A63
:10F750006261019AE2E7034B0348224640F20F310F
:10F7600001F076FFB0080020C408002049B1FF2A4C
:10F7700002D80A70012070478A2303604FF0FF30DF
:10F7800070470846704700BF70B5054684B05BB14E
:10F790001C4669B10E4B2846D3F8E0602346B047BB
:10F7A000431C0FD004B070BD00F582740029F1D164
:10F7B000074A2346D2F8E06028460A4601A9B04726
:10F7C000431CEFD100228A2322602B6004B070BD5D
:10F7D000E426002010B582B0049CCDE900344FF03F
:10F7E000FF3302F0E3FE02B010BD00BF00000000D6
:10F7F0002DE9F04F2DED088BD1B00C460BEE101A11
:10F80000904608938346FFF7BBF8036812931846A7
:10F81000FFF7CEF920AF1090082200213846FFF7FD
:10F8200025F8A3891B0603D52369002B00F0558713
:10F8300000239FED838B9FED849BCDE92533CDE99C
:10F840001333CDE9153327AA0E93249292461193D0
:10F8500004934446A1467E4BD3F8E450FFF78AF860
:10F860004A4603461CA900975846A847002800F0BE
:10F87000B080C0F2A6801C9A252A034601D0994484
:10F88000E9E7B9EB0405064640F0A78000234FF0F6
:10F89000FF328DF867309846069309F1010999F80F
:10F8A000003003922B25202609F10109A3F1200243
:10F8B0005A2A00F2CF80DFE812F0E802CD00CD0036
:10F8C000E302CD00CD00CD006A00CD00CD000502E1
:10F8D0008402CD001002C902CD00BD025B005B00B6
:10F8E0005B005B005B005B005B005B005B00CD00CE
:10F8F000CD00CD00CD00CD00CD00CD005301CD0019
:10F9000083011A02530153015301CD00CD00CD00F4
:10F91000CD001502CD00CD009602CD00CD00CD006A
:10F92000AB01CD00AA02CD00CD00E306CD00CD0095
:10F93000CD00CD00CD00CD00CD00CD005301CD00D8
:10F940008301DE015301530153017702DE017F0081
:10F95000CD008902CD005F02E0062F027F00CD00BE
:10F96000AB017C00B806CD00CD00BD06CD007C000B
:10F97000A3F13002002119F8013B01EB810102EBF8
:10F980004101A3F13002092AF5D906918EE75846C4
:10F99000FEF7F6FF436815931846FFF709F916902E
:10F9A0005846FEF7EDFF83681393169B002B40F03B
:10F9B0002D8699F8003077E799F8003048F0200854
:10F9C00072E7082200213846FEF750FF01239944D0
:10F9D00041E7B9EB0405064611D0269B2B4426933C
:10F9E000259B0133072BCAE9004525931CDC0AF14E
:10F9F000080A049B2B440493002E7FF447AF269BF8
:10FA0000002B41F00B821BEE103AB3F90C3013F0CF
:10FA1000400F049B18BF4FF0FF330493049851B07C
:10FA2000BDEC088BBDE8F08F1BEE101A24AA5846D7
:10FA300002F0CEFD0028E6D10DF19C0AD9E700BF07
:10FA40000000000000000000FFFFFFFFFFFFEF7F4E
:10FA5000E42600200B93002BD1D00021CDE90C111E
:10FA60008DF8DC3001238DF8671002930791059320
:10FA700003910F9137AC18F00203099302D0029B57
:10FA80000233029318F084030A9305D1069B029A6D
:10FA90009D1A002D00F36983269A89B125990DF1ED
:10FAA000670001310132CAF8000007294FF0010058
:10FAB00026922591CAF8040000F3A2830AF1080AED
:10FAC000099B83B1259B1AA901330232CAF80010A1
:10FAD000072B4FF0020126922593CAF8041000F379
:10FAE000A3830AF1080A0A9B802B00F06C82039B17
:10FAF00005995D1A002D00F3A58218F4807F40F06F
:10FB00000D82059BCAF804301A44259BCAF80040B0
:10FB10000133072B2692259300F31B830AF1080A71
:10FB200018F0040F05D0069B02995C1A002C00F314
:10FB30008883049B069902988142ACBF5B181B180E
:10FB40000493002A40F0B08200232593079B1BB149
:10FB500007995846FFF7EAF80DF19C0A4C4679E6FA
:10FB60000B93089B073323F00703B3EC028BB0EE33
:10FB7000C87BB4EE497BF1EE10FA089340F3E984B8
:10FB8000B5EEC08BF1EE10FA01F159809DF86710C7
:10FB9000AB4CAC4B28F080080B9A472AC8BF1C46D8
:10FBA0000023CDE90C3303220793029205920393BD
:10FBB0000F9300293FF45FAF029B013302935AE792
:10FBC000432B0B9303D018F0100F00F05D85089DB8
:10FBD0000822002122A837ACFEF748FE22AB55F8D8
:10FBE000042B21465846FFF7CFFD0346013305900D
:10FBF00001F0EE82059B089523EAE373029300214E
:10FC0000CDE90C118DF86710079103910F9132E740
:10FC10000B93089B1A4600238DF86730134653F860
:10FC2000044B0893002C00F048850B9B532B00F0ED
:10FC3000EC8618F010030C9340F0E786039B5D1CE4
:10FC400001F0E5800C991A462046FEF749FF07901F
:10FC5000002801F02883079B1A1B05920C9B039335
:10FC600022EAE2720F930D93079373239DF86710B6
:10FC700002920B939DE718F0200F0B93089B3DD049
:10FC8000073323F007031A4611465B6851F8082B27
:10FC900008911946002BC0F20C84039B013300F03D
:10FCA0009E8228F0800052EA0103029040F099827F
:10FCB000039B002B40F09A82804600230393059318
:10FCC00050AC06E1089B53F8042B0692002A80F200
:10FCD0001984069A08935242069299F8003048F027
:10FCE0000408E1E599F8003048F00808DCE548F040
:10FCF000100818F0200F0B93089BC1D118F0100FBB
:10FD000040F00B8418F0400F00F0038433F9042B0B
:10FD10000893D1170B46BDE7089B48F002020292F8
:10FD200053F8042B089347F63003ADF86830782079
:10FD3000454B1193002102230B900020039C8DF86A
:10FD40006700601C00F0AD80029820F0800852EA45
:10FD5000010040F0A480002C40F0AE86002BACD116
:10FD6000029B13F00103059300F0D18330238DF83B
:10FD70003F310DF23F14ACE018F0200F40F0D48377
:10FD800018F0100F40F09F8618F0400F40F0978752
:10FD900018F4007F00F09786089B049953F8042B11
:10FDA000089311704C4655E599F80030682B03BF55
:10FDB00099F8013048F4007809F1010948F0400849
:10FDC00072E599F800308DF867506DE599F80030CC
:10FDD0006C2B03BF99F8013048F0200809F10109A4
:10FDE00048F0100860E50B9348F0100818F0200167
:10FDF00000F05183089B073323F00703596853F839
:10FE0000082B089328F480630293002395E70B9353
:10FE100048F010030293029B13F0200100F02983A5
:10FE2000089B073323F00703596853F8082B0893FE
:10FE3000012382E799F8003048F0800834E500BFDC
:10FE4000900A0020940A0020B40A0020494611F8C4
:10FE5000013B2A2B01F04982A3F13002092A89468D
:10FE600098BF002101F2448119F8013B01EB8101A7
:10FE700002EB4101A3F13002092AF5D9039115E5FE
:10FE800099F8003048F001080EE59DF86730002B26
:10FE90007FF48FAD99F800308DF8676004E5CDF8F8
:10FEA0000880012B00F09D81022B50AC20D11198CD
:10FEB00002F00F031209C35C04F8013D42EA01722B
:10FEC000090952EA0103F3D150AB1B1BDDF808808E
:10FED0000593059A03989DF8671082424FF000033E
:10FEE000B8BF0246CDE90C33079302920F9360E648
:10FEF00002F00703D20842EA4172C908303352EADD
:10FF00000105204604F8013DF2D1029AD10700F123
:10FF10004D8250AB1B1B90460593DAE70B9B652B7C
:10FF200040F3D480B5EE408BF1EE10FA40F0C18181
:10FF3000259BBA49CAF80010013301320121072B71
:10FF400026922593CAF8041000F351850AF1080A95
:10FF50001B9B0E998B4280F2D082109B12991A44FF
:10FF6000CAE90013259B26920133072B259300F342
:10FF700097830AF1080A0E9B5C1E002C7FF7D0AD18
:10FF8000102C259B40F36E851BEE106A102505E0B2
:10FF90000AF1080A103C102C40F364850133A04993
:10FFA0001032072BCAE90015CDE92532F0DD24AA6D
:10FFB0003146584602F00CFB00287ED1DDE925329F
:10FFC0000DF19C0AE6E7069B02995D1A002D7FF76A
:10FFD0008EAD102D259B21DD099410261BEE104AB5
:10FFE00004E0103D102D0AF1080A16DD01338C499A
:10FFF0001032072BCAE90016CDE92532F1DD24AA1B
:02000004600199
:10000000214658460DF19C0A02F0E2FA002854D12C
:10001000103D102DDDE92532E8DC099C8049CAF845
:10002000045001332A44072BCDE92532CAF80010C9
:1000300000F32685039B05995D1A002D0AF1080A35
:100040007FF75BAD102D259B1FDD514610261BEE63
:1000500010AA04E0103D102D01F1080114DD013358
:100060006F481032072BC1E90006CDE92532F1DDDA
:1000700024AA5146584602F0ABFAF0B9103D102DB3
:10008000DDE9253227A9EADC8A4601336449CAF84A
:1000900004502A44072BCDE92532CAF8001000F39A
:1000A000DA810AF1080A28E51BEE101A24AA58463C
:1000B00002F08EFA00283FF447AD079B002B3FF477
:1000C000A2AC07995846FEF731FE9CE40E9B012B2B
:1000D00040F37A81259BCAF80040013301320121A7
:1000E000072B26922593CAF8041000F3F8810AF131
:1000F000080A1099129801330A44072BCAE9000133
:10010000CDE9253200F3DD810AF1080AB5EE408B16
:10011000F1EE10FA00F077810E99013301390134C4
:100120000A44072BCAF800402593CAF80410269207
:1001300000F35B810AF1080A1499CAF8041001332C
:100140000A44072B1EA9CDE92532CAF800107FF713
:10015000E5AC1BEE101A24AA584602F039FA002822
:10016000ABD1269A0DF19C0ADAE4102DDDE92512B7
:100170002C4E24DD179410231BEE104A084604E091
:10018000103D102D0AF1080A17DD01301032072842
:10019000CAE90063CDE92502F2DD24AA21465846CA
:1001A0000DF19C0A02F014FA002886D1103D102DA2
:1001B000DDE925024FF01003E7DC179C0146013111
:1001C0002A440729CDE92512CAF80060CAF804506C
:1001D00000F3BD839DF867100AF1080A5DE4CDF8CD
:1001E00008800A2A71F1000380F045833032012330
:1001F000DDF808808DF83F2105930DF23F1468E685
:100200001BEE101A24AA584602F0E2F900287FF4E7
:1002100054AF269A0DF19C0A52E400BF1417002037
:1002200094250020E00A00201BEE101A24AA58464C
:1002300002F0CEF900287FF440AF269A0DF19C0A17
:1002400051E4102C259BBE4E1FDD1BEE108A10259D
:1002500004E0103C102C0AF1080A16DD01331032BC
:10026000072BCAE90065CDE92532F2DD24AA414613
:1002700058460DF19C0A02F0ABF900287FF41DAF3F
:10028000103C102CDDE92532E8DC01332244072B39
:10029000CAE90064CDE925327FF74BAC1BEE101A9A
:1002A00024AA584602F094F900287FF406AF269A53
:1002B0003FE41B99002940F35A830C9E0E9B9E42FB
:1002C000A8BF1E46002E0BDD259B01333244072BB1
:1002D000CAE900462692259300F389860AF1080AA6
:1002E0000C9D002EA8BFAD1B002D00F303820C9BBC
:1002F00018F4806F2344059340F01F821B9B0E99D6
:100300008B4203DB18F0010F00F0CF841099129894
:100310000A44CAE90001259926920131072925914D
:1003200000F3A5860AF1080A0E996518CC1A059BF8
:10033000ED1AA542A8BF2546002D0DDDCAF80030F4
:10034000259BCAF8045001332A44072B2692259393
:1003500000F3BB860AF1080A002DA8BF641B002C1D
:100360007FF7DEAB102C259B40F37C831BEE106ADD
:10037000102505E00AF1080A103C102C40F37283A6
:10038000013370491032072BCAE90015CDE9253237
:10039000F0DD24AA3146584602F01AF900287FF40D
:1003A0008CAEDDE925320DF19C0AE5E7302B3FF4F8
:1003B0008BAD3023023804F8013C50AB1B1ADDF83A
:1003C00008800593044684E518F0010F7FF482AE9F
:1003D000259BCAF80040013301320121072B2692E8
:1003E0002593CAF804107FF7A5AE1BEE101A24AAB5
:1003F000584602F0EDF800287FF45FAEDDE92532C3
:100400000DF19C0A98E60E994C1E002C7FF794AED5
:10041000102C40F361831BEE106A102505E00AF1F1
:10042000080A103C102C40F3578301334549103221
:10043000072BCAE90015CDE92532F0DD24AA3146A3
:10044000584602F0C5F800287FF437AEDDE92532C2
:100450000DF19C0AE5E71BEE101A24AA584602F09B
:10046000B7F800287FF429AE269A0DF19C0AFFF711
:1004700044BB029B13F0100340F0C180029A12F0BB
:10048000400200F07A83089850F8042B089019462F
:1004900092B2012351E418F0100355D118F0400234
:1004A00000F05D83089850F8042B0890194692B22A
:1004B000A8E4524261EB4101CDF808802D200123D0
:1004C0003CE41BEE101A24AA584602F081F80028DA
:1004D0007FF4F3ADDDE925320DF19C0A16E61BEE43
:1004E000101A24AA584602F073F800287FF4E5ADEC
:1004F000DDE925320DF19C0AFBE518F0010F3FF410
:100500000FAB2AE5089399F80030FFF7CDB950AC4E
:10051000DFE418F4007F40F0DB8353F8042B0893EA
:10052000D1170B46FFF7B6BB089B049853F8041B82
:100530000893C217C1E900024C46FFF78BB900BF10
:10054000E00A002094250020089B53F8042B089310
:1005500058E4B4EE488BF1EE10FA80F194860B9BD0
:10056000612B00F05285412B00F0C085039B0133C5
:100570000B9B23F0200500F08084472D04D1039BC2
:10058000002B08BF0123039318EE903A002B48F488
:1005900080724646C0F21886B0EE48AB0023904603
:1005A000099307930B9B413B252B00F29883DFE8CF
:1005B00013F06F0496039603960368046C04960385
:1005C0009603960396039603960396039603960363
:1005D0009603960396039603960396039603960353
:1005E0009603960396039603960396039603960343
:1005F0009603960396039603960368046C04089B7F
:1006000053F8042B08930123FFF797BB139B002B90
:100610003FF4CFA9139B1B78002B3FF4CAA999F88C
:10062000003048F48068FFF73FB90B93CDF808809D
:10063000FFF7F1BB0B939A4B119318F0200100F0D8
:100640000581089B073323F00703596853F8082BEB
:10065000089318F0010F0AD052EA010307D00B9B50
:100660008DF86930302348F002088DF8683028F49E
:10067000806302930223FFF760BB0B93FFF7B6BBC7
:100680000B93884B1193D8E7089B012153F8042B57
:1006900002918DF8DC200893059137ACFFF7AFBAD3
:1006A0001BEE101A24AA584601F092FF00287FF48E
:1006B00004AD269A0DF19C0A5DE4039B0794062B7A
:1006C000224628BF062303942146CDE90C22764C0E
:1006D000029305930F92FFF76CBA40215846FBF73F
:1006E000B3FE20602061002800F00F864023636184
:1006F000FFF79EB8102D259B40F35D8251461026D2
:100700001BEE10AA04E00831103D102D40F3528278
:10071000013366481032072BC1E90006CDE92532C6
:10072000F1DD24AA5146584601F052FF00287FF41B
:10073000C4ACDDE9253227A9E6E70E9BCDF824906D
:10074000E31803930D9BCDF82880139E059DDDF8DB
:100750005890DDF83C800B941BEE101A5046002B8D
:1007600034D0B8F1000F35D10D9B013B013E0D9304
:10077000159BC0E90039259B01334A44072B26927B
:1007800025936CDC0830039B96F800C05B1B634527
:10079000A8BF6346002B9A460CDD259C01341A4401
:1007A000072CC0E900532692259400F3778196F830
:1007B00000C00830BAF1000FACBFACEB0A046446CD
:1007C000002C0ADC65440D9B002BCAD1B8F1000F48
:1007D00000F0AC8308F1FF38CAE7102CDDF894C0B4
:1007E00024DD05954FF0100A63460D4604E0103CE9
:1007F000102C00F1080016DD01332C491032072BB4
:10080000C0E9001ACDE92532F1DD24AA294658466F
:1008100001F0DEFE00287FF450AC103C102CDDE926
:10082000253227A8E8DC2946059D9C460CF10103EA
:1008300022444460072B1D4C0460CDE9253200F3AF
:10084000C68396F800C008306544BCE718F0100372
:1008500000F0C280089B53F8042B0893F9E624AA01
:100860005846059101F0B4FE00287FF426AC269A84
:10087000059927A887E70298CDF81CA050AC00F492
:10088000806000250AEE10BA094BDDF84CA0CDF8C7
:100890001490A3464FF00508AC46044610E000BF94
:1008A000B40A0020A00A0020C80A002094250020D5
:1008B000CDCCCCCC0A2A71F1000136D34A46314660
:1008C000501840F10000A3FB005626F0030505EB8D
:1008D0009605401B151A4FF0CC3661F1000E06FB51
:1008E00005F6A5FB039503FB0E6609F0010E2E44E9
:1008F000AEFB085E2D184FEA590930350BF8015C44
:1009000049EAC6790CF1010C0BF1FF3B7608002C8B
:10091000D0D09AF800008445CCD1BCF1FF0FC9D0EB
:100920000A2A71F1000180F08F815C4650AB1B1BDD
:10093000DDF81490CDF84CA01AEE10BADDF81CA02A
:10094000DDF80880CDF838C00593FFF7C2BA1BEE7A
:10095000101A24AA584601F03BFE00287FF4ADABE4
:100960009DF86710269A0DF19C0AFFF796B8259B13
:10097000BE48CAF80000013301320120072B26923D
:100980002593CAF8040000F377810AF1080A0029C8
:1009900040F0AF800E9908F001030B433FF4C0A86C
:1009A000109B12991A44CAE90013259B2692013321
:1009B000072B259300F352820AF1080A0E99CAF810
:1009C000004001330A44072BCDE92532CAF8041050
:1009D0007FF7A4A8FFF7BDBB18F0400200F0DD8050
:1009E000089850F8042B0890194692B231E61BEE95
:1009F000101A24AA584601F0EBFD00287FF45DABE5
:100A0000269A0DF19C0AFFF7A3BA22AE0822002114
:100A100030461D94FDF72AFF039B5A1C00F0DB8033
:100A20000025CDF80890CDF81C809946A8460CE02A
:100A300037A95846FEF7A8FE431C404400F0C8837F
:100A4000484508DC00F0188480461D9A5259334608
:100A50000435002AECD1CDF81480DDF80890DDF8DB
:100A60001C80C5E001338249CAF804402244072BA8
:100A7000CAF80010CDE925327FF750A8FFF769BB0F
:100A80001BEE101A24AA584601F0A2FD00287FF49C
:100A900014AB269A0DF19C0AFFF729B824AA5846F0
:100AA000059101F095FD00287FF407AB96F800C092
:100AB000269A059927A87DE6012BCDF808807FF4BA
:100AC000F3A9FFF793BB089B049953F8042B4C46FA
:100AD00011600893FEF7BEBE01336549CAF80440B1
:100AE0002244072BCDE92532CAF800107FF722AB4C
:100AF0007BE4109B12981A44CAE90003259B2692B6
:100B00000133072B259300F3A9810AF1080A002974
:100B1000BFF654AF4D42103180F20F831BEE101A16
:100B2000102605E00AF1080A103D102D40F3058358
:100B300001334F481032072BCAE90006CDE92532B0
:100B4000F0DD24AA5846039101F042FD00287FF40D
:100B5000B4AADDE9253203990DF19C0AE4E7089B6C
:100B600018F400711ABF114653F8042B53F8042BE4
:100B7000089318BFD2B2FFF745B9029B13F4007176
:100B8000089B1ABF114653F8042B53F8042B089303
:100B900018BFD2B20123FFF7D0B8089B18F4007138
:100BA0001ABF114653F8042B53F8042B089318BFAF
:100BB000D2B24EE58A4601332D49CAF804502A4480
:100BC000072BCDE92532CAF8001000F339810AF16C
:100BD000080AFFF78CBB0023194600961DAA584649
:100BE000FEF7F8FD03460133059000F0F1821D94F5
:100BF000059B002B4ED0632B00F318810023079335
:100C000037AC082200213046FDF730FE059D0096E6
:100C10002B461DAA21465846FEF7DCFD854240F0D2
:100C20007C83059A0023A35422EAE272CDE90C33B7
:100C30009DF86710039302920F93FEF7BABF2D2120
:100C40008DF86710FEF7A4BF169B1599ABEB030B4D
:100C50001A465846FDF75CFE9AF80120054B0AB18A
:100C60000AF1010A4FF0000C28E600BF141700201B
:100C700094250020CDCCCCCC1BEE101A24AA5846CB
:100C800001F0A6FC00287FF418AA1B99269A0DF102
:100C90009C0A7CE6059B9DF867100F93CDE9023313
:100CA000CDE90C330793FEF784BF0E9905986518BC
:100CB0002D1ACC1AA542A8BF2546FFF74DBB089BAD
:100CC000049953F8042B089311804C46FEF7C2BDDB
:100CD00013F9042B0893D1170B46FEF7DBBF039AD9
:100CE000022122AB01931DAB009358461BABB0EE23
:100CF0004A0B029200F060FD472D029A044600F074
:100D00006181462D104405D12378302B00F06F828D
:100D10001B9A1044B5EE40ABF1EE10FA40F046815C
:100D200003461B1B0E93472D00F01081462D00F04B
:100D3000B5811B9B0C930C9B412D03F1FF331B933F
:100D400000F0E5819DF82C200021002BB8BF0C9B02
:100D50008DF87820BABFC3F101032D222B22092B75
:100D60008DF8792040F3DA810DF18F05DFF81CC48E
:100D70002A4610468CFB0321DA17C2EBA10202EBD4
:100D80008201A3EB4101303100F8011C19466329AF
:100D9000134600F1FF32ECDC3033D9B2831E9D42A2
:100DA00002F8011C40F28B8213460DF17A0201E039
:100DB00013F8011B02F8011B9D42F9D10DF19103BB
:100DC0000DF17A021B1A13441EAA9B1A14930E9B50
:100DD000149A012B1A44059240F30382059B109A42
:100DE0001344059326F48063059A43F48078002326
:100DF000CDE90C3322EAE2720F930292099B002B99
:100E000040F0B1809DF867100393FEF7D2BE2046F4
:100E1000FDF7CEFE02460590FEF720BF1BEE101A2E
:100E200024AA584601F0D4FBFEF7EDBD591C5846E4
:100E3000FBF70AFB0446002800F0CA810790E0E6B1
:100E40001BEE101A24AA584601F0C2FB00287FF4BA
:100E500034A9269A0DF19C0AFFF749BA1BEE101A25
:100E600024AA584601F0B4FB00287FF426A9DDE946
:100E700025321B990DF19C0A49E606230393FFF7DF
:100E800083BB039B02215A1C2BE7039A032128E70B
:100E90001BA8B0EE4A0B00F09FFBB4EE007B20EEE7
:100EA000070BB5EE400BF1EE10FA01D101231B93B5
:100EB000B348039BB3EE005B013B224604E0B5EE72
:100EC000400BF1EE10FA13D020EE050BFDEEC07BC7
:100ED000B3F1FF3F17EE901A415CB8EEE76B944612
:100EE00030EE460B02F8011B194603F1FF33E6D141
:100EF000B6EE006BB4EEC60BF1EE10FA00F34881CB
:100F0000B4EE460BF1EE10FA04D117EE903ADB077F
:100F100000F13E81002906DB4B1C1344302102F80E
:100F2000011B9342FBD1131B0E93FCE60B9C0E9B03
:100F3000DDF82490DDF828801396E3189D422946B9
:100F400028BF194682460591FFF7D8B91B9B0C9321
:100F5000DA1C02DB039A93420CDD0B9B023B0B93E2
:100F600023F02005E7E62D2100238DF86710039379
:100F7000FEF722BE0C9B0E9A9342C0F2BD80F00792
:100F80000C9B40F13281109A13440593710503D5EF
:100F90000C9B002B00F33581059B23EAE37302933E
:100FA00067230B9300230F930D9327E7229B834224
:100FB000BFF4B7AE30215A1C22921970229B98427E
:100FC000F9D8AEE6F30700F1A780229BA9E624AA90
:100FD0005846059101F0FCFA00287FF46EA896F8B7
:100FE00000C0269A059927A86544FFF7ECBB1BEEC5
:100FF000101A24AA584601F0EBFA00287FF45DA8E5
:10100000269A0DF19C0AFFF76BB978238DF86930A9
:1010100030238DF86830039B632B48F0020600F301
:10102000A6800023079337AC18EE903A002B48F4C3
:1010300081782BDBB0EE48AB0B9B23F0200500231F
:1010400009930B9B612B7FF4ADAAB0EE4A0B1BA852
:1010500000F0C2FAB4EE007B20EE070BB5EE400BB9
:10106000F1EE10FA01D101231B93464821E71BEE54
:10107000101A24AA584601F0ABFA00287FF41DA8E4
:101080001B9B269A0DF19C0AFFF74EB90B9B23F090
:1010900020052D230993B1EE48ABD2E71B9A0C92A1
:1010A000002A06F0010340F30D8103990B4340F041
:1010B000CF800C9B059366230B93720500F1A380F0
:1010C000059B23EAE37302936CE71BEE101A24AA34
:1010D000584601F07DFA00287EF4EFAF1B9C0E9B72
:1010E000269A1C1B0DF19C0AFFF736B958238DE791
:1010F00000220392FEF7DABB0E9B109A9A180C9B03
:101100000592002B40F3AB8067230B93D5E70B9A36
:101110000F32D2B2012118E6A018FBE5002940F0F9
:10112000A88030228DF87A200DF17B02303302F84E
:10113000013B1EABD31A149349E601331249CAF896
:1011400004502A44072BCDE92532CAF800107FF756
:1011500033AC1BEE101A24AA584601F039FA0028C5
:101160007EF4ABAFDDE925320DF19C0A26E4591C73
:101170005846FBF769F9044650B3079054E700BF9F
:10118000A00A0020B40A0020942500206766666645
:10119000CDF888C012F8011C90F80FC061451346C5
:1011A0000AD14FF0300E03F801EC229B591E229118
:1011B00013F8011C8C45F6D0392916BF0131817A0C
:1011C000C9B203F8011CAEE600239046079360E71E
:1011D0001BEE102AB2F90C3043F040039381FEF766
:1011E00016BCF5077FF5FEADF8E50593CEE6B5EE46
:1011F00040ABF1EE10FA3FF48BADC2F101021B924D
:1012000087E567230B9313990B78FF2B79D0002583
:101210000C9A284603E001300131FF2B08D093429D
:1012200006DAD21A4B78002BF5D10B780135F4E7AA
:101230000C9213910D900F950F9A0D9B16991344D4
:10124000059A01FB0323059323EAE3730293D5E593
:10125000109BD3181944662305910B932DE7C3F116
:1012600001031A4422EAE2730293672305920B9367
:1012700098E60DF17A0259E7039BDDF80890DDF856
:101280001C800593B4E418EE903A002BB4BF2D21D6
:101290009DF86710254C264BB8BF8DF8671028F0D5
:1012A0008008FEF779BC039B0293059373239DF896
:1012B000671003900F900D900B93FEF77ABC0223FA
:1012C000149384E5039A134305D101236622029304
:1012D0000B92059366E6109B01331A4422EAE273EF
:1012E0000293662305920B935CE6089A99F8013005
:1012F000894652F8041B089241EAE1710391FEF716
:10130000D3BA00230F930D9396E70C23CBF800304C
:101310004FF0FF330493FEF781BB1BEE102A938935
:1013200043F040039381FEF7C8BE00BF980A002037
:101330009C0A002070B500294BD006460C4610B11F
:10134000436B002B48D0636ED80734D5B4F90C300A
:10135000002B3ED021463046FCF772FDE36A05467D
:1013600033B1E169304698470028B8BF4FF0FF35E8
:10137000A3891A063CD4216B41B104F14003994280
:1013800002D03046FDF7D2FC00232363616C21B10B
:101390003046FDF7CBFC00236364FCF7C7FE636EA9
:1013A0000022DB07A2811FD5A06D01F0A9F9FCF78F
:1013B000C3FE284670BDA3899905CBD4A06D01F06A
:1013C000C7F9B4F90C30002BC4D1656E15F00105D6
:1013D00005D00025284670BDFCF78AFEB3E7A06D56
:1013E00001F09AF9284670BDA06D01F095F9DBE790
:1013F00021693046FDF79AFCBDE700BF2DE9F041B9
:101400008B890C46990796B008D504F14303012255
:10141000C4E90432236016B0BDE8F081B4F90E10BF
:101420000029064625DB6A4600F0ACF800281FDBE1
:10143000019D05F47045A5F50055B5FA85F54FF405
:1014400080686D094FF4006741463046FAF7FCFFAB
:10145000E0B1B4F90C30C4F8148043F0800320608C
:101460002061A38135BB3B43A38116B0BDE8F08169
:10147000A38913F0800519D04FF04008002541469C
:1014800030462F46FAF7E0FF0028E2D1B4F90C30DD
:101490009A05C0D423F0030304F1430243F002038E
:1014A0000121C4E90421A3812260B4E74FF48068DC
:1014B0002F46C9E7B4F90E10304600F079F810B99C
:1014C000B4F90C30CFE7A38923F0030343F0010301
:1014D0001BB2C8E7F8B50D461446064610B1436B7B
:1014E000002B4CD0B4F90C20A369A360170790B26D
:1014F0001BD52369CBB1EDB281042F4622D52268DA
:101500006169D31A994229DD0133A1680139A160CB
:10151000511C2160157062699A4227D0A389DB07AC
:1015200001D50A2D22D03846F8BD21463046FDF7B8
:1015300031F808BBB4F90C20236990B2EDB28104F4
:101540002F46DCD442F40052A281626E616922F41B
:10155000005262662268D31A9942D5DC2146304691
:10156000FCF706FD40B922680123CEE7214630464C
:10157000FCF7FEFC0028D6D04FF0FF37D3E7FCF78E
:10158000B7FDAFE770B50C46084D03460026204670
:1015900011461C462E60F8F72FFD431C00D070BD8D
:1015A0002B68002BFBD0236070BD00BF10450020CE
:1015B00038B5074D0022044608462A60F8F722FD98
:1015C000431C00D038BD2B68002BFBD0236038BDF6
:1015D000104500200000000030B482B08DED000BFB
:1015E000019A194C22F000430021A342016021DC42
:1015F000009C1C431ED0154C144054B99FED107B29
:1016000020EE077B8DED007B019A6FF0350122F013
:10161000004322F0FF42DDE9004522F4E00242F0FF
:101620007F551B1545F40015A3F2FE33CDE90045A7
:101630000B4403609DED000B02B030BC704700BF4F
:101640000000000000005043FFFFEF7F0000F07F2C
:1016500000B50B4C25681446EE681A4685B0034663
:101660000D464CB107490095CDE9011430460649B5
:10167000FBF790FBF8F7CCFC04490C46F3E700BFFE
:10168000702C002070080020800800207C080020BA
:101690002DE9F04F03690C69A34283B0C0F2878043
:1016A000013C01F11405A30000F11408009355F862
:1016B000243058F82420013381469A4208EB8400F4
:1016C00005EB84070190B2FBF3F63BD34FF0000C1F
:1016D000AE464046E24663465EF804BB02681FFA27
:1016E0008BFC06FB0C334FEA134C4FEA1B4B06FBFB
:1016F0000BCC9BB2AAEB03031FFA8CFA13FA82F30A
:10170000CAEB124202EB23429BB243EA0243774503
:1017100040F8043B4FEA224A4FEA1C43DCD2009BCC
:1017200058F8033073B9019B043B984504D307E094
:10173000984504F1FF3403D253F80429002AF7D066
:10174000C9F810404846FDF7DBFE00282BDB0136C8
:101750004146002355F8040BD1F800C082B29A1A12
:10176000030C12FA8CF2C3EB1C4303EB224392B23C
:1017700042EA0342AF4241F8042B4FEA2343E9D245
:1017800058F8242008EB84036AB9043B984504D335
:1017900007E0984504F1FF3403D253F80429002AE6
:1017A000F7D0C9F81040304603B0BDE8F08F0020F4
:1017B00003B0BDE8F08F00BF2DE9F04F2DED028B97
:1017C0008FB08DED020B0191816B1A9D059357EC43
:1017D000106B0446934641B1C26B4A6001239340AB
:1017E0008B60FDF72DFC0023A363B7F10008B4BFA5
:1017F000012300232B60BE4BBCBF28F00048CDF86E
:101800000C8033EA080300F09F809DED028BB5EE5B
:10181000408BF1EE10FA11D1059A012313601B9B46
:10182000002B00F03F82B34B1B9A1360013B0093E7
:1018300000980FB0BDEC028BBDE8F08F0CAA0DA98B
:101840002046B0EE480BFDF727FF5FEA1853054628
:1018500040F09280DDE90C130B4403F23242202A5F
:1018600040F3FA82C2F1400208FA02F803F212428F
:10187000D64048EA060207EE102AB8EE477B581E0B
:1018800017EE906A53EC172B4FF0010AA6F1F8738C
:101890009FED913B9FED927B9FED935B06EE900A4F
:1018A00043EC122BB8EEE64BB7EE086B32EE466B0C
:1018B000A6EE037BA4EE057BFDEEC76BB5EEC07B09
:1018C000F1EE10FA16EE907A08D5B8EEE66BB4EEAB
:1018D000476BF1EE10FA18BF07F1FF37162F00F231
:1018E0004581854B03EBC70393ED007BB4EEC78BBB
:1018F000F1EE10FA57D5091A0023B1F1010807F1EA
:10190000FF370A9300F1398100230693002F52DA42
:10191000069B0497DB1B06937B420893019B092BD4
:101920004FF000074ED8052B40F39D82043B0193F6
:101930000026019B9A1E032A00F22581DFE812F09F
:10194000AA03A7039D037E03059AC8F3130842F276
:101950000F7358EA060813601ED11B9B002B00F082
:101960009185664B009308331B9A009813600FB063
:10197000BDEC028BBDE8F08F18EE906AC6F313063B
:10198000A3F2FF3053EC182B46F07F530C994FF025
:10199000000A43F440137BE71B9B002B40F03B8382
:1019A000574B009344E7091A0023B1F101080A9349
:1019B00000F1E380069300230893019B0497092B11
:1019C000B844B0D900230126019307964FF0FF39A0
:1019D0009B460021E163CDF82C902046FDF70AFBE1
:1019E0000090002800F04085009BA363B9F10E0F22
:1019F00000F2DC80002E00F0D980049B002B40F325
:101A0000DE833D4A03F00F0102EBC10292ED007B41
:101A10001A11DB0540F182833A4991ED086B02F01F
:101A20000F02032088EE065B5AB13649D60704D56B
:101A300091ED006B013027EE067B521001F1080199
:101A4000F4D185EE076B0A9B3BB1B7EE007BB4EE99
:101A5000C76BF1EE10FA00F1AE8407EE900AB8EE13
:101A6000E75BB1EE0C7BA5EE067B17EE902A51ECFE
:101A7000170BA2F15071B9F1000F00F08883049E9A
:101A80004A46079B002B00F04784B6EE003B1A4BFA
:101A9000FDEEC64B03EBC20CB8EEE47B36EE477BA3
:101AA0001CED026B83EE065B41EC160B14EE900A04
:101AB00035EE465B0099B4EEC75B3030F1EE10FABC
:101AC00001F8010B00F3AC84B7EE002BB2EE044B2F
:101AD0004FF0000C31E000BF61436F63A787D23F36
:101AE000B3C8608B288AC63FFB799F501344D33F0D
:101AF0000000F07F15170020A8020020240A002013
:101B0000300A0020800200200CF1010C94454DDACF
:101B100027EE047B25EE045BFDEEC76B16EE903AD4
:101B2000B8EEE63B303337EE437BB4EEC57BF1EEE7
:101B300010FA01F8013B00F1738432EE476BB4EE0A
:101B4000C56BF1EE10FADFD5009A049602E08A42E6
:101B500000F05084894611F8013D392BF7D001334C
:101B6000DBB20B70049B0133049355E1091A012386
:101B7000B1F101080A937FF5C7AEC1F101030693E5
:101B80004FF00008C2E60026E66331462046FDF726
:101B900031FA0090002800F06784009BA3634FF0A7
:101BA000FF330B9399460123B34607930D9A002AFE
:101BB00055DB04990E2952DCB74BBBF1000F03EB48
:101BC000C10393ED006B15DAB9F1000F12DC40F0A0
:101BD000F282B1EE047B26EE077BB4EEC78BF1EE0A
:101BE00010FACA464E4600F26D82DDF800806FEAB8
:101BF0000B0B70E288EE067BBDEEC77B009917EEFB
:101C0000103AB9F1010F03F13003B8EEC75B01F8E8
:101C1000013BA5EE468B00F03483B2EE044B01236A
:101C200011E088EE067BBDEEC77B013317EE102A6C
:101C30004B4502F13002B8EEC75B01F8012BA5EE6F
:101C4000468B00F01E8328EE048BB5EE408BF1EE40
:101C500010FAE6D1049B013304938946DCE0079B2C
:101C600043B3019B012B40F37682089B09F1FF3AB5
:101C7000534580F23F82089BCDF820A0AAEB0302D7
:101C800017444FF0000AB9F1000FC0F22583069BFC
:101C900009934B44C844069301212046FDF77CFA82
:101CA00006460CE07D4B009300980FB0BDEC028B14
:101CB000BDE8F08F069BDDF820A0079E0993099BE5
:101CC0006BB1B8F1000F0ADD434506991A46A8BF6B
:101CD0004246891A9B1A06910993A8EB0208089BB1
:101CE00063B1079B002B00F0A782BAF1000F00F34D
:101CF0000482089BB3EB0A0240F0FF8201212046D8
:101D0000FDF74AFA002F824600F3AF80019B012BBA
:101D100040F38781002308930120002F40F0B18019
:101D2000404410F01F0000F07A81C0F12002042A24
:101D300000F3888040F0F681069B002B05DD2946E4
:101D40001A462046FDF764FB0546B8F1000F05DD95
:101D5000514642462046FDF75BFB82460A9B002B1C
:101D600040F03F81B9F1000F40F32581079B002B24
:101D700040F0A380049B01330493DDF80080012729
:101D800007E0294600230A222046FDF763F90137C0
:101D9000054651462846FFF77BFCB94500F1300067
:101DA00008F8010BEDDCB9F1000F009ACCBFCB466F
:101DB0004FF0010B03469344002729460122204699
:101DC0000193FDF725FB51460546FDF799FB0028D9
:101DD00040F3AF811BF8013C009A0BF1FF3B04E09C
:101DE0005A4500F0B1811BF8013D392B0BF1010977
:101DF000F6D001338BF8003051462046FDF720F92C
:101E000056B12FB1B74203D039462046FDF718F935
:101E100031462046FDF714F929462046FDF710F912
:101E2000002389F80030DDE904231A601B9B002B96
:101E30003FF4FEAC0098C3F800900FB0BDEC028BED
:101E4000BDE8F08FC0F11C00069B03440693099B7C
:101E50000344099380446FE7C2F1200206FA02F2BC
:101E600007EE102A09E5012663E501463A462046B9
:101E7000FDF76EFA019B012B824640F3C5810023DA
:101E80000893DAF810200AEB82021069FDF734F9A2
:101E9000C0F1200044E700BFA80200201417002072
:101EA000314600230A222046FDF7D4F80B9B002B75
:101EB000064640F3CE8204979946099B002B05DD28
:101EC00031461A462046FDF7A3FA0646089B002B2A
:101ED00040F0EB81B046029B009F03F001027B1EA5
:101EE0004B440893019B0A92134309935146284699
:101EF000FFF7CEFB314683462846FDF701FB4246FD
:101F0000514681462046FDF71DFBC26801460BF194
:101F10003003002A42D1CDE906032846FDF7F0FA46
:101F2000069902902046FDF78BF8029A079B1AB992
:101F30000999002900F07E82B9F1000FC0F2838177
:101F4000019949EA01090A9951EA090900F07B81DE
:101F5000002A00F3C681089A3B7007F101099742F5
:101F6000CB4600F0C481294600230A222046FDF713
:101F700071F84645054631464FF000034FF00A021E
:101F8000204612D0FDF766F84146064600230A2295
:101F90002046FDF75FF84F468046A7E720460293AC
:101FA000FDF74EF8029B0122C6E7FDF753F84F46B6
:101FB000064680469AE7019B022B71DC079B002BAB
:101FC0007FF47BAF049B5146013328460493FFF70F
:101FD0005FFBDDF800B000F130030BF8013B002798
:101FE000EBE651462846FDF78BFA0028BFF6BAAE5D
:101FF000294600230A222046FDF72CF8049B5F1E89
:10200000079B0546002B7FF44BAF0B9B002B40F347
:1020100018829946B1E6BC4B00930333A4E41C201C
:1020200012E7DDE9020100287FF474AEC1F3130268
:10203000002A00F0F480029B08936DE601230793C9
:10204000049B5B4403F10109B9F1010FCC460B93EA
:10205000B8BF4FF0010C0021BCF1170FE1637FF70F
:10206000BCAC01200422520002F114036345014676
:1020700000F10100F7D9E163AFE401230793BBF15D
:10208000000F52DDCDF82CB0D946DC46E3E7002343
:102090000793D5E700230793F1E7DDF82C90049729
:1020A000B9F1000F7FF4A1AD51464B460522204601
:1020B000FCF7D0FF014682462846FDF721FA0028AA
:1020C0007FF793AD049B03F1010B009B31229846EF
:1020D00003F8012B009351462046FCF7B1FF0BF1AA
:1020E0000103DDF800900493CDF80080002E7FF40A
:1020F0008FAE91E6A3EB0A0AC5E53146524620466B
:10210000FDF726F92A46014606462046FDF772F8F5
:10211000294605462046FCF793FFEAE50220B0EE8B
:10212000485B81E4C0F13C008EE64FF0010BD946DC
:102130004FE403D1019BDB073FF54CAED9461BF8BA
:10214000013D302BFAD057E6049B009A01330493EB
:102150003123137050E6BAF1000F00F0238102F230
:102160003342069B09931344DDF820A00693904464
:1021700092E507EE900AB1EE0C5BB8EEE77BA6EEB7
:10218000075B15EE902A51EC150BA2F1507141EC52
:10219000150BB1EE047B36EE477BB4EEC57BF1EE5A
:1021A00010FA00F33781B1EE455BB4EEC57BF1EE7A
:1021B00010FA7FF5FBAC4FF0000A564615E500F02B
:1021C000F580049B51495A4202F00F0001EBC00117
:1021D00091ED006B121128EE066B00F04281B0EE1B
:1021E000467B4B4900260220D30705D591ED005BC5
:1021F0000130012627EE057B521001F10801F3D1D1
:10220000002E06FE076B1EE4029B002B7FF437AE08
:10221000DDE90201C1F31302002A40F037813D4A93
:102220000A40002A00F0FA80069B0133069301233E
:1022300008F1010808936FE52946089A2046FDF742
:1022400087F805465AE5002A12DD29460122204674
:102250000193FDF7DDF851460546FDF751F90028D9
:10226000019B40F3E180392B00F0CA800BF1310370
:10227000B94609F8013B049B0133374604934646AF
:10228000BAE538EE088BB4EEC68BF1EE10FA0ADC34
:10229000B4EE468BF1EE10FA7FF4DCAC17EE103A98
:1022A000D8077FF5D7AC009A54E471682046FCF754
:1022B000A1FE0746002800F0DE80336902339A0051
:1022C00006F10C010C30F7F735FC394601222046A7
:1022D000FDF79EF88046FEE5069BA3EB09030993F4
:1022E000DAE4392B00F08C80B9460133C1E7049A57
:1022F00001323746049246465FE529462046FDF7FF
:1023000027F80546FAE400BF300A0020A8020020A2
:10231000800200200000F07F5E4BFDEEC65B03EB09
:10232000C20C1CED023BB8EEE57B36EE477B41EC80
:10233000160B15EE901A23EE063B00983031012A59
:1023400000F8011B00F08380B2EE044B009B99184B
:1023500027EE047BFDEEC76B16EE903A303300F8A3
:10236000013B8142B8EEE65B37EE457BF0D1B6EE3D
:10237000006B33EE065BB4EEC75BF1EE10FA3FF58F
:10238000E3AB36EE436BB4EEC76BF1EE10FA7FF7BA
:102390000DAC8946013919F8013C302BF9D0731C7A
:1023A000049339E50C9AC2F13602DAE60220B0EE67
:1023B000486BFFF748BBB9F1000F3FF4DAAE0B9A58
:1023C000002A7FF7F3ABB2EE044B26EE046B01302C
:1023D00007EE900A049BB8EEE75BB1EE0C7BA6EE2D
:1023E000057B17EE90CA51EC170B5E1EACF15071D5
:1023F000FFF747BB049B013304933123FFF7B1BBC5
:10240000049BBB4601330493392337460BF8013B49
:102410004646E1E44FF0000A564653E608927BE454
:10242000731C04938946F7E47FF422AFDA077FF543
:102430001FAF18E7392BE3D0B9F1000F3FF716AF04
:1024400016E7019B022B3FF728AE0497BAE5014639
:102450008DE7019B022B3FF720AEDDF82C9004970F
:102460002BE50220FFF7EFBA0B4B0C48002240F29D
:10247000AF11FFF7EDF8084B08483A4640F2EF215C
:10248000FFF7E6F8064B0093FFF7D2B9029B0893DB
:10249000F7E400BFA8020020B0080020340A0020A2
:1024A000240A00202DE9F04F8BB0DDE9158A149F36
:1024B0000391814605921E46B8F1000F5CD0039B44
:1024C000002B5ED0059B1D68002F6AD0741E4EB392
:1024D000039B0493043D002601950BE0039B2BBB5B
:1024E000019B1A68002A3AD0BC455CD2013C631CAF
:1024F000664617D0D8F800300293019BDAF8E05016
:1025000053F8042F019307A943464846D8F804B06E
:10251000A847421C3AD000EB060CBC45DED9029B12
:10252000C8E9003B30460BB0BDE8F08F00280EDD57
:10253000049B019D18445A1E07A900F1FF3E11F8A3
:10254000013B02F8013F7245F9D101950490059BCA
:102550001A6804321A60019B1A68002AC4D1039BCE
:102560000BB1059B1A600CF1FF3600223046C8F80B
:1025700000200BB0BDE8F08F039B00F58678002BA0
:10258000A0D1059B4FF0FF371D689FE706468A21C3
:1025900000223046C9F80010C8F800200BB0BDE892
:1025A000F08F3E46BEE76646BCE700BF10B584B07C
:1025B000054C069800900798019004480068029422
:1025C000FFF770FF04B010BDE4260020702C00203F
:1025D0002DE9F04F9368176883B09246002B70D0B6
:1025E00081468A6808680C46083743E0A38913F4DB
:1025F000906F2ED0D4E90416A0EB010806EB460636
:1026000006EBD67608F1010076102844B042324637
:1026100084BF064632465B0537D511464846F9F772
:1026200013FF019000283AD042462169F7F782FA59
:10263000A289019B22F4906242F08002A281A6EB63
:10264000080203EB08006661A260236120602E4649
:10265000A84642465946FCF78DF8DAF80830A268D9
:102660002068921B40445B1BA2602060CAF80830BF
:102670003BB3083757E902B5002DFAD0AA421646F7
:102680009046B3D92E46A846E3E74846FAF796F9AE
:1026900003460028D3D121694846FCF747FBA389AC
:1026A0000C2243F04003C9F800204FF0FF30A38113
:1026B00000220023CAF80820CAF8043003B0BDE89D
:1026C000F08F00200023CAF8043003B0BDE8F08F7B
:1026D0005FF800F0891700605FF800F0251D0060CA
:1026E0005FF800F0AD1B00605FF800F0751D006042
:1026F0005FF800F0A51B00605FF800F02530006077
:102700005FF800F0F11700605FF800F00518006056
:102710005FF800F0311E00605FF800F0D91700602C
:102720005FF800F0011F00605FF800F0CD3000603E
:102730005FF800F0B11C00605FF800F0B9200060A5
:102740005FF800F0211800605FF800F0591D00608C
:102750005FF800F0A117006000000000000000001A
:04276000F8B500BF09
:1027640008B10181B0B0008400000000C88AFF7F76
:1027740001000000208EFF7FB0A90280B08EFF7F91
:10278400B0B0A880008FFF7F01000000088FFF7F9A
:10279400B0B0AA803C8FFF7FAE71B2800090FF7F03
:1027A400AB3F38806090FF7F010000006890FF7F9E
:1027B400B0B0AA80A490FF7F010000004491FF7F85
:1027C400AA0DB280C091FF7FB0AF08806094FF7FF4
:1027D400010000007094FF7FAD3F02801897FF7FD7
:1027E40001000000F498FF7F008404800899FF7FB3
:1027F400010000000499FF7FB0AD0480889BFF7F37
:0C28040060FFFF7F8C9BFF7F0100000045
:1028100000000000000000000000000000000000B8
:1028200000000000000000000000000000000000A8
:102830000000000000000000000000000000000098
:102840000000000000000000000000000000000088
:102850000000000000000000000000000000000078
:102860000000000000000000000000000000000068
:102870000000000000000000000000000000000058
:102880000000000000000000000000000000000048
:102890000000000000000000000000000000000038
:1028A0000000000000000000000000000000000028
:1028B0000000000000000000000000000000000018
:1028C0000000000000000000000000000000000008
:1028D00000000000000000000000000000000000F8
:1028E00000000000000000000000000000000000E8
:1028F00000000000000000000000000000000000D8
:1029000000000000000000000000000000000000C7
:1029100000000000000000000000000000000000B7
:1029200000000000000000000000000000000000A7
:102930000000000000000000000000000000000097
:102940000000000000000000000000000000000087
:102950000000000000000000000000000000000077
:102960000000000000000000000000000000000067
:102970000000000000000000000000000000000057
:102980000000000000000000000000000000000047
:102990000000000000000000000000000000000037
:1029A0000000000000000000000000000000000027
:1029B0000000000000000000000000000000000017
:1029C0000000000000000000000000000000000007
:1029D00000000000000000000000000000000000F7
:1029E00000000000000000000000000000000000E7
:1029F00000000000000000000000000000000000D7
:102A000000000000000000000000000000000000C6
:102A100000000000000000000000000000000000B6
:102A200000000000000000000000000000000000A6
:102A30000000000000000000000000000000000096
:102A40000000000000000000000000000000000086
:102A50000000000000000000000000000000000076
:102A60000000000000000000000000000000000066
:102A70000000000000000000000000000000000056
:102A80000000000000000000000000000000000046
:102A90000080E03779C34143176E05B5B5B893465A
:102AA000F5F93FE9034F384D321D30F94877825A26
:102AB0003CBF737FDD4F1575000000000000F03F44
:102AC0000000000000002440000000000000594009
:102AD0000000000000408F40000000000088C3405C
:102AE00000000000006AF8400000000080842E41D1
:102AF00000000000D01263410000000084D797411D
:102B00000000000065CDCD41000000205FA0024222
:102B1000000000E876483742000000A2941A6D4297
:102B2000000040E59C30A2420000901EC4BCD6428A
:102B300000003426F56B0C430080E03779C3414335
:102B400000A0D8855734764300C84E676DC1AB43AB
:102B5000003D9160E458E143408CB5781DAF1544C9
:102B600050EFE2D6E41A4B4492D54D06CFF08044A4
:102B7000F64AE1C7022DB544B49DD9794378EA44B9
:102B80002D2D2D2D20737461747573202D2D2D2DF9
:102B90000000000020206672656520686561703A5B
:102BA00020202020257520627974657300000000C4
:102BB000202071756575652077616974696E673A63
:102BC000202575206974656D730000002D2D2D2D55
:102BD0002D2D2D2D2D2D2D2D2D2D2D2D00000000D9
:102BE0005B436F6E73756D65725D207265636569B9
:102BF0007665643A20256C75000000005B50726FAA
:102C000064756365725D205741524E494E473A20C4
:102C100071756575652066756C6C2C206974656DC1
:102C20002064726F70706564000000005B50726F0A
:102C300064756365725D2073656E743A20256C75EA
:102C4000000000000000000000000000353300001C
:102C5000AD460000A9460000A5460000A1460000C0
:102C60009D4600009946000095460000764C697329
:102C700074496E736572740076506F727456616C2D
:102C80006964617465496E746572727570745072AE
:102C9000696F726974790000764C697374496E7358
:102CA000657274456E64000076506F727445786981
:102CB00074437269746963616C00000078517565D2
:102CC00075655265636569766500000078546173C7
:102CD0006B5072696F72697479446973696E686563
:102CE000726974007854696D657247657454696DD2
:102CF00065724461656D6F6E5461736B48616E649B
:102D00006C650000785461736B5072696F726974FE
:102D100079496E6865726974000000007854696DC5
:102D2000657247656E65726963436F6D6D616E6450
:102D300046726F6D5461736B0000000078517565C9
:102D4000756547656E6572696353656E6400000062
:102D5000707276496E697469616C6973654E6577E6
:102D600054696D6572000000785175657565546130
:102D70006B654D75746578526563757273697665B8
:102D800000000000785461736B436865636B466FA5
:102D90007254696D654F7574000000007851756557
:102DA0007565476976654D757465785265637572AA
:102DB000736976650000000070727650726F63650B
:102DC00073735265636569766564436F6D6D616E9B
:102DD0006473000078517565756547656E65726945
:102DE0006343726561746500785461736B52656DFD
:102DF0006F766546726F6D4576656E744C69737457
:102E0000000000007854696D6572437265617465F5
:102E100054696D65725461736B000000765175657D
:102E2000756544656C6574650000000076506F72CE
:102E300074456E746572437269746963616C0000F5
:102E400078517565756547656E657269634372652E
:102E50006174655374617469630000007654617332
:102E60006B506C6163654F6E4576656E744C69732B
:102E70007452657374726963746564007851756522
:102E8000756547656E6572696352657365740000A8
:102E9000765461736B506C6163654F6E4576656EF9
:102EA000744C697374000000765461736B537769D6
:102EB000746368436F6E746578740000785461734E
:102EC0006B496E6372656D656E745469636B000067
:102ED000785461736B47657449646C655461736BB6
:102EE00048616E646C6500007072765461736B4566
:102EF0007869744572726F720000000070635461EB
:102F0000736B4765744E616D6500000078546173A2
:102F10006B526573756D65416C6C0000765461731E
:102F20006B53746172745363686564756C65720089
:102F300076506F7274456E645363686564756C6532
:102F400072000000765461736B44656C6179000017
:102F500070727641646443757272656E7454617305
:102F60006B546F44656C617965644C6973740000DF
:102F700070727644656C65746554434200000000CD
:102F8000765461736B44656C65746500707276414C
:102F900064644E65775461736B546F5265616479F4
:102FA0004C69737400000000757851756575654D46
:102FB0006573736167657357616974696E67000053
:102FC000785461736B47656E657269634E6F74699F
:102FD000667946726F6D49535200000078506F72E7
:102FE0007453746172745363686564756C657200C0
:102FF000707276496E697469616C6973654E657744
:103000005461736B000000007072764372656174E6
:10301000655374617469635461736B0078546173B0
:103020006B47656E657269634E6F746966790000FF
:10303000785461736B47656E657269634E6F74692E
:1030400066795761697400007851756575655365D7
:103050006D6170686F726554616B65007654617361
:103060006B5072696F72697479446973696E6865CF
:10307000726974416674657254696D656F75740028
:103080002C2066756E6374696F6E3A200000000034
:10309000617373657274696F6E20222573222066D6
:1030A00061696C65643A2066696C6520222573222B
:1030B0002C206C696E65202564257325730A000039
:1030C00042616C6C6F6320737563636565646564EE
:1030D000000000002F646174612F6A656E6B696E79
:1030E000732F776F726B73706163652F474E552D29
:1030F000746F6F6C636861696E2F61726D2D313111
:103100002F7372632F6E65776C69622D63796777B1
:10311000696E2F6E65776C69622F6C6962632F73BD
:1031200074646C69622F6D707265632E63000000B9
:103130000020202020202020202028282828282087
:10314000202020202020202020202020202020207F
:1031500020881010101010101010101010101010E7
:1031600010040404040404040404041010101010D7
:1031700010104141414141410101010101010101A1
:1031800001010101010101010101010110101010F3
:103190001010424242424242020202020202020273
:1031A00002020202020202020202020210101010C7
:1031B00020000000000000000000000000000000EF
:1031C00000000000000000000000000000000000FF
:1031D00000000000000000000000000000000000EF
:1031E00000000000000000000000000000000000DF
:1031F00000000000000000000000000000000000CF
:1032000000000000000000000000000000000000BE
:1032100000000000000000000000000000000000AE
:10322000000000000000000000000000000000009E
:1032300000000000496E66696E6974790000000044
:103240004E614E002F646174612F6A656E6B696E0A
:10325000732F776F726B73706163652F474E552DB7
:10326000746F6F6C636861696E2F61726D2D31319F
:103270002F7372632F6E65776C69622D6379677740
:10328000696E2F6E65776C69622F6C6962632F734C
:1032900074646C69622F64746F612E6300000000B7
:1032A000494E4600696E66004E414E006E616E00EA
:1032B000303132333435363738394142434445466C
:1032C000000000003031323334353637383961622E
:1032D0006364656600000000286E756C6C29000050
:1032E00020202020202020202020202020202020DE
:1032F00020202020202020202020202020202020CE
:1033000000000042C8801F40B8821F400800000033
:1033100000000042C4801F40B4821F40040000002F
:1033200000C0004224801F4014821F401000000093
:1033300000C0004228801F4018821F40200000006B
:1033400000C000422C801F401C821F404000000033
:1033500000C0004234801F4024821F400001000052
:103360000040004264811F4054831F40000400005D
:103370000040004280811F4070831F400000020017
:10338000004000427C811F406C831F400000010010
:103390000040004268811F4058831F400008000021
:1033A000004000423C811F402C831F400100000070
:1033B0000040004244811F4034831F40040000004D
:1033C0000040004240811F4030831F400200000047
:1033D0000040004248811F4038831F400800000021
:1033E0000000004204811F40F4821F4000000400DE
:1033F0000000004208811F40F8821F4000000800C2
:103400000000004218811F4008831F400000800018
:103410000000004214811F4004831F400000400050
:103420000000004200811F40F0821F4000000200A7
:1034300000000042FC801F40EC821F4000000100A1
:103440000000004224811F4014831F40000000043C
:103450000000004228811F4018831F400000000820
:10346000000000421C811F400C831F40000000012F
:103470000000004220811F4010831F400000000216
:1034800000000042EC801F40DC821F400010000062
:1034900000000042F0801F40E0821F40002000003A
:1034A0000000004234811F4024831F400000004080
:1034B0000000004238811F4028831F400000008028
:1034C0000080004294801F4084821F40000004005E
:1034D00000C0004290801F4080821F40000000809A
:1034E00000800042A8801F4098821F40000080009A
:1034F00000800042A4801F4094821F4000004000D2
:10350000004000426C811F405C831F40001000009F
:1035100000C0004230801F4020821F408000000019
:1035200000400042B0811F40A0831F4000000020E7
:1035300000400042AC811F409C831F4000000010EF
:103540000040004284811F4074831F40000004003B
:103550000040004288811F4078831F40000008001F
:10356000000000422C811F401C831F4000000010FF
:103570000000004230811F4020831F4000000020D7
:10358000000000420C811F40FC821F400000100020
:103590000000004210811F4000831F4000002000F7
:1035A00000800042C8811F40B8831F400080000097
:1035B00000800042C4811F40B4831F4000400000CF
:1035C00000800042C0811F40B0831F4000200000E7
:1035D00000800042BC811F40AC831F4000100000EF
:1035E00000800042D0811F40C0831F4000000200C5
:1035F00000800042CC811F40BC831F4000000100BE
:1036000000C0004274801F4064821F40000000011F
:1036100000C0004280801F4070821F4000000008F0
:1036200000C0004284801F4074821F4000000010D0
:1036300000C000426C801F405C821F4000004000C0
:1036400000C000427C801F406C821F4000000004CC
:1036500000C0004278801F4068821F4000000002C6
:1036600000C0004288801F4078821F400000002078
:1036700005000000190000007D000000282028201F
:103680002820267853757370656E64656454617381
:103690006B4C697374202920292D3E784C69737412
:1036A000496E7465677269747956616C756531200D
:1036B0003D3D2030783561356135613561554C20AF
:1036C0002920262620282028202820267853757394
:1036D00070656E6465645461736B4C697374202902
:1036E00020292D3E784C697374496E746567726940
:1036F000747956616C756532203D3D2030783561B6
:10370000356135613561554C20290000282028207D
:103710002820262820707843757272656E74544391
:10372000422D3E7853746174654C697374497465B5
:103730006D2029202920292D3E784C697374497405
:10374000656D496E7465677269747956616C7565EB
:1037500031203D3D20307835613561356135615529
:103760004C202920262620282028202820262820F2
:10377000707843757272656E745443422D3E78536F
:10378000746174654C6973744974656D20292029CE
:1037900020292D3E784C6973744974656D496E74A7
:1037A00065677269747956616C756532203D3D209C
:1037B00030783561356135613561554C202900001F
:1037C00028202820282026282070785265616479D6
:1037D0005461736B734C697374735B202820707829
:1037E0004E657754434220292D3E75785072696F9B
:1037F00072697479205D2029202920292D3E784C7A
:10380000697374496E7465677269747956616C7511
:103810006531203D3D203078356135613561356158
:10382000554C2029202626202820282028202628FC
:1038300020707852656164795461736B734C69735D
:1038400074735B20282070784E657754434220299A
:103850002D3E75785072696F72697479205D2029E8
:10386000202920292D3E784C697374496E74656750
:103870007269747956616C756532203D3D203078EF
:103880003561356135613561554C202900000000F6
:10389000282028202820262820282070784E657788
:1038A00054434220292D3E7853746174654C6973EA
:1038B000744974656D2029202920292D3E784C6992
:1038C00073744974656D496E74656772697479566D
:1038D000616C756531203D3D20307835613561354D
:1038E000613561554C2029202626202820282028B3
:1038F00020262820282070784E65775443422029BE
:103900002D3E7853746174654C6973744974656DA8
:103910002029202920292D3E784C6973744974652B
:103920006D496E7465677269747956616C7565323C
:10393000203D3D2030783561356135613561554C2C
:103940002029000070785443422D3E756353746102
:10395000746963616C6C79416C6C6F6361746564EC
:10396000203D3D202820282075696E74385F742022
:10397000292032202900000075785072696F726921
:103980007479203C203130002820707854696D65AE
:10399000722D3E7854696D6572506572696F644925
:1039A0006E5469636B73203E2030202900000000B4
:1039B000785175657565436F756E74657220213D2C
:1039C000205F5F6E756C6C00766F69642073657440
:1039D0007570282900000000784D7574657853656E
:1039E0007269616C20213D205F5F6E756C6C000018
:1039F0003D3D3D2030325F71756575655F6D757455
:103A00006578203D3D3D000050726F6475636572BE
:103A100000000000785461736B437265617465281F
:103A20005461736B50726F64756365722C20225001
:103A3000726F6475636572222C203531322C205FE1
:103A40005F6E756C6C2C20322C205F5F6E756C6C19
:103A500029203D3D202820282028204261736554DC
:103A60007970655F74202920312029202900000009
:103A7000436F6E73756D657200000000785461735A
:103A80006B437265617465285461736B436F6E7329
:103A9000756D65722C2022436F6E73756D65722291
:103AA0002C203531322C205F5F6E756C6C2C2032EF
:103AB0002C205F5F6E756C6C29203D3D20282028EE
:103AC00020282042617365547970655F7420292035
:103AD00031202920290000005072696E746572003F
:103AE000785461736B437265617465285461736BBC
:103AF0005072696E7465722C20225072696E746502
:103B000072222C203531322C205F5F6E756C6C2C4C
:103B100020312C205F5F6E756C6C29203D3D202884
:103B2000202820282042617365547970655F7420D5
:103B300029203120292029004552524F523A207322
:103B400063686564756C6572206578697465642066
:103B5000E280942068616C742E00000075784372D6
:103B600069746963616C4E657374696E67203D3D6D
:103B7000207E30554C00000075784372697469638B
:103B8000616C4E657374696E67203D3D2031303045
:103B900030554C0028202A28202820766F6C61742C
:103BA000696C652075696E7433325F74202A202930
:103BB000203078453030306564303020292029208D
:103BC000213D20282030783431304643323731557A
:103BD0004C20290028202A28202820766F6C617428
:103BE000696C652075696E7433325F74202A2029F0
:103BF000203078453030306564303020292029204D
:103C0000213D20282030783431304643323730553A
:103C10004C20290075634D617853797343616C6C56
:103C20005072696F726974790000000028202820A2
:103C300032203C3C20282038202D203420292029E7
:103C400020262028207E75634D61785072696F723E
:103C500069747956616C756520292029203D3D20C5
:103C6000305500007078566563746F725461626CF1
:103C7000655B20282031312029205D203D3D2076C4
:103C8000506F727453564348616E646C65720000E5
:103C90007078566563746F725461626C655B20283E
:103CA0002031342029205D203D3D2078506F7274F2
:103CB00050656E64535648616E646C657200000016
:103CC000705F737461636B5F617267730000000003
:103CD000766F6964206672656572746F733A3A70C4
:103CE00072696E745F737461636B5F747261636534
:103CF000285461736B48616E646C655F74290000C1
:103D0000737461636B5F6172677300004C435F4360
:103D10004F4C4C41544500004C435F43545950456F
:103D2000000000004C435F4D4F4E45544152590036
:103D30004C435F4E554D4552494300004C435F5440
:103D4000494D45004C435F4D455353414745530052
:103D50007578496E646578546F576169744F6E2049
:103D60003C20340000010000742C002012000000F0
:103D700000060000246300600A000000000200004A
:103D8000C062006062000000000700005C6200602A
:103D900062000000EE030000B02C002012000000C2
:103DA000000004EE882C0020280000000003000022
:103DB00058620060000000000103090440620060D6
:103DC00000000000020309042862006000000000F7
:103DD00003030904C42C00200000000000000000C0
:103DE0000000000000000000785175657565000056
:103DF0002820282070784C69737420292D3E784C37
:103E0000697374496E7465677269747956616C750B
:103E10006531203D3D203078356135613561356152
:103E2000554C2029202626202820282070784C69EF
:103E3000737420292D3E784C697374496E746567DC
:103E40007269747956616C756532203D3D20307819
:103E50003561356135613561554C20290000000020
:103E60002820282070784E65774C697374497465F2
:103E70006D20292D3E784C6973744974656D496EC7
:103E80007465677269747956616C756531203D3D62
:103E90002030783561356135613561554C202920F8
:103EA0002626202820282070784E65774C69737468
:103EB0004974656D20292D3E784C69737449746589
:103EC0006D496E7465677269747956616C75653297
:103ED000203D3D2030783561356135613561554C87
:103EE00020290000282028202A28202820766F6CEE
:103EF0006174696C652075696E7433325F74202A51
:103F00002029203078653030306564303420292015
:103F100029202620282030784646554C2029202963
:103F2000203D3D203000000075784372697469635C
:103F3000616C4E657374696E67000000756343754C
:103F40007272656E745072696F72697479203E3D49
:103F50002075634D617853797343616C6C5072695D
:103F60006F72697479000000282028202A282028F0
:103F700020766F6C6174696C652075696E7433327C
:103F80005F74202A20292030784530303045443075
:103F90004320292029202620282030783037554CEE
:103FA000203C3C2038554C20292029203C3D2075C0
:103FB0006C4D617850524947524F555056616C755F
:103FC00065000000707854434220213D2028287667
:103FD0006F6964202A293029000000007578536336
:103FE000686564756C657253757370656E6465643D
:103FF000203D3D203000000070784576656E744CA1
:104000006973740075785363686564756C65725381
:10401000757370656E64656420213D2028205542CB
:10402000617365547970655F7420292030550000F4
:1040300028202820282070784576656E744C697396
:1040400074202920292D3E784C697374496E74655B
:10405000677269747956616C756531203D3D203019
:10406000783561356135613561554C20292026262A
:104070002028202820282070784576656E744C69A9
:104080007374202920292D3E784C697374496E740D
:1040900065677269747956616C756532203D3D20A3
:1040A00030783561356135613561554C2029000026
:1040B00028202820282026282070784375727265D1
:1040C0006E745443422D3E784576656E744C697328
:1040D000744974656D2029202920292D3E784C696A
:1040E00073744974656D496E746567726974795645
:1040F000616C756531203D3D203078356135613525
:10410000613561554C20292026262028202820288A
:1041100020262820707843757272656E745443426D
:104120002D3E784576656E744C6973744974656D7F
:104130002029202920292D3E784C69737449746503
:104140006D496E7465677269747956616C75653214
:10415000203D3D2030783561356135613561554C04
:1041600020290000707854434220213D207078437C
:10417000757272656E745443420000007078546921
:104180006D654F757400000049444C450000000007
:104190007852657475726E20213D2028202D3120C3
:1041A00029000000282028202628207078526561E8
:1041B00064795461736B734C697374735B207578A5
:1041C000546F705072696F72697479205D20292074
:1041D000292D3E75784E756D6265724F664974651E
:1041E0006D732029203E2030000000007078537449
:1041F0006174696351756575650000007853697A6B
:1042000065203D3D2073697A656F6628205175658C
:1042100075655F742029000070784E65775175656B
:104220007565000070785175657565007852657424
:1042300075726E20213D202820282028204261739D
:1042400065547970655F7420292030202920290069
:10425000212820282070764974656D546F5175654A
:104260007565203D3D202828766F6964202A293015
:10427000292029202626202820707851756575650B
:104280002D3E75784974656D53697A6520213D200E
:1042900028205542617365547970655F7420292028
:1042A0003055202920290000212820282078436F1C
:1042B0007079506F736974696F6E203D3D202820BE
:1042C000282042617365547970655F74202920321B
:1042D00020292029202626202820707851756575F0
:1042E000652D3E75784C656E67746820213D2031E0
:1042F000202920290000000021282028207854614E
:10430000736B4765745363686564756C6572537449
:104310006174652829203D3D2028202820426173B2
:1043200065547970655F7420292030202920292068
:104330002626202820785469636B73546F5761696F
:104340007420213D203020292029000070785175EB
:104350006575652D3E75784974656D53697A65207C
:104360003D3D203000000000212820282070785199
:10437000756575652D3E706348656164203D3D201F
:104380002828766F6964202A2930292029202626AA
:10439000202820707851756575652D3E752E7853EF
:1043A000656D6170686F72652E784D7574657848BB
:1043B0006F6C64657220213D202828766F69642027
:1043C0002A293029202920290000000070784D7505
:1043D000746578002820707851756575652029000E
:1043E0002128202820282070764275666665722074
:1043F00029203D3D202828766F6964202A2930290C
:1044000020292026262028202820707851756575BF
:104410006520292D3E75784974656D53697A65204C
:10442000213D2028205542617365547970655F7481
:104430002029203055202920290000007078546957
:10444000636B73546F576169740000007075785323
:104450007461636B42756666657220213D20282871
:10446000766F6964202A2930290000007078546131
:10447000736B42756666657220213D202828766F31
:104480006964202A293029007853697A65203D3DE6
:104490002073697A656F6628205443425F7420292F
:1044A00000000000707850726576696F757357610F
:1044B0006B6554696D65000028207854696D654905
:1044C0006E6372656D656E74203E20305520290044
:1044D00075785363686564756C6572537573706540
:1044E0006E646564203D3D20315500007578496E4D
:1044F000646578546F4E6F74696679203C2034008F
:10450000785461736B546F4E6F7469667900000064
:10451000785469636B436F756E74203D3D2028208D
:104520005469636B547970655F74202920300000F2
:104530002820282026282070785443422D3E784594
:1045400076656E744C6973744974656D20292029F1
:104550002D3E7078436F6E7461696E6572202920FC
:104560003D3D202828766F6964202A2930290000E3
:1045700028202820282026282070785443422D3EC9
:10458000784576656E744C6973744974656D20293D
:10459000202920292D3E784C6973744974656D4932
:1045A0006E7465677269747956616C756531203D0A
:1045B0003D2030783561356135613561554C2029B4
:1045C00020262620282028202820262820707854DD
:1045D00043422D3E784576656E744C697374497418
:1045E000656D2029202920292D3E784C6973744956
:1045F00074656D496E7465677269747956616C751E
:104600006532203D3D203078356135613561356159
:10461000554C20290000000028207849646C65541E
:1046200061736B48616E646C65735B2030205D2044
:10463000213D202828766F6964202A2930292029E5
:1046400000000000282028202820282070784465B9
:104650006C617965645461736B4C69737420292DA6
:104660003E75784E756D6265724F664974656D73FF
:10467000203D3D2028205542617365547970655F67
:1046800074202920302029203F2028202820426122
:104690007365547970655F74202920312029203A90
:1046A000202820282042617365547970655F74204A
:1046B0002920302029202920290000002820282016
:1046C0002820262820707852656164795461736BC4
:1046D000734C697374735B202820707854434220B4
:1046E000292D3E75785072696F72697479205D204A
:1046F00029202920292D3E784C697374496E7465F0
:10470000677269747956616C756531203D3D203062
:10471000783561356135613561554C202920262673
:1047200020282028202820262820707852656164BF
:10473000795461736B734C697374735B20282070B8
:104740007854434220292D3E75785072696F726902
:104750007479205D2029202920292D3E784C697309
:1047600074496E7465677269747956616C756532E7
:10477000203D3D2030783561356135613561554CDE
:1047800020290000282028202820262820282070E2
:104790007854434220292D3E7853746174654C69E6
:1047A00073744974656D2029202920292D3E784C89
:1047B0006973744974656D496E746567726974795B
:1047C00056616C756531203D3D203078356135612D
:1047D00035613561554C20292026262028202820A7
:1047E00028202628202820707854434220292D3E56
:1047F0007853746174654C6973744974656D2029CC
:10480000202920292D3E784C6973744974656D49BF
:104810006E7465677269747956616C756532203D96
:104820003D2030783561356135613561554C202941
:10483000000000007078544342203D3D20707843D2
:10484000757272656E745443420000007078544370
:10485000422D3E75784D75746578657348656C6456
:1048600000000000282028202820262820707852C8
:10487000656164795461736B734C697374735B2005
:10488000282070784D75746578486F6C6465725433
:10489000434220292D3E75785072696F7269747990
:1048A000205D2029202920292D3E784C69737449E8
:1048B0006E7465677269747956616C756531203DF7
:1048C0003D2030783561356135613561554C2029A1
:1048D00020262620282028202820262820707852CC
:1048E000656164795461736B734C697374735B2095
:1048F000282070784D75746578486F6C64657254C3
:10490000434220292D3E75785072696F726974791F
:10491000205D2029202920292D3E784C6973744977
:104920006E7465677269747956616C756532203D85
:104930003D2030783561356135613561554C202930
:104940000000000028202820282026282028207069
:10495000784D75746578486F6C6465725443422075
:10496000292D3E7853746174654C6973744974657C
:104970006D2029202920292D3E784C6973744974B3
:10498000656D496E7465677269747956616C756599
:1049900031203D3D203078356135613561356155D7
:1049A0004C202920262620282028202820262820A0
:1049B000282070784D75746578486F6C6465725402
:1049C000434220292D3E7853746174654C69737499
:1049D0004974656D2029202920292D3E784C697362
:1049E000744974656D496E7465677269747956614E
:1049F0006C756532203D3D2030783561356135611B
:104A00003561554C202900007078556E626C6F63DB
:104A10006B65645443420000282028202820262863
:104A200020707852656164795461736B734C69735B
:104A300074735B2028207078556E626C6F636B65B1
:104A40006454434220292D3E75785072696F726913
:104A50007479205D2029202920292D3E784C697306
:104A600074496E7465677269747956616C756531E5
:104A7000203D3D2030783561356135613561554CDB
:104A8000202920262620282028202820262820709B
:104A90007852656164795461736B734C6973747394
:104AA0005B2028207078556E626C6F636B65645470
:104AB000434220292D3E75785072696F726974796E
:104AC000205D2029202920292D3E784C69737449C6
:104AD0006E7465677269747956616C756532203DD4
:104AE0003D2030783561356135613561554C20297F
:104AF00000000000282028202820262820282070B8
:104B000078556E626C6F636B656454434220292D47
:104B10003E7853746174654C6973744974656D2093
:104B200029202920292D3E784C6973744974656DBC
:104B3000496E7465677269747956616C7565312068
:104B40003D3D2030783561356135613561554C200A
:104B50002920262620282028202820262820282012
:104B60007078556E626C6F636B65645443422029A4
:104B70002D3E7853746174654C6973744974656D26
:104B80002029202920292D3E784C697374497465A9
:104B90006D496E7465677269747956616C756532BA
:104BA000203D3D2030783561356135613561554CAA
:104BB0002029000028202820282026282078506539
:104BC0006E64696E6752656164794C6973742029FB
:104BD000202920292D3E784C697374496E746567CD
:104BE0007269747956616C756531203D3D2030786D
:104BF0003561356135613561554C202920262620E7
:104C00002820282028202628207850656E64696E88
:104C10006752656164794C697374202920292029C1
:104C20002D3E784C697374496E7465677269747946
:104C300056616C756532203D3D20307835613561B7
:104C400035613561554C20290000000028202820BE
:104C500028202628207078556E626C6F636B65641F
:104C60005443422D3E784576656E744C69737449A1
:104C700074656D2029202920292D3E784C69737494
:104C80004974656D496E7465677269747956616CB3
:104C9000756531203D3D20307835613561356135B0
:104CA00061554C202920262620282028202820262F
:104CB00028207078556E626C6F636B656454434254
:104CC0002D3E784576656E744C6973744974656DD4
:104CD0002029202920292D3E784C69737449746558
:104CE0006D496E7465677269747956616C75653269
:104CF000203D3D2030783561356135613561554C59
:104D00002029000075785363686564756C6572537B
:104D1000757370656E64656420213D203055000018
:104D200028207854696D6572506572696F64496EA8
:104D30005469636B73203E2030202900546D72202B
:104D4000537663007852657475726E0078436F6DA8
:104D50006D616E644944203C202820282042617304
:104D600065547970655F7420292036202900000081
:104D700028207854696D65725461736B48616E6464
:104D80006C6520213D202828766F6964202A29300F
:104D90002920290030303030303030303030303061
:104DA0003030303030303030303030303030303003
:104DB000303030300000000000000000C44300200C
:104DC0002C4400209444002000000000000000005B
:104DD00000000000000000000000000000000000D3
:104DE00000000000000000000000000000000000C3
:104DF00000000000000000000000000000000000B3
:104E000000000000000000000000000000000000A2
:104E10000000000000000000000000000000000092
:104E20000000000000000000000000000000000082
:104E30000000000000000000000000000000000072
:104E40000000000000000000000000000000000062
:104E500001000000000000000E33CDAB34126DE6FF
:104E6000ECDE05000B000000000000000000000068
:104E70000000000000000000000000000000000032
:104E80000000000000000000000000000000000022
:104E90000000000000000000000000000000000012
:104EA0000000000000000000000000000000000002
:104EB00000000000000000000000000000000000F2
:104EC00000000000000000000000000000000000E2
:104ED00000000000000000000029DE07007B9A1798
:104EE0003C04002000000000E80300000000000077
:104EF00000FF000043000000000000000000000070
:104F000000000000000000000000000000000000A1
:104F1000000000004300000000000000000000004E
:104F20000000000000000000000000000000000081
:104F3000000000004300000000000000000000002E
:104F40000000000000000000000000000000000061
:104F5000000000004300000000000000000000000E
:104F60000000000000000000000000000000000041
:104F700000000000430000000000000000000000EE
:104F80000000000000000000000000000000000021
:104F900000000000430000000000000000000000CE
:104FA0000000000000000000000000000000000001
:104FB00000000000430000000000000000000000AE
:104FC00000000000000000000000000000000000E1
:104FD000000000003D940000998C000000000000DB
:104FE00020090020481300207C0800207C080020B5
:104FF0007C0800207C0800207C0800207C08002021
:105000007C0800207C0800207C080020FFFFFFFFB8
:10501000FFFFFFFFFFFFFFFFFFFF00000100415305
:1050200043494900000000000000000000000000AB
:1050300000000000000000000000000000004153DC
:10504000434949000000000000000000000000008B
:105050000000000000000000000000000000000050
:105060000000000000000000502800205028002010
:1050700058280020582800206028002060280020A0
:105080006828002068280020702800207028002050
:105090007828002078280020802800208028002000
:1050A00088280020882800209028002090280020B0
:1050B0009828002098280020A0280020A028002060
:1050C000A8280020A8280020B0280020B028002010
:1050D000B8280020B8280020C0280020C0280020C0
:1050E000C8280020C8280020D0280020D028002070
:1050F000D8280020D8280020E0280020E028002020
:10510000E8280020E8280020F0280020F0280020CF
:10511000F8280020F828002000290020002900207D
:10512000082900200829002010290020102900202B
:1051300018290020182900202029002020290020DB
:10514000282900202829002030290020302900208B
:10515000382900203829002040290020402900203B
:1051600048290020482900205029002050290020EB
:10517000582900205829002060290020602900209B
:10518000682900206829002070290020702900204B
:1051900078290020782900208029002080290020FB
:1051A00088290020882900209029002090290020AB
:1051B0009829002098290020A0290020A02900205B
:1051C000A8290020A8290020B0290020B02900200B
:1051D000B8290020B8290020C0290020C0290020BB
:1051E000C8290020C8290020D0290020D02900206B
:1051F000D8290020D8290020E0290020E02900201B
:10520000E8290020E8290020F0290020F0290020CA
:10521000F8290020F8290020002A0020002A002078
:10522000082A0020082A0020102A0020102A002026
:10523000182A0020182A0020202A0020202A0020D6
:10524000282A0020282A0020302A0020302A002086
:10525000382A0020382A0020402A0020402A002036
:10526000482A0020482A0020502A0020502A0020E6
:10527000582A0020582A0020602A0020602A002096
:10528000682A0020682A0020702A0020702A002046
:10529000782A0020782A0020802A0020802A0020F6
:1052A000882A0020882A0020902A0020902A0020A6
:1052B000982A0020982A0020A02A0020A02A002056
:1052C000A82A0020A82A0020B02A0020B02A002006
:1052D000B82A0020B82A0020C02A0020C02A0020B6
:1052E000C82A0020C82A0020D02A0020D02A002066
:1052F000D82A0020D82A0020E02A0020E02A002016
:10530000E82A0020E82A0020F02A0020F02A0020C5
:10531000F82A0020F82A0020002B0020002B002073
:10532000082B0020082B0020102B0020102B002021
:10533000182B0020182B0020202B0020202B0020D1
:10534000282B0020282B0020302B0020302B002081
:10535000382B0020382B0020402B0020402B002031
:10536000482B0020482B0020502B0020502B0020E1
:10537000582B0020582B0020602B0020602B002091
:10538000682B0020682B0020702B0020702B002041
:10539000782B0020782B0020802B0020802B0020F1
:1053A000882B0020882B0020902B0020902B0020A1
:1053B000982B0020982B0020A02B0020A02B002051
:1053C000A82B0020A82B0020B02B0020B02B002001
:1053D000B82B0020B82B0020C02B0020C02B0020B1
:1053E000C82B0020C82B0020D02B0020D02B002061
:1053F000D82B0020D82B0020E02B0020E02B002011
:10540000E82B0020E82B0020F02B0020F02B0020C0
:10541000F82B0020F82B0020002C0020002C00206E
:10542000082C0020082C0020102C0020102C00201C
:10543000182C0020182C0020202C0020202C0020CC
:10544000282C0020282C0020302C0020302C00207C
:10545000382C0020382C0020402C0020402C00202C
:10546000482C0020482C0020FFFFFFFF0000020016
:105470000000000003000000C4430020A0490020F9
:10548000A825002012010002EF020140C01683048B
:105490008002010203010000280000000001040056
:1054A0000100000000000000020157494E55534220
:1054B00000000000000000000000000000000000EC
:1054C00012034D00530046005400310030003000FC
:1054D000F80000000C0300000000000000000000C5
:1054E000000000000000000000000000AAAAAAAA14
:1054F00009000000000000000000000000000000A3
:10550000000000000000000000000000000000009B
:10551000000000000000000000000000000000008B
:10552000000000000000000000000000000000007B
:10553000000000000000000000000000000000006B
:10554000000000000000000000000000000000005B
:10555000000000000000000000000000000000004B
:10556000000000000000000000000000000000003B
:10557000000000000000000000000000000000002B
:10558000000000000000000000000000000000001B
:10559000000000000000000000000000000000000B
:1055A00000000000000000000000000000000000FB
:1055B00000000000000000000000000000000000EB
:1055C00000000000000000000000000000000000DB
:1055D00000000000000000000000000000000000CB
:1055E00000000000000000000000000000000000BB
:1055F00000000000000000000000000000000000AB
:10560000000000000000000000000000000000009A
:10561000000000000000000000000000000000008A
:10562000000000000000000000000000000000007A
:10563000000000000000000000000000000000006A
:10564000000000000000000000000000000000005A
:10565000000000000000000000000000000000004A
:10566000000000000000000000000000000000003A
:10567000000000000000000000000000000000002A
:10568000000000000000000000000000000000001A
:10569000000000000000000000000000000000000A
:1056A00000000000000000000000000000000000FA
:1056B00000000000000000000000000000000000EA
:1056C00000000000000000000000000000000000DA
:1056D00000000000000000000000000000000000CA
:1056E00000000000000000000000000000000000BA
:1056F00000000000000000000000000000000000AA
:105700000000000000000000000000000000000099
:105710000000000000000000000000000000000089
:105720000000000000000000000000000000000079
:105730000000000000000000000000000000000069
:105740000000000000000000000000000000000059
:105750000000000000000000000000000000000049
:105760000000000000000000000000000000000039
:105770000000000000000000000000000000000029
:105780000000000000000000000000000000000019
:105790000000000000000000000000000000000009
:1057A00000000000000000000000000000000000F9
:1057B00000000000000000000000000000000000E9
:1057C00000000000000000000000000000000000D9
:1057D00000000000000000000000000000000000C9
:1057E00000000000000000000000000000000000B9
:1057F00000000000000000000000000000000000A9
:105800000000000000000000000000000000000098
:105810000000000000000000000000000000000088
:105820000000000000000000000000000000000078
:105830000000000000000000000000000000000068
:105840000000000000000000000000000000000058
:105850000000000000000000000000000000000048
:105860000000000000000000000000000000000038
:105870000000000000000000000000000000000028
:105880000000000000000000000000000000000018
:105890000000000000000000000000000000000008
:1058A00000000000000000000000000000000000F8
:1058B00000000000000000000000000000000000E8
:1058C00000000000000000000000000000000000D8
:1058D00000000000000000000000000000000000C8
:1058E00000000000000000000000000000000000B8
:1058F00000000000000000000000000000000000A8
:105900000000000000000000000000000000000097
:105910000000000000000000000000000000000087
:105920000000000000000000000000000000000077
:105930000000000000000000000000000000000067
:105940000000000000000000000000000000000057
:105950000000000000000000000000000000000047
:105960000000000000000000000000000000000037
:105970000000000000000000000000000000000027
:105980000000000000000000000000000000000017
:105990000000000000000000000000000000000007
:1059A00000000000000000000000000000000000F7
:1059B00000000000000000000000000000000000E7
:1059C00000000000000000000000000000000000D7
:1059D00000000000000000000000000000000000C7
:1059E00000000000000000000000000000000000B7
:1059F00000000000000000000000000000000000A7
:105A00000000000000000000000000000000000096
:105A10000000000000000000000000000000000086
:105A20000000000000000000000000000000000076
:105A30000000000000000000000000000000000066
:105A40000000000000000000000000000000000056
:105A50000000000000000000000000000000000046
:105A60000000000000000000000000000000000036
:105A70000000000000000000000000000000000026
:105A80000000000000000000000000000000000016
:105A90000000000000000000000000000000000006
:105AA00000000000000000000000000000000000F6
:105AB00000000000000000000000000000000000E6
:105AC00000000000000000000000000000000000D6
:105AD000FFFFFFFFFFFFFFFFFFFFFFFFFFFFFFFFD6
:105AE000FFFFFFFFFFFFFFFFFFFFFFFFFFFFFFFFC6
:105AF000FFFFFFFFFFFFFFFFFFFFFFFFFFFFFFFFB6
:105B0000FFFFFFFFFFFFFFFFFFFFFFFFFFFFFFFFA5
:105B1000FFFFFFFFFFFFFFFFFFFFFFFFFFFFFFFF95
:105B2000FFFFFFFFFFFFFFFFFFFFFFFFFFFFFFFF85
:105B3000FFFFFFFFFFFFFFFFFFFFFFFFFFFFFFFF75
:105B4000FFFFFFFFFFFFFFFFFFFFFFFFFFFFFFFF65
:105B5000FFFFFFFFFFFFFFFFFFFFFFFFFFFFFFFF55
:105B6000FFFFFFFFFFFFFFFFFFFFFFFFFFFFFFFF45
:105B7000FFFFFFFFFFFFFFFFFFFFFFFFFFFFFFFF35
:105B8000FFFFFFFFFFFFFFFFFFFFFFFFFFFFFFFF25
:105B9000FFFFFFFFFFFFFFFFFFFFFFFFFFFFFFFF15
:105BA000FFFFFFFFFFFFFFFFFFFFFFFFFFFFFFFF05
:105BB000FFFFFFFFFFFFFFFFFFFFFFFFFFFFFFFFF5
:105BC000FFFFFFFFFFFFFFFFFFFFFFFFFFFFFFFFE5
:105BD000FFFFFFFFFFFFFFFFFFFFFFFFFFFFFFFFD5
:105BE000FFFFFFFFFFFFFFFFFFFFFFFFFFFFFFFFC5
:105BF000FFFFFFFFFFFFFFFFFFFFFFFFFFFFFFFFB5
:105C00000000000000000000000000000000000094
:105C10000000000000000000000000000000000084
:105C20000000000000000000000000000000000074
:105C30000000000000000000000000000000000064
:105C40000000000000000000000000000000000054
:105C50000000000000000000000000000000000044
:105C60000000000000000000000000000000000034
:105C70000000000000000000000000000000000024
:105C80000000000000000000000000000000000014
:105C90000000000000000000000000000000000004
:105CA00000000000000000000000000000000000F4
:105CB00000000000000000000000000000000000E4
:105CC00000000000000000000000000000000000D4
:105CD00000000000000000000000000000000000C4
:105CE00000000000000000000000000000000000B4
:105CF00000000000000000000000000000000000A4
:105D00000000000000000000000000000000000093
:105D10000000000000000000000000000000000083
:105D20000000000000000000000000000000000073
:105D30000000000000000000000000000000000063
:105D40000000000000000000000000000000000053
:105D50000000000000000000000000000000000043
:105D60000000000000000000000000000000000033
:105D70000000000000000000000000000000000023
:105D80000000000000000000000000000000000013
:105D90000000000000000000000000000000000003
:105DA00000000000000000000000000000000000F3
:105DB00000000000000000000000000000000000E3
:105DC00000000000000000000000000000000000D3
:105DD00000000000000000000000000000000000C3
:105DE00000000000000000000000000000000000B3
:105DF00000000000000000000000000000000000A3
:105E00000000000000000000000000000000000092
:105E10000000000000000000000000000000000082
:105E20000000000000000000000000000000000072
:105E30000000000000000000000000000000000062
:105E40000000000000000000000000000000000052
:105E50000000000000000000000000000000000042
:105E60000000000000000000000000000000000032
:105E70000000000000000000000000000000000022
:105E80000000000000000000000000000000000012
:105E90000000000000000000000000000000000002
:105EA00000000000000000000000000000000000F2
:105EB00000000000000000000000000000000000E2
:105EC00000000000000000000000000000000000D2
:105ED00000000000000000000000000000000000C2
:105EE00000000000000000000000000000000000B2
:105EF00000000000000000000000000000000000A2
:105F00000000000000000000000000000000000091
:105F10000000000000000000000000000000000081
:105F20000000000000000000000000000000000071
:105F30000000000000000000000000000000000061
:105F40000000000000000000000000000000000051
:105F50000000000000000000000000000000000041
:105F60000000000000000000000000000000000031
:105F70000000000000000000000000000000000021
:105F80000000000000000000000000000000000011
:105F90000000000000000000000000000000000001
:105FA00000000000000000000000000000000000F1
:105FB00000000000000000000000000000000000E1
:105FC00000000000000000000000000000000000D1
:105FD00000000000000000000000000000000000C1
:105FE00000000000000000000000000000000000B1
:105FF00000000000000000000000000000000000A1
:106000000000000000000000000000000000000090
:106010000000000000000000000000000000000080
:106020000000000000000000000000000000000070
:106030000000000000000000000000000000000060
:106040000000000000000000000000000000000050
:106050000000000000000000000000000000000040
:106060000000000000000000000000000000000030
:106070000000000000000000000000000000000020
:106080000000000000000000000000000000000010
:106090000000000000000000000000000000000000
:1060A00000000000000000000000000000000000F0
:1060B00000000000000000000000000000000000E0
:1060C00000000000000000000000000000000000D0
:1060D00000000000000000000000000000000000C0
:1060E00000000000000000000000000000000000B0
:1060F00000000000000000000000000000000000A0
:10610000000000000000000000000000000000008F
:10611000000000000000000000000000000000007F
:10612000000000000000000000000000000000006F
:10613000000000000000000000000000000000005F
:10614000000000000000000000000000000000004F
:10615000000000000000000000000000000000003F
:10616000000000000000000000000000000000002F
:10617000000000000000000000000000000000001F
:10618000000000000000000000000000000000000F
:1061900000000000000000000000000000000000FF
:1061A00000000000000000000000000000000000EF
:1061B00000000000000000000000000000000000DF
:1061C00000000000000000000000000000000000CF
:1061D00000000000000000000000000000000000BF
:1061E00000000000000000000000000000000000AF
:1061F000000000000000000000000000000000009F
:10620000000000000000000000000000000000008E
:10621000000000000000000000000000000000007E
:10622000000000000000000000000000000000006E
:10623000000000000000000000000000000000005E
:10624000000000000000000000000000000000004E
:10625000000000000000000000000000000000003E
:10626000000000000000000000000000000000002E
:10627000000000000000000000000000000000001E
:10628000000000000000000000000000000000000E
:1062900000000000000000000000000000000000FE
:1062A00000000000000000000000000000000000EE
:1062B00000000000000000000000000000000000DE
:1062C00000000000000000000000000000000000CE
:1062D00000000000000000000000000000000000BE
:1062E00000000000000000000000000000000000AE
:1062F000000000000000000000000000000000009E
:10630000000000000000000000000000000000008D
:10631000000000000000000000000000000000007D
:10632000000000000000000000000000000000006D
:10633000000000000000000000000000000000005D
:10634000000000000000000000000000000000004D
:10635000000000000000000000000000000000003D
:10636000000000000000000000000000000000002D
:10637000000000000000000000000000000000001D
:10638000000000000000000000000000000000000D
:1063900000000000000000000000000000000000FD
:1063A00000000000000000000000000000000000ED
:1063B00000000000000000000000000000000000DD
:1063C00000000000000000000000000000000000CD
:1063D00000000000000000000000000000000000BD
:1063E00000000000000000000000000000000000AD
:1063F000000000000000000000000000000000009D
:10640000000000000000000000000000000000008C
:10641000000000000000000000000000000000007C
:10642000000000000000000000000000000000006C
:10643000000000000000000000000000000000005C
:10644000000000000000000000000000000000004C
:10645000000000000000000000000000000000003C
:10646000000000000000000000000000000000002C
:10647000000000000000000000000000000000001C
:10648000000000000000000000000000000000000C
:1064900000000000000000000000000000000000FC
:1064A00000000000000000000000000000000000EC
:1064B00000000000000000000000000000000000DC
:1064C00000000000000000000000000000000000CC
:1064D00000000000000000000000000000000000BC
:1064E00000000000000000000000000000000000AC
:1064F000000000000000000000000000000000009C
:10650000000000000000000000000000000000008B
:10651000000000000000000000000000000000007B
:10652000000000000000000000000000000000006B
:10653000000000000000000000000000000000005B
:10654000000000000000000000000000000000004B
:10655000000000000000000000000000000000003B
:10656000000000000000000000000000000000002B
:10657000000000000000000000000000000000001B
:10658000000000000000000000000000000000000B
:1065900000000000000000000000000000000000FB
:1065A00000000000000000000000000000000000EB
:1065B00000000000000000000000000000000000DB
:1065C00000000000000000000000000000000000CB
:1065D00000000000000000000000000000000000BB
:1065E00000000000000000000000000000000000AB
:1065F000000000000000000000000000000000009B
:10660000000000000000000000000000000000008A
:10661000000000000000000000000000000000007A
:10662000000000000000000000000000000000006A
:10663000000000000000000000000000000000005A
:10664000000000000000000000000000000000004A
:10665000000000000000000000000000000000003A
:10666000000000000000000000000000000000002A
:10667000000000000000000000000000000000001A
:10668000000000000000000000000000000000000A
:1066900000000000000000000000000000000000FA
:1066A00000000000000000000000000000000000EA
:1066B00000000000000000000000000000000000DA
:1066C00000000000000000000000000000000000CA
:1066D00000000000000000000000000000000000BA
:1066E00000000000000000000000000000000000AA
:1066F000000000000000000000000000000000009A
:106700000000000000000000000000000000000089
:106710000000000000000000000000000000000079
:106720000000000000000000000000000000000069
:106730000000000000000000000000000000000059
:106740000000000000000000000000000000000049
:106750000000000000000000000000000000000039
:106760000000000000000000000000000000000029
:106770000000000000000000000000000000000019
:106780000000000000000000000000000000000009
:1067900000000000000000000000000000000000F9
:1067A00000000000000000000000000000000000E9
:1067B00000000000000000000000000000000000D9
:1067C00000000000000000000000000000000000C9
:1067D00000000000000000000000000000000000B9
:1067E00000000000000000000000000000000000A9
:1067F0000000000000000000000000000000000099
:040000056000100087
:00000001FF
